계정항목,2016/Q1,2016/Q2,2016/Q3,2016/Q4,2017/Q1,2017/Q2,2017/Q3,2017/Q4,2018/Q1,2018/Q2,2018/Q3,2018/Q4,2019/Q1,2019/Q2,2019/Q3,2019/Q4,2020/Q1,2020/Q2,2020/Q3,2020/Q4,2021/Q1,2021/Q2,2021/Q3,2021/Q4,2022/Q1,2022/Q2,2022/Q3,2022/Q4,2023/Q1,2023/Q2,2023/Q3,2023/Q4,2024/Q1,2024/Q2,2024/Q3,2024/Q4
농림어업,"8,594.9 ","8,375.3 ","8,373.7 ","8,322.1 ","8,174.6 ","8,629.8 ","8,660.2 ","8,622.1 ","8,502.5 ","8,602.1 ","8,290.7 ","8,427.5 ","8,776.9 ","8,821.8 ","8,744.0 ","8,465.9 ","8,316.0 ","8,098.4 ","7,944.7 ","8,122.6 ","8,499.2 ","8,022.4 ","8,488.8 ","8,588.2 ","8,537.4 ","8,347.7 ","8,445.1 ","8,536.1 ","8,244.8 ","8,455.3 ","8,448.6 ","7,823.7 ","7,966.5 ","8,317.8 ","8,518.7 ","8,228.2 "
광공업,"123,401.7 ","125,827.9 ","124,431.2 ","126,884.6 ","129,664.3 ","129,945.4 ","132,169.1 ","129,872.5 ","132,276.5 ","134,769.2 ","135,919.1 ","136,127.2 ","133,599.6 ","135,421.3 ","136,000.6 ","136,617.3 ","134,957.9 ","125,285.9 ","132,657.6 ","137,866.7 ","140,904.5 ","141,626.6 ","140,574.2 ","142,164.3 ","146,700.6 ","145,927.9 ","146,125.0 ","140,282.9 ","142,533.9 ","146,740.8 ","148,922.0 ","150,644.9 ","152,060.3 ","153,286.2 ","153,619.3 ","153,868.4 "
  광업,525.0 ,526.2 ,586.7 ,528.7 ,552.1 ,545.5 ,522.5 ,449.3 ,495.8 ,482.9 ,465.6 ,464.4 ,458.8 ,455.1 ,435.7 ,444.9 ,452.3 ,428.7 ,413.6 ,442.5 ,461.2 ,512.0 ,522.5 ,479.1 ,438.2 ,443.9 ,477.0 ,426.1 ,450.3 ,437.4 ,455.6 ,465.2 ,458.1 ,424.5 ,419.0 ,353.5 
  제조업,"122,874.1 ","125,299.1 ","123,842.1 ","126,353.3 ","129,109.8 ","129,397.6 ","131,644.6 ","129,422.2 ","131,779.4 ","134,285.6 ","135,453.3 ","135,662.7 ","133,140.4 ","134,965.8 ","135,564.8 ","136,172.2 ","134,505.0 ","124,856.3 ","132,245.0 ","137,424.6 ","140,443.3 ","141,114.6 ","140,051.7 ","141,685.2 ","146,255.1 ","145,477.5 ","145,644.7 ","139,850.5 ","142,078.3 ","146,296.8 ","148,460.2 ","150,173.6 ","151,597.7 ","152,864.4 ","153,204.2 ","153,531.7 "
    음식료품 제조업,"5,753.3 ","5,874.6 ","5,814.6 ","5,891.1 ","5,993.6 ","6,097.4 ","6,308.1 ","5,969.9 ","6,264.2 ","6,284.6 ","6,177.1 ","6,448.3 ","6,597.4 ","6,702.7 ","6,496.1 ","6,593.1 ","6,787.5 ","6,767.2 ","6,823.3 ","6,799.1 ","6,951.7 ","6,903.5 ","7,149.4 ","7,562.7 ","7,823.1 ","7,806.8 ","8,375.6 ","7,953.1 ","7,704.5 ","7,787.6 ","8,048.8 ","7,930.1 ","8,045.5 ","7,894.5 ","8,263.2 ","8,334.3 "
    섬유 및 가죽제품 제조업,"4,905.7 ","4,869.7 ","4,855.9 ","4,965.9 ","4,949.5 ","4,978.4 ","5,023.1 ","4,960.1 ","4,897.2 ","4,818.0 ","4,560.6 ","4,690.3 ","4,631.7 ","4,463.7 ","4,256.5 ","4,329.3 ","4,544.0 ","3,892.3 ","4,300.5 ","4,456.1 ","4,357.9 ","3,981.3 ","4,158.4 ","4,244.8 ","4,303.7 ","4,324.7 ","4,196.3 ","4,009.5 ","4,040.7 ","4,055.7 ","4,099.4 ","4,025.1 ","4,225.6 ","4,184.4 ","4,261.0 ","4,145.4 "
"    목재, 종이, 인쇄 및 복제업","3,780.8 ","3,862.9 ","3,769.1 ","3,746.7 ","3,717.2 ","3,622.6 ","3,534.1 ","3,494.9 ","3,574.4 ","3,677.1 ","3,605.1 ","3,693.4 ","3,520.2 ","3,562.3 ","3,602.6 ","3,667.5 ","3,632.5 ","3,455.4 ","3,556.4 ","3,569.9 ","3,621.8 ","3,545.6 ","3,587.0 ","3,629.0 ","3,583.3 ","3,692.1 ","3,625.3 ","3,457.9 ","3,278.8 ","3,473.4 ","3,440.7 ","3,446.7 ","3,481.1 ","3,573.1 ","3,436.7 ","3,381.3 "
    코크스 및 석유정제품 제조업,"4,297.4 ","4,152.5 ","3,913.9 ","3,827.3 ","4,033.4 ","3,832.5 ","3,995.8 ","3,943.9 ","3,635.6 ","3,638.4 ","3,453.6 ","3,406.9 ","2,955.0 ","2,778.8 ","2,745.6 ","2,682.3 ",709.7 ,651.0 ,617.9 ,794.0 ,"1,986.7 ","2,664.6 ","2,283.9 ","1,239.5 ","2,167.4 ","2,521.4 ","2,580.7 ","1,748.4 ","1,988.0 ","2,406.1 ","2,267.3 ","2,361.0 ","2,251.2 ","2,545.1 ","2,522.8 ","2,263.5 "
    화학물질 및 화학제품 제조업,"20,526.5 ","21,257.1 ","21,415.3 ","21,523.9 ","21,507.7 ","21,739.7 ","22,430.7 ","22,020.6 ","21,933.3 ","22,511.1 ","22,512.2 ","22,328.0 ","22,412.2 ","22,055.0 ","22,164.2 ","22,190.7 ","22,529.9 ","20,896.0 ","22,912.3 ","22,863.6 ","22,702.7 ","22,319.9 ","23,011.7 ","23,203.2 ","24,648.2 ","23,371.8 ","21,977.7 ","22,240.5 ","23,129.0 ","23,174.1 ","22,331.2 ","23,753.6 ","24,379.5 ","24,884.3 ","23,751.1 ","25,358.4 "
    비금속광물제품 제조업,"2,877.0 ","3,056.0 ","3,089.5 ","3,162.7 ","3,465.9 ","3,383.6 ","3,395.6 ","3,279.3 ","3,359.9 ","3,431.0 ","3,330.1 ","3,409.2 ","3,192.4 ","3,253.2 ","3,151.0 ","3,189.0 ","3,054.7 ","2,935.0 ","3,037.4 ","3,290.4 ","3,066.9 ","3,077.9 ","3,172.5 ","3,017.9 ","3,139.7 ","2,916.2 ","3,015.2 ","2,747.9 ","2,921.8 ","2,789.7 ","2,660.5 ","2,639.9 ","2,781.0 ","2,814.3 ","2,647.2 ","2,654.8 "
    1차금속 제조업,"7,381.6 ","7,525.6 ","7,487.1 ","7,519.4 ","7,630.4 ","7,663.9 ","7,711.7 ","7,527.4 ","7,401.1 ","7,330.1 ","7,261.8 ","7,571.1 ","7,488.7 ","7,392.8 ","7,485.5 ","7,588.8 ","7,541.9 ","6,647.2 ","7,346.1 ","7,568.1 ","7,323.2 ","7,032.9 ","6,835.1 ","6,389.8 ","6,033.6 ","5,944.1 ","5,369.5 ","5,363.2 ","5,758.8 ","5,878.5 ","5,484.7 ","5,723.3 ","5,836.4 ","5,629.5 ","5,410.5 ","5,780.7 "
    금속가공제품 제조업,"9,485.1 ","9,812.3 ","9,570.4 ","9,531.4 ","10,020.9 ","9,257.7 ","9,822.9 ","9,420.2 ","9,323.8 ","9,299.6 ","9,582.5 ","9,832.6 ","9,445.6 ","9,667.5 ","9,281.7 ","9,321.5 ","9,472.8 ","8,751.0 ","8,632.3 ","8,588.6 ","8,368.5 ","7,679.6 ","7,352.1 ","7,288.1 ","6,930.2 ","6,756.2 ","6,663.5 ","6,491.1 ","6,739.1 ","6,857.6 ","6,741.4 ","6,372.1 ","6,650.2 ","6,716.8 ","6,926.8 ","6,349.9 "
"    컴퓨터, 전자 및 광학기기 제조업","28,032.3 ","28,362.4 ","27,869.0 ","29,007.7 ","29,273.4 ","29,898.7 ","30,472.4 ","31,358.2 ","32,612.0 ","33,769.0 ","35,371.5 ","33,903.5 ","33,699.9 ","35,213.9 ","37,107.4 ","36,214.6 ","37,605.5 ","35,459.5 ","37,317.8 ","39,625.1 ","40,910.0 ","42,403.1 ","42,000.4 ","43,959.7 ","45,368.3 ","45,864.6 ","45,461.9 ","43,400.5 ","43,295.5 ","46,305.6 ","49,007.2 ","51,093.5 ","51,534.0 ","52,078.9 ","52,228.3 ","53,914.6 "
    전기장비 제조업,"6,647.9 ","6,572.1 ","6,739.3 ","6,762.6 ","7,325.3 ","7,308.8 ","7,692.1 ","7,455.3 ","7,747.7 ","7,739.1 ","7,854.0 ","8,229.9 ","7,852.1 ","8,143.0 ","7,930.3 ","8,044.9 ","7,758.7 ","7,545.0 ","8,014.6 ","8,556.3 ","8,824.3 ","8,813.3 ","8,624.2 ","8,858.4 ","9,317.5 ","9,411.2 ","9,288.3 ","8,946.8 ","9,074.8 ","9,145.5 ","9,748.0 ","9,021.6 ","8,971.9 ","8,675.1 ","9,032.7 ","8,631.0 "
    기계 및 장비 제조업,"9,964.0 ","10,136.9 ","10,464.3 ","11,152.3 ","12,142.8 ","12,880.9 ","12,629.7 ","12,329.6 ","12,717.1 ","12,515.3 ","12,524.0 ","12,270.6 ","12,558.7 ","12,235.0 ","12,061.4 ","12,647.3 ","12,634.8 ","11,751.8 ","12,168.7 ","12,739.7 ","13,343.1 ","13,898.0 ","13,973.0 ","13,995.3 ","14,320.2 ","14,310.3 ","15,072.5 ","15,022.4 ","14,198.7 ","13,676.9 ","13,981.9 ","14,516.8 ","14,324.4 ","14,144.5 ","14,473.9 ","14,563.7 "
    운송장비 제조업,"17,226.8 ","17,900.4 ","16,941.8 ","17,080.5 ","16,784.5 ","16,343.5 ","16,273.1 ","15,096.1 ","15,324.5 ","16,064.2 ","15,688.7 ","16,859.0 ","15,811.5 ","16,409.7 ","15,753.1 ","16,460.1 ","14,953.3 ","12,928.9 ","14,460.7 ","15,435.8 ","15,698.8 ","15,630.7 ","14,788.5 ","15,258.6 ","16,386.8 ","16,172.6 ","18,410.6 ","17,171.7 ","18,387.0 ","18,899.5 ","19,713.7 ","18,249.6 ","18,613.3 ","19,340.1 ","19,894.4 ","18,894.9 "
    기타 제조업 및 산업용 장비 수리업,"3,139.3 ","3,083.3 ","3,078.3 ","3,288.4 ","3,436.8 ","3,461.8 ","3,449.6 ","3,471.3 ","3,544.8 ","3,641.3 ","3,568.8 ","3,536.1 ","3,355.9 ","3,236.7 ","3,135.4 ","3,169.9 ","3,285.8 ","3,179.9 ","3,075.0 ","3,110.2 ","3,287.7 ","3,164.0 ","3,115.7 ","3,038.2 ","3,042.8 ","3,076.2 ","3,070.7 ","2,996.7 ","2,852.3 ","2,780.8 ","2,939.9 ","2,960.1 ","3,105.2 ","2,863.8 ","2,952.3 ","2,832.2 "
"전기, 가스 및 수도사업","10,007.2 ","9,814.1 ","9,958.9 ","10,015.9 ","10,344.5 ","10,461.7 ","10,674.8 ","10,570.9 ","10,052.6 ","10,277.6 ","10,503.9 ","10,704.2 ","10,685.7 ","11,421.8 ","10,269.5 ","10,751.8 ","11,486.9 ","11,442.5 ","11,206.6 ","11,469.2 ","11,651.3 ","11,549.2 ","11,595.9 ","11,606.7 ","11,895.4 ","12,138.1 ","11,999.0 ","11,987.9 ","11,173.1 ","11,519.4 ","11,872.8 ","12,083.5 ","12,071.6 ","11,956.8 ","12,658.8 ","11,925.6 "
  전기업,"5,261.2 ","5,069.7 ","5,174.3 ","5,269.1 ","5,430.4 ","5,612.1 ","5,726.0 ","5,684.0 ","5,085.2 ","5,316.4 ","5,607.5 ","5,824.1 ","5,838.1 ","6,442.4 ","5,318.5 ","5,684.1 ","6,499.7 ","6,670.0 ","6,397.9 ","6,389.7 ","6,567.4 ","6,378.6 ","6,505.6 ","6,624.4 ","6,942.6 ","7,154.7 ","7,310.2 ","7,134.9 ","7,412.8 ","7,080.2 ","6,854.2 ","7,806.5 ","7,475.5 ","7,601.3 ","7,896.0 ","8,377.9 "
"  가스, 증기 및 공기조절 공급업","1,388.6 ","1,344.5 ","1,435.0 ","1,440.2 ","1,576.3 ","1,519.5 ","1,599.7 ","1,664.9 ","1,647.5 ","1,600.2 ","1,527.8 ","1,504.9 ","1,540.0 ","1,595.6 ","1,501.8 ","1,534.1 ","1,502.6 ","1,418.1 ","1,428.3 ","1,580.3 ","1,655.0 ","1,700.7 ","1,626.6 ","1,542.6 ","1,591.1 ","1,587.6 ","1,536.5 ","1,531.2 ","1,350.3 ","1,366.7 ","1,548.3 ","1,641.5 ","1,472.1 ","1,492.6 ","1,673.1 ","1,370.5 "
"  수도, 하수 및 폐기물 처리, 원료 재생업","3,422.1 ","3,556.7 ","3,432.0 ","3,332.7 ","3,351.6 ","3,266.2 ","3,265.5 ","3,096.2 ","3,324.1 ","3,344.8 ","3,317.8 ","3,298.3 ","3,279.0 ","3,359.4 ","3,413.5 ","3,500.0 ","3,480.7 ","3,369.6 ","3,381.9 ","3,486.3 ","3,428.9 ","3,470.0 ","3,463.7 ","3,439.7 ","3,440.2 ","3,495.8 ","3,328.2 ","3,439.7 ","3,416.7 ","3,458.5 ","3,351.8 ","3,477.6 ","3,654.8 ","3,444.9 ","3,655.0 ","3,002.0 "
건설업,"25,710.1 ","26,551.4 ","27,721.7 ","27,989.5 ","28,723.6 ","28,647.0 ","29,182.1 ","28,545.1 ","29,052.9 ","28,483.7 ","27,763.4 ","27,398.1 ","27,134.9 ","28,064.5 ","27,515.5 ","28,028.9 ","28,062.7 ","27,990.9 ","26,986.4 ","27,215.4 ","27,456.6 ","27,359.9 ","26,963.5 ","27,538.1 ","27,165.7 ","27,050.1 ","27,648.8 ","28,390.2 ","28,723.2 ","27,942.7 ","28,985.7 ","27,966.3 ","29,505.6 ","27,730.8 ","27,341.1 ","26,216.8 "
  건물건설 및 건축보수업,"17,734.6 ","18,730.2 ","19,503.9 ","20,004.7 ","20,880.1 ","20,929.0 ","21,570.7 ","21,037.8 ","21,379.7 ","21,177.2 ","20,599.1 ","20,410.9 ","20,047.9 ","20,117.2 ","19,507.8 ","19,672.7 ","19,649.5 ","19,528.7 ","19,106.1 ","19,406.4 ","19,451.5 ","19,568.7 ","19,619.6 ","20,151.2 ","20,045.5 ","20,115.0 ","20,696.6 ","21,282.5 ","21,660.7 ","21,177.0 ","21,807.9 ","20,864.6 ","21,781.5 ","20,529.6 ","19,901.9 ","19,313.0 "
    주거용 건물 건설업,"8,382.7 ","9,095.6 ","9,490.6 ","9,855.6 ","10,438.6 ","10,382.9 ","10,553.1 ","10,487.9 ","10,786.1 ","10,734.7 ","10,617.1 ","10,073.9 ","9,642.0 ","9,583.1 ","9,025.3 ","8,881.5 ","8,975.1 ","9,098.6 ","8,979.3 ","8,913.3 ","8,613.4 ","8,563.4 ","8,728.7 ","9,213.9 ","8,673.6 ","8,903.3 ","9,045.9 ","9,335.6 ","9,616.5 ","9,379.6 ","9,456.2 ","9,060.6 ","9,486.9 ","8,924.8 ","8,398.7 ","8,042.4 "
    비주거용 건물 건설업,"7,981.5 ","8,151.0 ","8,481.2 ","8,577.6 ","8,885.4 ","9,008.5 ","9,368.4 ","9,019.2 ","8,922.0 ","8,773.1 ","8,276.4 ","8,652.9 ","8,643.7 ","8,718.1 ","8,713.2 ","8,976.3 ","8,860.2 ","8,656.3 ","8,301.2 ","8,490.0 ","8,801.5 ","8,909.4 ","8,793.0 ","8,830.3 ","9,086.9 ","9,040.7 ","9,507.2 ","9,832.5 ","9,865.6 ","9,689.4 ","10,215.1 ","9,705.5 ","10,094.3 ","9,506.8 ","9,342.0 ","9,156.9 "
    건축보수업,"1,367.8 ","1,484.8 ","1,532.9 ","1,573.5 ","1,555.9 ","1,536.4 ","1,648.9 ","1,529.2 ","1,672.1 ","1,670.2 ","1,707.7 ","1,685.4 ","1,762.7 ","1,816.3 ","1,769.1 ","1,814.3 ","1,813.8 ","1,773.7 ","1,825.9 ","2,003.3 ","2,036.6 ","2,095.9 ","2,097.9 ","2,107.0 ","2,284.7 ","2,170.9 ","2,143.3 ","2,114.1 ","2,178.2 ","2,107.7 ","2,136.1 ","2,098.1 ","2,199.8 ","2,097.5 ","2,160.4 ","2,112.4 "
  토목건설업,"7,970.1 ","7,818.9 ","8,215.0 ","7,984.5 ","7,844.5 ","7,719.7 ","7,614.6 ","7,510.0 ","7,675.5 ","7,309.2 ","7,166.8 ","6,989.8 ","7,089.3 ","7,948.1 ","8,008.0 ","8,355.9 ","8,412.9 ","8,461.8 ","7,880.5 ","7,809.6 ","8,005.1 ","7,791.1 ","7,344.0 ","7,386.9 ","7,122.8 ","6,938.5 ","6,956.4 ","7,112.3 ","7,068.2 ","6,771.9 ","7,183.2 ","7,105.6 ","7,728.4 ","7,205.4 ","7,442.4 ","6,907.5 "
서비스업,"261,452.9 ","264,105.3 ","265,934.4 ","266,639.8 ","268,261.8 ","270,531.3 ","273,889.1 ","275,383.6 ","280,537.3 ","282,016.3 ","284,363.4 ","286,735.6 ","289,606.4 ","292,892.9 ","295,062.6 ","299,127.6 ","293,465.0 ","289,187.8 ","293,508.7 ","295,504.2 ","299,280.7 ","304,301.9 ","306,912.8 ","312,107.9 ","311,398.1 ","317,089.9 ","318,597.0 ","321,985.7 ","322,682.6 ","322,852.9 ","324,329.5 ","325,588.3 ","328,515.0 ","328,514.0 ","329,221.5 ","330,436.8 "
  도소매 및 숙박음식업,"51,005.3 ","51,279.4 ","51,286.6 ","51,517.1 ","51,221.1 ","52,344.5 ","53,184.9 ","53,061.9 ","53,040.8 ","53,769.4 ","54,319.4 ","54,817.4 ","55,405.2 ","55,850.1 ","56,134.1 ","56,787.8 ","54,254.8 ","53,290.7 ","53,781.2 ","53,544.6 ","53,364.5 ","54,647.7 ","54,666.6 ","57,014.6 ","55,478.8 ","57,794.1 ","58,792.8 ","59,908.8 ","59,095.3 ","56,827.5 ","56,414.2 ","56,602.1 ","57,229.5 ","56,327.1 ","55,950.2 ","55,912.6 "
    도소매업,"39,395.9 ","39,596.2 ","39,547.2 ","39,899.6 ","39,601.8 ","40,587.2 ","41,262.5 ","41,370.8 ","40,949.3 ","41,638.5 ","42,116.5 ","42,565.6 ","42,739.6 ","43,277.4 ","43,614.7 ","44,060.8 ","43,185.5 ","42,513.8 ","43,350.7 ","43,999.7 ","43,406.9 ","43,792.6 ","43,589.6 ","44,856.4 ","44,393.6 ","45,299.4 ","45,731.5 ","46,719.9 ","46,133.2 ","44,538.9 ","43,969.6 ","43,727.9 ","43,998.3 ","44,197.2 ","43,725.5 ","43,215.5 "
    숙박 및 음식점업,"11,645.2 ","11,721.0 ","11,785.2 ","11,637.8 ","11,650.4 ","11,775.2 ","11,937.7 ","11,682.1 ","12,126.2 ","12,153.8 ","12,220.9 ","12,263.7 ","12,700.3 ","12,594.1 ","12,532.8 ","12,744.9 ","11,075.8 ","10,782.1 ","10,430.0 ","9,533.7 ","9,957.6 ","10,855.0 ","11,077.0 ","12,158.2 ","11,083.7 ","12,531.9 ","13,113.5 ","13,237.2 ","12,990.8 ","12,320.2 ","12,470.5 ","12,891.6 ","13,212.8 ","12,178.8 ","12,260.1 ","12,696.4 "
  운수업,"17,463.7 ","17,652.7 ","17,545.5 ","17,175.3 ","17,853.2 ","17,824.3 ","18,061.5 ","18,426.8 ","18,388.5 ","18,871.7 ","18,915.1 ","19,394.0 ","19,147.0 ","19,114.0 ","19,169.0 ","19,578.2 ","17,717.4 ","15,770.4 ","16,462.9 ","16,653.2 ","17,821.8 ","18,455.0 ","18,347.6 ","19,010.1 ","19,634.4 ","20,857.0 ","20,825.3 ","21,431.4 ","20,922.9 ","23,438.9 ","23,836.8 ","24,620.1 ","23,830.0 ","25,412.8 ","25,687.6 ","25,840.6 "
  금융 및 보험업,"21,963.5 ","21,787.7 ","22,071.6 ","22,759.8 ","22,542.8 ","23,045.7 ","23,204.6 ","23,313.1 ","24,185.0 ","24,188.4 ","24,421.0 ","24,423.9 ","24,566.0 ","25,017.1 ","25,067.2 ","25,517.3 ","26,380.6 ","27,279.3 ","27,892.9 ","28,463.6 ","28,674.0 ","28,864.2 ","29,759.8 ","30,113.8 ","30,164.6 ","30,022.4 ","29,765.7 ","30,692.8 ","30,268.7 ","30,403.7 ","30,721.3 ","30,311.4 ","30,801.8 ","31,449.4 ","31,676.0 ","32,146.4 "
  부동산업,"34,903.6 ","35,509.5 ","36,094.6 ","36,323.2 ","36,794.4 ","36,627.4 ","36,951.7 ","37,103.8 ","38,184.3 ","38,047.4 ","37,968.7 ","38,202.4 ","38,627.2 ","38,588.1 ","38,814.3 ","39,412.0 ","39,623.3 ","40,178.7 ","40,679.2 ","40,548.9 ","41,061.8 ","41,296.0 ","40,788.7 ","40,594.5 ","40,270.0 ","39,995.1 ","40,064.7 ","40,117.9 ","40,088.1 ","40,182.9 ","40,278.9 ","40,208.9 ","40,756.4 ","41,554.4 ","41,210.7 ","40,742.6 "
  정보통신업,"18,097.2 ","18,552.2 ","18,935.3 ","18,810.2 ","18,856.5 ","18,745.1 ","19,561.8 ","20,045.6 ","20,197.0 ","20,158.2 ","20,453.7 ","20,433.6 ","21,201.0 ","21,385.3 ","21,320.3 ","21,669.2 ","22,314.3 ","22,326.8 ","21,939.6 ","22,634.6 ","23,459.6 ","24,022.1 ","24,650.8 ","25,380.9 ","24,361.4 ","25,090.0 ","25,337.6 ","24,998.0 ","25,312.3 ","24,704.3 ","25,427.1 ","25,437.3 ","26,245.3 ","24,900.8 ","25,436.2 ","25,643.4 "
    통신업,"4,262.3 ","4,343.3 ","4,373.0 ","4,341.6 ","4,283.8 ","4,287.3 ","4,348.6 ","4,353.5 ","4,473.7 ","4,514.1 ","4,562.9 ","4,624.7 ","4,969.5 ","4,968.8 ","5,090.4 ","5,167.2 ","5,348.9 ","5,451.2 ","5,533.3 ","5,701.2 ","5,731.0 ","5,815.2 ","6,014.5 ","6,173.6 ","6,302.2 ","6,394.9 ","6,493.6 ","6,569.5 ","6,637.7 ","6,758.0 ","6,756.1 ","6,813.3 ","6,808.4 ","6,888.1 ","6,913.2 ","6,998.6 "
"    출판, 방송, 영상, 정보서비스","13,826.3 ","14,210.9 ","14,588.6 ","14,495.7 ","14,623.7 ","14,497.9 ","15,301.2 ","15,820.2 ","15,818.5 ","15,722.9 ","15,976.5 ","15,872.6 ","16,260.3 ","16,456.4 ","16,236.0 ","16,509.9 ","16,979.6 ","16,881.1 ","16,396.2 ","16,923.7 ","17,728.6 ","18,206.9 ","18,636.3 ","19,207.3 ","18,102.4 ","18,728.5 ","18,881.8 ","18,484.6 ","18,733.1 ","18,044.5 ","18,742.7 ","18,703.8 ","19,480.5 ","18,129.8 ","18,620.9 ","18,748.6 "
  사업서비스업,"35,295.9 ","35,662.3 ","35,679.5 ","35,401.8 ","35,867.8 ","35,857.1 ","36,265.5 ","36,394.2 ","37,795.3 ","37,640.8 ","37,724.3 ","37,750.4 ","38,055.0 ","38,864.3 ","39,458.4 ","39,937.8 ","39,277.0 ","38,297.8 ","39,415.8 ","39,662.0 ","39,508.6 ","39,712.5 ","40,081.7 ","40,300.7 ","40,906.8 ","40,982.6 ","40,549.8 ","41,014.0 ","41,572.2 ","41,566.9 ","41,450.2 ","41,797.1 ","41,985.5 ","41,321.4 ","41,335.2 ","41,090.1 "
"    전문, 과학 및 기술관련 서비스업","20,622.5 ","20,586.7 ","20,357.8 ","20,126.4 ","20,272.0 ","20,136.2 ","20,199.0 ","20,079.7 ","20,893.6 ","20,939.2 ","21,047.1 ","20,975.5 ","20,993.0 ","21,441.4 ","21,771.6 ","22,052.7 ","22,226.3 ","21,847.8 ","22,379.6 ","22,775.5 ","23,149.3 ","23,167.2 ","23,199.5 ","23,607.9 ","23,851.3 ","24,093.1 ","24,090.0 ","23,861.0 ","24,289.6 ","24,493.8 ","24,484.8 ","24,242.2 ","24,542.6 ","24,238.6 ","24,328.5 ","23,833.4 "
    사업지원 서비스업,"14,739.8 ","15,125.4 ","15,355.1 ","15,303.4 ","15,616.9 ","15,733.4 ","16,068.0 ","16,303.3 ","16,900.4 ","16,704.6 ","16,682.3 ","16,777.1 ","17,059.2 ","17,420.0 ","17,684.1 ","17,882.8 ","17,050.1 ","16,450.2 ","17,036.0 ","16,887.2 ","16,359.3 ","16,545.3 ","16,882.2 ","16,692.8 ","17,056.3 ","16,881.7 ","16,441.3 ","17,156.0 ","17,281.4 ","17,062.4 ","16,952.0 ","17,562.0 ","17,441.3 ","17,077.3 ","16,997.4 ","17,263.8 "
"  공공행정, 국방 및 사회보장","28,374.8 ","28,544.3 ","28,720.8 ","28,843.0 ","29,094.6 ","29,279.2 ","29,443.4 ","29,697.8 ","30,048.1 ","30,220.2 ","30,402.3 ","30,724.3 ","31,135.3 ","31,374.3 ","31,699.9 ","31,976.5 ","32,078.2 ","32,275.4 ","32,591.8 ","32,905.6 ","33,176.4 ","33,761.3 ","33,869.6 ","34,061.0 ","34,303.4 ","34,664.8 ","34,898.3 ","35,136.8 ","35,337.1 ","35,522.4 ","35,612.6 ","35,571.3 ","35,781.2 ","36,376.7 ","36,349.2 ","36,445.4 "
  교육서비스업,"21,767.8 ","21,836.5 ","21,921.9 ","22,052.5 ","22,045.8 ","22,080.8 ","22,110.2 ","22,187.6 ","22,441.5 ","22,569.9 ","22,778.5 ","22,869.3 ","22,671.5 ","22,871.5 ","23,118.0 ","23,274.8 ","22,590.8 ","22,574.6 ","22,484.8 ","22,785.9 ","23,323.7 ","23,765.0 ","24,118.1 ","24,277.2 ","24,428.6 ","24,668.1 ","24,767.8 ","24,843.6 ","24,833.8 ","24,966.3 ","24,819.8 ","24,896.0 ","24,989.3 ","24,980.3 ","24,876.1 ","25,292.9 "
"  의료, 보건업 및 사회복지서비스업","19,951.7 ","20,342.2 ","20,708.3 ","20,840.1 ","21,230.1 ","21,843.3 ","22,032.4 ","22,244.9 ","22,755.5 ","23,287.0 ","24,048.6 ","24,628.2 ","25,236.0 ","25,946.0 ","26,418.6 ","26,755.1 ","26,534.2 ","26,019.2 ","26,697.1 ","26,783.9 ","27,013.3 ","27,742.9 ","28,658.4 ","28,955.9 ","29,300.3 ","29,757.5 ","29,875.6 ","30,322.0 ","30,877.8 ","30,801.2 ","31,232.0 ","31,786.4 ","32,185.0 ","31,587.4 ","32,497.6 ","33,299.3 "
  문화 및 기타 서비스업,"12,885.3 ","13,223.2 ","13,243.9 ","13,144.1 ","13,046.5 ","13,102.7 ","13,242.0 ","13,071.5 ","13,755.4 ","13,485.0 ","13,515.8 ","13,690.9 ","13,755.1 ","14,064.9 ","14,074.8 ","14,436.7 ","12,800.1 ","11,111.0 ","11,541.1 ","11,502.5 ","11,876.9 ","12,035.3 ","11,971.4 ","12,399.1 ","12,431.8 ","13,036.4 ","13,518.4 ","13,257.5 ","14,161.8 ","14,006.5 ","14,085.0 ","13,866.6 ","14,413.6 ","14,462.1 ","14,111.4 ","13,937.7 "
"    예술, 스포츠 및 여가관련 서비스업","5,462.7 ","5,635.1 ","5,698.2 ","5,603.7 ","5,542.4 ","5,597.9 ","5,696.3 ","5,844.8 ","6,332.9 ","6,247.6 ","6,280.5 ","6,497.4 ","6,422.9 ","6,724.7 ","6,768.5 ","7,208.3 ","5,924.7 ","4,359.8 ","4,911.0 ","4,867.6 ","5,275.6 ","5,433.9 ","5,523.6 ","5,794.7 ","5,806.4 ","6,161.1 ","6,616.9 ","6,337.3 ","7,088.5 ","7,124.8 ","7,071.7 ","7,112.7 ","7,527.5 ","7,594.9 ","7,222.1 ","7,248.6 "
    기타 서비스업,"7,465.0 ","7,628.4 ","7,579.6 ","7,580.1 ","7,545.5 ","7,543.1 ","7,580.5 ","7,238.5 ","7,421.2 ","7,232.5 ","7,228.7 ","7,174.7 ","7,323.3 ","7,322.3 ","7,286.2 ","7,192.8 ","6,863.1 ","6,761.7 ","6,630.6 ","6,636.2 ","6,601.3 ","6,601.3 ","6,447.8 ","6,604.5 ","6,626.7 ","6,877.4 ","6,905.8 ","6,923.1 ","7,081.2 ","6,891.3 ","7,021.5 ","6,764.3 ","6,904.1 ","6,886.9 ","6,901.5 ","6,705.4 "
총부가가치(기초가격),"429,310.0 ","434,766.2 ","436,305.1 ","439,814.3 ","445,219.8 ","448,264.8 ","454,651.4 ","452,994.8 ","460,396.9 ","464,295.1 ","467,086.0 ","469,643.1 ","469,843.3 ","476,581.0 ","477,708.5 ","483,024.9 ","476,284.4 ","461,905.8 ","472,346.5 ","480,239.5 ","487,792.3 ","492,860.0 ","494,535.2 ","502,005.1 ","505,683.0 ","510,488.5 ","512,798.9 ","511,170.8 ","513,999.6 ","517,945.6 ","522,867.9 ","524,303.2 ","530,482.4 ","530,022.1 ","531,437.7 ","530,801.1 "
순생산물세,"39,109.2 ","39,522.6 ","39,839.0 ","40,001.2 ","39,947.9 ","40,491.8 ","40,841.0 ","41,394.3 ","41,148.9 ","41,179.1 ","41,007.5 ","41,341.3 ","41,440.8 ","41,493.9 ","41,478.6 ","41,374.7 ","41,375.7 ","41,585.5 ","42,263.4 ","42,465.7 ","42,978.9 ","45,043.9 ","43,550.5 ","44,657.1 ","43,637.9 ","43,223.6 ","43,074.2 ","42,198.4 ","41,828.0 ","40,975.6 ","40,289.9 ","41,392.9 ","42,582.7 ","41,716.2 ","40,843.7 ","41,888.5 "
"국내총생산(시장가격, GDP)","468,389.8 ","474,262.9 ","476,110.0 ","479,788.4 ","485,158.6 ","488,738.1 ","495,481.4 ","494,353.9 ","501,537.0 ","505,472.9 ","508,102.0 ","510,990.4 ","511,286.6 ","518,083.3 ","519,196.8 ","524,415.7 ","517,669.6 ","503,484.6 ","514,605.8 ","522,706.6 ","530,771.1 ","537,903.8 ","538,085.7 ","546,662.2 ","549,303.7 ","553,684.8 ","555,841.5 ","553,328.9 ","555,761.1 ","558,825.9 ","563,035.7 ","565,597.6 ","572,951.0 ","571,646.7 ","572,216.0 ","572,594.9 "
교역조건 변화를 반영한 실질무역손익,"16,601.3 ","13,313.1 ","10,025.9 ","11,249.3 ","13,136.0 ","11,830.1 ","14,369.8 ","8,934.8 ","12,852.1 ","7,767.5 ","5,261.0 ",-604.1 ,"4,394.5 ","-4,605.9 ","-6,870.1 ","-10,064.3 ","-3,032.8 ","1,057.8 ","1,608.0 ",367.1 ,"2,908.4 ","-4,754.8 ","-6,170.8 ","-13,602.8 ","-12,105.0 ","-23,295.5 ","-31,312.1 ","-27,910.8 ","-25,695.0 ","-28,553.2 ","-20,147.6 ","-17,004.7 ","-11,336.3 ","-16,588.1 ","-14,216.1 ","-10,416.5 "
국내총소득(GDI),"484,991.1 ","487,576.0 ","486,135.9 ","491,037.7 ","498,294.6 ","500,568.2 ","509,851.3 ","503,288.7 ","514,389.2 ","513,240.4 ","513,363.0 ","510,386.3 ","515,681.1 ","513,477.4 ","512,326.6 ","514,351.4 ","514,636.8 ","504,542.3 ","516,213.8 ","523,073.7 ","533,679.5 ","533,149.1 ","531,914.9 ","533,059.3 ","537,198.8 ","530,389.3 ","524,529.3 ","525,418.1 ","530,066.1 ","530,272.7 ","542,888.1 ","548,592.9 ","561,614.6 ","555,058.6 ","557,999.9 ","562,178.4 "
국외순수취요소소득,"1,420.8 ","3,006.0 ","1,622.9 ",665.6 ,"1,486.0 ",599.0 ,"3,006.5 ","2,581.6 ","2,070.8 ","1,527.9 ","1,928.6 ","2,156.5 ",831.6 ,"3,468.6 ","7,256.4 ","4,929.4 ","4,511.3 ","3,176.7 ","3,128.8 ","6,127.0 ","3,890.6 ","10,056.1 ","2,866.7 ","5,740.4 ","3,801.4 ","5,690.0 ","7,382.2 ","8,710.5 ","14,389.3 ","9,495.3 ","8,372.4 ","5,865.9 ","5,912.3 ","4,422.4 ","9,164.4 ","12,241.4 "
국민총소득(GNI),"486,425.0 ","490,584.1 ","487,770.1 ","491,722.4 ","499,791.8 ","501,182.2 ","512,867.9 ","505,881.5 ","516,476.9 ","514,785.3 ","515,307.0 ","512,562.1 ","516,537.2 ","516,957.4 ","519,579.9 ","519,282.5 ","519,147.4 ","507,723.0 ","519,342.0 ","529,197.8 ","537,570.1 ","543,205.2 ","534,781.6 ","538,799.7 ","541,004.2 ","536,078.6 ","531,905.6 ","534,119.0 ","544,420.1 ","539,754.6 ","551,251.4 ","554,460.7 ","567,524.2 ","559,480.7 ","567,148.7 ","574,396.3 "