국가,연도,자동차_생산량
세계,2023,94240360.0
아시아,2023,2272788.3752740202
대한민국,2023,4243597.0
아제르바이잔,2023,4537.0
중국,2023,30160966.0
인도,2023,5847957.0
인도네시아,2023,1395717.0
이란,2023,1050299.0
일본,2023,8998538.0
카자흐스탄,2023,146989.0
말레이시아,2023,774600.0
미얀마,2023,1475.0
파키스탄,2023,87508.0
필리핀,2023,110350.0
대만,2023,269425.0
태국,2023,1834986.0
튀르키예,2023,1468393.0
우즈베키스탄,2023,425876.0
베트남,2023,347400.0
북아메리카,2023,2090177.956591661
캐나다,2023,1552940.0
멕시코,2023,3979941.0
미국,2023,10611580.0
남아메리카,2023,2130102.9841638124
아르헨티나,2023,625929.0
브라질,2023,2339354.0
칠레,2023,9100.154711817357
콜롬비아,2023,43897.0
에콰도르,2023,29604.216747325056
베네수엘라,2023,60877.96196649496
유럽,2023,2303911.6116635725
오스트리아,2023,114191.0
벨라루스,2023,22122.91626045368
벨기에,2023,332103.0
체코,2023,1404501.0
핀란드,2023,30191.0
프랑스,2023,1423187.0
독일,2023,4270792.0
헝가리,2023,507225.0
이탈리아,2023,733662.0
네덜란드,2023,880085.0
폴란드,2023,612882.0
포르투갈,2023,318231.0
루마니아,2023,513050.0
러시아,2023,729864.0
슬로바키아,2023,1080000.0
슬로베니아,2023,60881.0
스페인,2023,2451221.0
스웨덴,2023,276750.0
우크라이나,2023,1993.0
영국,2023,998352.0
세르비아,2023,186.0
아프리카,2023,2449370.8315492105
알제리,2023,2456.0
보츠와나,2023,1696.8850801751548
이집트,2023,51460.82045948268
모로코,2023,535825.0
나이지리아,2023,5987.985366652698
남아프리카공화국,2023,633337.0
오세아니아,2023,2279028.283167462
오스트레일리아,2023,7141.0
세계,2023,68265120.0
대한민국,2023,3908747.0
아제르바이잔,2023,3738.0
중국,2023,26123757.0
인도,2023,4779798.0
인도네시아,2023,1155615.0
이란,2023,963168.0
일본,2023,7767058.0
카자흐스탄,2023,134054.0
말레이시아,2023,724891.0
미얀마,2023,1152.0
파키스탄,2023,61392.0
필리핀,2023,49852.0
대만,2023,207223.0
태국,2023,637164.0
튀르키예,2023,952667.0
우즈베키스탄,2023,421414.0
베트남,2023,272600.0
캐나다,2023,376588.0
멕시코,2023,875963.0
미국,2023,1745717.0
아르헨티나,2023,304345.0
브라질,2023,1782079.0
오스트리아,2023,102291.0
벨기에,2023,285159.0
체코,2023,1397816.0
프랑스,2023,898345.0
독일,2023,4085600.0
이탈리아,2023,507398.0
네덜란드,2023,541953.0
폴란드,2023,299300.0
포르투갈,2023,243201.0
러시아,2023,526439.0
스페인,2023,1907050.0
영국,2023,896409.0
세르비아,2023,18216.76447053794
알제리,2023,2260.0
모로코,2023,471950.0
남아프리카공화국,2023,336980.0
오스트레일리아,2023,177000.50902374365
세계,2023,25975240.0
대한민국,2023,334850.0
아제르바이잔,2023,799.0
중국,2023,4037209.0
인도,2023,1068159.0
인도네시아,2023,240102.0
이란,2023,87131.0
일본,2023,1231480.0
카자흐스탄,2023,12935.0
말레이시아,2023,49709.0
미얀마,2023,323.0
파키스탄,2023,26116.0
필리핀,2023,60498.0
대만,2023,62202.0
태국,2023,1197822.0
튀르키예,2023,515726.0
우즈베키스탄,2023,4462.0
베트남,2023,74800.0
캐나다,2023,1176352.0
멕시코,2023,3103978.0
미국,2023,8865863.0
아르헨티나,2023,321584.0
브라질,2023,557275.0
콜롬비아,2023,65570.86880519897
오스트리아,2023,11900.0
벨기에,2023,46944.0
체코,2023,6685.0
핀란드,2023,25707.88298496874
프랑스,2023,524842.0
독일,2023,185192.0
헝가리,2023,212788.63313689176
이탈리아,2023,226264.0
네덜란드,2023,338132.0
폴란드,2023,313582.0
포르투갈,2023,75030.0
루마니아,2023,172647.97047204038
러시아,2023,203425.0
슬로바키아,2023,433563.87628558045
슬로베니아,2023,118690.97200975752
스페인,2023,544171.0
스웨덴,2023,194486.30224423727
우크라이나,2023,60066.58377431116
영국,2023,101943.0
알제리,2023,196.0
모로코,2023,63875.0
남아프리카공화국,2023,296357.0
세계,2022,85437172.0
아시아,2022,2272788.3752740202
대한민국,2022,3757049.0
아제르바이잔,2022,2473.0
중국,2022,27020615.0
인도,2022,5457237.0
인도네시아,2022,1470146.0
이란,2022,1064216.0
일본,2022,7835482.0
카자흐스탄,2022,112540.0
말레이시아,2022,701172.0
미얀마,2022,3175.0
파키스탄,2022,236659.0
필리핀,2022,92223.0
대만,2022,261263.0
태국,2022,1882385.0
튀르키예,2022,1352648.0
우즈베키스탄,2022,333569.0
베트남,2022,232410.0
북아메리카,2022,2090177.956591661
캐나다,2022,1233360.0
멕시코,2022,3478373.0
미국,2022,10103223.0
남아메리카,2022,2130102.9841638124
아르헨티나,2022,561993.0
브라질,2022,2380161.0
칠레,2022,9100.154711817357
콜롬비아,2022,81185.0
에콰도르,2022,29604.216747325056
베네수엘라,2022,60877.96196649496
유럽,2022,2303911.6116635725
오스트리아,2022,119016.0
벨라루스,2022,22122.91626045368
벨기에,2022,276554.0
체코,2022,1224456.0
핀란드,2022,73044.0
프랑스,2022,1424073.0
독일,2022,3890620.0
헝가리,2022,444800.0
이탈리아,2022,796394.0
네덜란드,2022,170900.0
폴란드,2022,483840.0
포르투갈,2022,322404.0
루마니아,2022,509465.0
러시아,2022,607812.0
슬로바키아,2022,963536.0
슬로베니아,2022,68130.0
스페인,2022,2219266.0
스웨덴,2022,277100.0
우크라이나,2022,1490.0
영국,2022,876614.0
세르비아,2022,4498.0
아프리카,2022,2449370.8315492105
알제리,2022,2773.0
보츠와나,2022,1696.8850801751548
이집트,2022,51460.82045948268
모로코,2022,464864.0
나이지리아,2022,5987.985366652698
남아프리카공화국,2022,555889.0
오세아니아,2022,2279028.283167462
오스트레일리아,2022,6077.0
세계,2022,61583900.0
대한민국,2022,3438355.0
아제르바이잔,2022,2049.0
중국,2022,23836083.0
인도,2022,4439139.0
인도네시아,2022,1214250.0
이란,2022,997519.0
일본,2022,6566318.0
카자흐스탄,2022,103345.0
말레이시아,2022,649087.0
미얀마,2022,2480.0
파키스탄,2022,190560.0
필리핀,2022,41663.0
대만,2022,191409.0
태국,2022,592927.0
튀르키예,2022,810889.0
우즈베키스탄,2022,328118.0
베트남,2022,162491.0
캐나다,2022,289371.0
멕시코,2022,638971.0
미국,2022,1766495.0
아르헨티나,2022,257505.0
브라질,2022,1824833.0
오스트리아,2022,107516.0
벨기에,2022,232100.0
체코,2022,1217787.0
프랑스,2022,1010466.0
독일,2022,3480357.0
헝가리,2022,441800.0
이탈리아,2022,473194.0
네덜란드,2022,101700.0
폴란드,2022,255100.0
포르투갈,2022,256018.0
러시아,2022,448246.0
스페인,2022,1785454.0
스웨덴,2022,239000.0
영국,2022,775014.0
세르비아,2022,4358.0
알제리,2022,2030.0
모로코,2022,404742.0
남아프리카공화국,2022,308311.0
오스트레일리아,2022,177000.50902374365
세계,2022,23853272.0
대한민국,2022,318694.0
아제르바이잔,2022,424.0
중국,2022,3184532.0
인도,2022,1018098.0
인도네시아,2022,255896.0
이란,2022,66697.0
일본,2022,1269164.0
카자흐스탄,2022,9195.0
말레이시아,2022,52085.0
미얀마,2022,695.0
파키스탄,2022,46099.0
필리핀,2022,50560.0
대만,2022,69854.0
태국,2022,1289458.0
튀르키예,2022,541759.0
우즈베키스탄,2022,5451.0
베트남,2022,69919.0
캐나다,2022,943989.0
멕시코,2022,2839402.0
미국,2022,8336728.0
아르헨티나,2022,304488.0
브라질,2022,555328.0
콜롬비아,2022,65570.86880519897
오스트리아,2022,11500.0
벨기에,2022,44454.0
체코,2022,6669.0
핀란드,2022,25707.88298496874
프랑스,2022,413607.0
독일,2022,410263.0
헝가리,2022,3000.0
이탈리아,2022,323200.0
네덜란드,2022,69200.0
폴란드,2022,228740.0
포르투갈,2022,66386.0
루마니아,2022,172647.97047204038
러시아,2022,159566.0
슬로바키아,2022,433563.87628558045
슬로베니아,2022,118690.97200975752
스페인,2022,433812.0
스웨덴,2022,38100.0
우크라이나,2022,60066.58377431116
영국,2022,101600.0
세르비아,2022,140.0
알제리,2022,743.0
모로코,2022,60122.0
남아프리카공화국,2022,247578.0
세계,2021,80261153.0
아시아,2021,2272788.3752740202
대한민국,2021,3462499.0
아제르바이잔,2021,2318.0
중국,2021,26121712.0
인도,2021,4399112.0
인도네시아,2021,1121967.0
이란,2021,894298.0
일본,2021,7836908.0
카자흐스탄,2021,92417.0
말레이시아,2021,481651.0
미얀마,2021,1957.0
파키스탄,2021,238702.0
필리핀,2021,85874.0
대만,2021,265320.0
태국,2021,1685705.0
튀르키예,2021,1276140.0
우즈베키스탄,2021,242104.0
베트남,2021,167799.0
북아메리카,2021,2090177.956591661
캐나다,2021,1115002.0
멕시코,2021,3194858.0
미국,2021,9157205.0
남아메리카,2021,2130102.9841638124
아르헨티나,2021,434753.0
브라질,2021,2248253.0
칠레,2021,9100.154711817357
콜롬비아,2021,54010.0
에콰도르,2021,29604.216747325056
베네수엘라,2021,60877.96196649496
유럽,2021,2303911.6116635725
오스트리아,2021,136700.0
벨라루스,2021,29891.0
벨기에,2021,261038.0
체코,2021,1111432.0
핀란드,2021,85934.0
프랑스,2021,1352226.0
독일,2021,3308692.0
헝가리,2021,416725.0
이탈리아,2021,797243.0
네덜란드,2021,107021.0
폴란드,2021,439421.0
포르투갈,2021,289954.0
루마니아,2021,420755.0
러시아,2021,1567007.0
슬로바키아,2021,1030000.0
슬로베니아,2021,95797.0
스페인,2021,2098133.0
스웨덴,2021,258023.0
우크라이나,2021,8153.0
영국,2021,932488.0
세르비아,2021,21263.0
아프리카,2021,2449370.8315492105
알제리,2021,5208.0
보츠와나,2021,1696.8850801751548
이집트,2021,51460.82045948268
모로코,2021,403007.0
나이지리아,2021,5987.985366652698
남아프리카공화국,2021,499087.0
오세아니아,2021,2279028.283167462
오스트레일리아,2021,5391.0
세계,2021,57129335.0
대한민국,2021,3162850.0
아제르바이잔,2021,2079.0
중국,2021,21444743.0
인도,2021,3631095.0
인도네시아,2021,889756.0
이란,2021,838251.0
일본,2021,6619245.0
카자흐스탄,2021,80679.0
말레이시아,2021,446431.0
미얀마,2021,1519.0
파키스탄,2021,193991.0
필리핀,2021,46278.0
대만,2021,196749.0
태국,2021,594690.0
튀르키예,2021,782835.0
우즈베키스탄,2021,236668.0
베트남,2021,123482.0
캐나다,2021,288235.0
멕시코,2021,708242.0
미국,2021,1562717.0
아르헨티나,2021,184106.0
브라질,2021,1707851.0
오스트리아,2021,124700.0
벨기에,2021,224180.0
체코,2021,1105223.0
프랑스,2021,918825.0
독일,2021,3096165.0
이탈리아,2021,443819.0
폴란드,2021,260800.0
포르투갈,2021,229221.0
러시아,2021,1352740.0
스페인,2021,1662174.0
우크라이나,2021,7342.0
영국,2021,859575.0
세르비아,2021,21109.0
모로코,2021,338339.0
남아프리카공화국,2021,239267.0
오스트레일리아,2021,177000.50902374365
세계,2021,23131818.0
대한민국,2021,299649.0
아제르바이잔,2021,239.0
중국,2021,4676969.0
인도,2021,768017.0
인도네시아,2021,232211.0
이란,2021,56047.0
일본,2021,1217663.0
카자흐스탄,2021,11738.0
말레이시아,2021,35220.0
미얀마,2021,438.0
파키스탄,2021,44711.0
필리핀,2021,39596.0
대만,2021,68571.0
태국,2021,1091015.0
튀르키예,2021,493305.0
우즈베키스탄,2021,5436.0
베트남,2021,44317.0
캐나다,2021,826767.0
멕시코,2021,2486616.0
미국,2021,7594488.0
아르헨티나,2021,250647.0
브라질,2021,540402.0
콜롬비아,2021,65570.86880519897
오스트리아,2021,12000.0
벨라루스,2021,22122.91626045368
벨기에,2021,36858.0
체코,2021,6209.0
핀란드,2021,25707.88298496874
프랑스,2021,433401.0
독일,2021,212527.0
헝가리,2021,212788.63313689176
이탈리아,2021,353424.0
네덜란드,2021,144935.80020594943
폴란드,2021,178621.0
포르투갈,2021,60733.0
루마니아,2021,172647.97047204038
러시아,2021,214267.0
슬로바키아,2021,433563.87628558045
슬로베니아,2021,118690.97200975752
스페인,2021,435959.0
스웨덴,2021,194486.30224423727
우크라이나,2021,811.0
영국,2021,72913.0
세르비아,2021,154.0
알제리,2021,2352.009430812797
모로코,2021,64668.0
남아프리카공화국,2021,259820.0
세계,2020,77721438.0
아시아,2020,2272788.3752740202
대한민국,2020,3506774.0
아제르바이잔,2020,2058.0
중국,2020,25225242.0
인도,2020,3381819.0
인도네시아,2020,690176.0
이란,2020,880997.0
일본,2020,8067943.0
카자흐스탄,2020,74831.0
말레이시아,2020,485186.0
미얀마,2020,10753.0
파키스탄,2020,117375.0
필리핀,2020,67297.0
대만,2020,245615.0
태국,2020,1427074.0
튀르키예,2020,1297878.0
우즈베키스탄,2020,284885.0
베트남,2020,165568.0
북아메리카,2020,2090177.956591661
캐나다,2020,1376127.0
멕시코,2020,3177251.0
미국,2020,8821026.0
남아메리카,2020,2130102.9841638124
아르헨티나,2020,257187.0
브라질,2020,2014055.0
칠레,2020,9100.154711817357
콜롬비아,2020,47281.0
에콰도르,2020,29604.216747325056
베네수엘라,2020,60877.96196649496
유럽,2020,2303911.6116635725
오스트리아,2020,125000.0
벨라루스,2020,31273.0
벨기에,2020,267293.0
체코,2020,1159151.0
핀란드,2020,86270.0
프랑스,2020,1315997.0
독일,2020,3742570.0
헝가리,2020,406497.0
이탈리아,2020,777057.0
네덜란드,2020,127058.0
폴란드,2020,451382.0
포르투갈,2020,264236.0
루마니아,2020,438107.0
러시아,2020,1435551.0
슬로바키아,2020,990598.0
슬로베니아,2020,141714.0
스페인,2020,2268185.0
스웨덴,2020,249000.0
우크라이나,2020,4951.0
영국,2020,987044.0
세르비아,2020,23375.0
아프리카,2020,2449370.8315492105
알제리,2020,754.0
보츠와나,2020,1696.8850801751548
이집트,2020,23754.0
모로코,2020,328280.0
나이지리아,2020,5987.985366652698
남아프리카공화국,2020,447213.0
오세아니아,2020,2279028.283167462
오스트레일리아,2020,4730.0
세계,2020,55908615.0
대한민국,2020,3211706.0
아제르바이잔,2020,1949.0
중국,2020,19994081.0
인도,2020,2836534.0
인도네시아,2020,551426.0
이란,2020,826210.0
일본,2020,6960411.0
카자흐스탄,2020,64790.0
말레이시아,2020,457755.0
미얀마,2020,8346.0
파키스탄,2020,95504.0
필리핀,2020,37141.0
대만,2020,180967.0
태국,2020,537633.0
튀르키예,2020,855043.0
우즈베키스탄,2020,280080.0
베트남,2020,125235.0
캐나다,2020,327681.0
멕시코,2020,967479.0
미국,2020,1924398.0
아르헨티나,2020,93001.0
브라질,2020,1607175.0
오스트리아,2020,109500.0
벨라루스,2020,21295.0
벨기에,2020,237057.0
체코,2020,1152901.0
프랑스,2020,927344.0
독일,2020,3515488.0
이탈리아,2020,451718.0
폴란드,2020,278900.0
포르투갈,2020,211281.0
러시아,2020,1260518.0
스페인,2020,1800664.0
우크라이나,2020,4202.0
영국,2020,920928.0
세르비아,2020,23272.0
모로코,2020,299753.0
남아프리카공화국,2020,238216.0
오스트레일리아,2020,177000.50902374365
세계,2020,21812823.0
대한민국,2020,295068.0
아제르바이잔,2020,109.0
중국,2020,5231161.0
인도,2020,545285.0
인도네시아,2020,138750.0
이란,2020,54787.0
일본,2020,1107532.0
카자흐스탄,2020,10041.0
말레이시아,2020,27431.0
미얀마,2020,2407.0
파키스탄,2020,21871.0
필리핀,2020,30156.0
대만,2020,64648.0
태국,2020,889441.0
튀르키예,2020,442835.0
우즈베키스탄,2020,4805.0
베트남,2020,40333.0
캐나다,2020,1048446.0
멕시코,2020,2209772.0
미국,2020,6896628.0
아르헨티나,2020,164186.0
브라질,2020,406880.0
콜롬비아,2020,65570.86880519897
오스트리아,2020,15500.0
벨라루스,2020,9978.0
벨기에,2020,30236.0
체코,2020,6250.0
핀란드,2020,25707.88298496874
프랑스,2020,388653.0
독일,2020,227082.0
헝가리,2020,212788.63313689176
이탈리아,2020,325339.0
네덜란드,2020,144935.80020594943
폴란드,2020,172482.0
포르투갈,2020,52955.0
루마니아,2020,172647.97047204038
러시아,2020,175033.0
슬로바키아,2020,433563.87628558045
슬로베니아,2020,118690.97200975752
스페인,2020,467521.0
스웨덴,2020,194486.30224423727
우크라이나,2020,749.0
영국,2020,66116.0
세르비아,2020,103.0
알제리,2020,2352.009430812797
이집트,2020,51460.82045948268
모로코,2020,28527.0
남아프리카공화국,2020,208997.0
세계,2019,92142667.0
아시아,2019,2272788.3752740202
대한민국,2019,3950614.0
아제르바이잔,2019,2150.4868924413186
중국,2019,25720665.0
인도,2019,4515823.0
인도네시아,2019,1286848.0
이란,2019,762832.0
일본,2019,9682055.0
카자흐스탄,2019,61123.43757990165
말레이시아,2019,571632.0
미얀마,2019,2744.8118764982823
파키스탄,2019,186716.0
필리핀,2019,46458.61739982761
대만,2019,251304.0
태국,2019,2013710.0
튀르키예,2019,1461244.0
우즈베키스탄,2019,271113.0
베트남,2019,288418.0
북아메리카,2019,2090177.956591661
캐나다,2019,1916585.0
멕시코,2019,3992483.0
미국,2019,10892884.0
남아메리카,2019,2130102.9841638124
아르헨티나,2019,314787.0
브라질,2019,2804012.0
칠레,2019,9100.154711817357
콜롬비아,2019,97543.0
에콰도르,2019,23704.0
베네수엘라,2019,60877.96196649496
유럽,2019,2303911.6116635725
오스트리아,2019,177959.0
벨라루스,2019,22122.91626045368
벨기에,2019,285760.0
체코,2019,1433961.0
핀란드,2019,114785.0
프랑스,2019,2218601.0
독일,2019,5081949.0
헝가리,2019,502000.0
이탈리아,2019,915291.0
네덜란드,2019,265000.0
폴란드,2019,644316.0
포르투갈,2019,345688.0
루마니아,2019,490412.0
러시아,2019,1715168.0
슬로바키아,2019,1131737.0
슬로베니아,2019,199116.0
스페인,2019,2822360.0
스웨덴,2019,329300.0
우크라이나,2019,7265.0
영국,2019,1381405.0
세르비아,2019,18216.76447053794
아프리카,2019,2449370.8315492105
알제리,2019,2352.009430812797
보츠와나,2019,1696.8850801751548
이집트,2019,18500.0
모로코,2019,394652.0
나이지리아,2019,5987.985366652698
남아프리카공화국,2019,631983.0
오세아니아,2019,2279028.283167462
오스트레일리아,2019,177000.50902374365
세계,2019,66100103.0
대한민국,2019,3612587.0
중국,2019,20958175.0
인도,2019,3623167.0
인도네시아,2019,1045666.0
이란,2019,710778.0
일본,2019,8326456.0
말레이시아,2019,390980.0
파키스탄,2019,144794.0
대만,2019,131382.0
태국,2019,796304.0
튀르키예,2019,982642.0
우즈베키스탄,2019,212001.0
베트남,2019,215242.0
캐나다,2019,461370.0
멕시코,2019,1381919.0
미국,2019,2511711.0
아르헨티나,2019,108364.0
브라질,2019,2449347.0
에콰도르,2019,12493.0
오스트리아,2019,158459.0
벨기에,2019,247020.0
체코,2019,1427563.0
프랑스,2019,1642001.0
독일,2019,4663749.0
헝가리,2019,498000.0
이탈리아,2019,542472.0
네덜란드,2019,176100.0
폴란드,2019,434700.0
포르투갈,2019,282142.0
루마니아,2019,349528.0
러시아,2019,1518978.0
스페인,2019,2248019.0
스웨덴,2019,279000.0
우크라이나,2019,6254.0
영국,2019,1259864.0
모로코,2019,360110.0
남아프리카공화국,2019,348665.0
세계,2019,26042564.0
대한민국,2019,338027.0
중국,2019,4762490.0
인도,2019,892656.0
인도네시아,2019,241182.0
이란,2019,52054.0
일본,2019,1355599.0
말레이시아,2019,180652.0
파키스탄,2019,41922.0
대만,2019,119922.0
태국,2019,1217406.0
튀르키예,2019,478602.0
우즈베키스탄,2019,59112.0
베트남,2019,73176.0
캐나다,2019,1455215.0
멕시코,2019,2610564.0
미국,2019,8381173.0
아르헨티나,2019,206423.0
브라질,2019,354665.0
콜롬비아,2019,65570.86880519897
에콰도르,2019,11211.0
오스트리아,2019,19500.0
벨기에,2019,38740.0
체코,2019,6398.0
핀란드,2019,25707.88298496874
프랑스,2019,576600.0
독일,2019,418200.0
헝가리,2019,4000.0
이탈리아,2019,372819.0
네덜란드,2019,88900.0
폴란드,2019,209616.0
포르투갈,2019,63546.0
루마니아,2019,140884.0
러시아,2019,196190.0
슬로바키아,2019,433563.87628558045
슬로베니아,2019,118690.97200975752
스페인,2019,574341.0
스웨덴,2019,50300.0
우크라이나,2019,1011.0
영국,2019,121541.0
이집트,2019,51460.82045948268
모로코,2019,34542.0
남아프리카공화국,2019,283318.0
세계,2018,97383716.0
아시아,2018,2272788.3752740202
대한민국,2018,4028705.0
아제르바이잔,2018,2150.4868924413186
중국,2018,27809196.0
인도,2018,5174401.0
인도네시아,2018,1343714.0
이란,2018,1095526.0
일본,2018,9728528.0
카자흐스탄,2018,61123.43757990165
말레이시아,2018,564971.0
미얀마,2018,2744.8118764982823
파키스탄,2018,269792.0
필리핀,2018,46458.61739982761
대만,2018,253241.0
태국,2018,2162439.0
튀르키예,2018,1550150.0
우즈베키스탄,2018,220667.0
베트남,2018,279230.0
북아메리카,2018,2090177.956591661
캐나다,2018,2025794.0
멕시코,2018,4100770.0
미국,2018,11297190.0
남아메리카,2018,2130102.9841638124
아르헨티나,2018,466649.0
브라질,2018,2746376.0
칠레,2018,9100.154711817357
콜롬비아,2018,111404.0
에콰도르,2018,39991.0
베네수엘라,2018,60877.96196649496
유럽,2018,2303911.6116635725
오스트리아,2018,164210.0
벨라루스,2018,22122.91626045368
벨기에,2018,309250.0
체코,2018,1442884.0
핀란드,2018,112104.0
프랑스,2018,2328750.0
독일,2018,5554209.0
헝가리,2018,466800.0
이탈리아,2018,1062332.0
네덜란드,2018,303150.0
폴란드,2018,655110.0
포르투갈,2018,294366.0
루마니아,2018,476768.0
러시아,2018,1764320.0
슬로바키아,2018,1092869.0
슬로베니아,2018,209370.0
스페인,2018,2819565.0
스웨덴,2018,340200.0
우크라이나,2018,6623.0
영국,2018,1604328.0
세르비아,2018,18216.76447053794
아프리카,2018,2449370.8315492105
알제리,2018,2352.009430812797
보츠와나,2018,1696.8850801751548
이집트,2018,71600.0
모로코,2018,402085.0
나이지리아,2018,5987.985366652698
남아프리카공화국,2018,610854.0
오세아니아,2018,2279028.283167462
오스트레일리아,2018,177000.50902374365
세계,2018,71288664.0
대한민국,2018,3661601.0
중국,2018,23529423.0
인도,2018,4064722.0
인도네시아,2018,1055774.0
이란,2018,1027313.0
일본,2018,8358220.0
말레이시아,2018,380472.0
파키스탄,2018,203494.0
대만,2018,137425.0
태국,2018,875741.0
튀르키예,2018,1026461.0
우즈베키스탄,2018,178667.0
베트남,2018,200284.0
캐나다,2018,655896.0
멕시코,2018,1581012.0
미국,2018,2785164.0
아르헨티나,2018,208573.0
브라질,2018,2384582.0
에콰도르,2018,26816.0
오스트리아,2018,144410.0
벨기에,2018,266700.0
체코,2018,1437396.0
프랑스,2018,1763000.0
독일,2018,5120409.0
헝가리,2018,463000.0
이탈리아,2018,673196.0
네덜란드,2018,214000.0
폴란드,2018,451600.0
포르투갈,2018,234151.0
루마니아,2018,335261.0
러시아,2018,1560218.0
스페인,2018,2267396.0
스웨덴,2018,290000.0
우크라이나,2018,5660.0
영국,2018,1474741.0
이집트,2018,19500.0
모로코,2018,368601.0
남아프리카공화국,2018,321097.0
세계,2018,26095052.0
대한민국,2018,367104.0
중국,2018,4279773.0
인도,2018,1109679.0
인도네시아,2018,287940.0
이란,2018,68213.0
일본,2018,1370308.0
말레이시아,2018,184499.0
파키스탄,2018,66298.0
대만,2018,115816.0
태국,2018,1286698.0
튀르키예,2018,523689.0
우즈베키스탄,2018,42000.0
베트남,2018,78946.0
캐나다,2018,1369898.0
멕시코,2018,2519758.0
미국,2018,8512026.0
아르헨티나,2018,258076.0
브라질,2018,361794.0
콜롬비아,2018,65570.86880519897
에콰도르,2018,13175.0
오스트리아,2018,19800.0
벨기에,2018,42550.0
체코,2018,5488.0
핀란드,2018,25707.88298496874
프랑스,2018,565750.0
독일,2018,433800.0
헝가리,2018,3800.0
이탈리아,2018,389136.0
네덜란드,2018,89150.0
폴란드,2018,203510.0
포르투갈,2018,60215.0
루마니아,2018,141507.0
러시아,2018,204102.0
슬로바키아,2018,433563.87628558045
슬로베니아,2018,118690.97200975752
스페인,2018,552169.0
스웨덴,2018,50200.0
우크라이나,2018,963.0
영국,2018,129587.0
이집트,2018,52100.0
모로코,2018,33484.0
남아프리카공화국,2018,289757.0
세계,2017,98337805.0
아시아,2017,2272788.3752740202
대한민국,2017,4114913.0
아제르바이잔,2017,2150.4868924413186
중국,2017,29015434.0
인도,2017,4779849.0
인도네시아,2017,1216615.0
이란,2017,1515396.0
일본,2017,9690674.0
카자흐스탄,2017,61123.43757990165
말레이시아,2017,499639.0
미얀마,2017,2744.8118764982823
파키스탄,2017,250740.0
필리핀,2017,46458.61739982761
대만,2017,291563.0
태국,2017,1988823.0
튀르키예,2017,1673664.0
우즈베키스탄,2017,140247.0
베트남,2017,250619.0
북아메리카,2017,2090177.956591661
캐나다,2017,2194003.0
멕시코,2017,4070424.0
미국,2017,11189985.0
남아메리카,2017,2130102.9841638124
아르헨티나,2017,496208.0
브라질,2017,2699167.0
칠레,2017,9100.154711817357
콜롬비아,2017,112003.0
에콰도르,2017,43239.0
베네수엘라,2017,1774.0
유럽,2017,2303911.6116635725
오스트리아,2017,98716.0
벨라루스,2017,22122.91626045368
벨기에,2017,378360.0
체코,2017,1419993.0
핀란드,2017,91598.0
프랑스,2017,2278980.0
독일,2017,6070267.0
헝가리,2017,483429.0
이탈리아,2017,1142210.0
네덜란드,2017,249550.0
폴란드,2017,685196.0
포르투갈,2017,175544.0
루마니아,2017,363687.0
러시아,2017,1551293.0
슬로바키아,2017,974231.0
슬로베니아,2017,189850.0
스페인,2017,2848335.0
스웨덴,2017,275550.0
우크라이나,2017,9542.0
영국,2017,1749385.0
세르비아,2017,18216.76447053794
아프리카,2017,2449370.8315492105
알제리,2017,2352.009430812797
보츠와나,2017,1696.8850801751548
이집트,2017,36640.0
모로코,2017,376286.0
나이지리아,2017,5987.985366652698
남아프리카공화국,2017,548389.0
오세아니아,2017,2279028.283167462
오스트레일리아,2017,92367.0
세계,2017,73682838.0
대한민국,2017,3735399.0
중국,2017,24806687.0
인도,2017,3949338.0
인도네시아,2017,982356.0
이란,2017,1418550.0
일본,2017,8347836.0
말레이시아,2017,459558.0
파키스탄,2017,183886.0
대만,2017,177318.0
태국,2017,818440.0
튀르키예,2017,1120839.0
우즈베키스탄,2017,112975.0
베트남,2017,146994.0
캐나다,2017,751048.0
멕시코,2017,1900149.0
미국,2017,3033216.0
아르헨티나,2017,203694.0
브라질,2017,2269230.0
콜롬비아,2017,103842.0
에콰도르,2017,31284.0
베네수엘라,2017,405.0
오스트리아,2017,81116.0
벨기에,2017,335200.0
체코,2017,1413881.0
프랑스,2017,1748000.0
독일,2017,5645584.0
헝가리,2017,480029.0
이탈리아,2017,742642.0
네덜란드,2017,169100.0
폴란드,2017,514702.0
포르투갈,2017,126426.0
루마니아,2017,354776.0
러시아,2017,1348029.0
스페인,2017,2291492.0
스웨덴,2017,226000.0
우크라이나,2017,7296.0
영국,2017,1625990.0
이집트,2017,9970.0
모로코,2017,341802.0
남아프리카공화국,2017,320333.0
오스트레일리아,2017,88167.0
세계,2017,24654967.0
대한민국,2017,379514.0
중국,2017,4208747.0
인도,2017,830511.0
인도네시아,2017,234259.0
이란,2017,96846.0
일본,2017,1342838.0
말레이시아,2017,40081.0
파키스탄,2017,66854.0
대만,2017,114245.0
태국,2017,1170383.0
튀르키예,2017,552825.0
우즈베키스탄,2017,27272.0
베트남,2017,103625.0
캐나다,2017,1442955.0
멕시코,2017,2170275.0
미국,2017,8156769.0
아르헨티나,2017,292514.0
브라질,2017,429937.0
콜롬비아,2017,8161.0
에콰도르,2017,11955.0
베네수엘라,2017,1369.0
오스트리아,2017,17600.0
벨기에,2017,43160.0
체코,2017,6112.0
핀란드,2017,25707.88298496874
프랑스,2017,530980.0
독일,2017,424683.0
헝가리,2017,3400.0
이탈리아,2017,399568.0
네덜란드,2017,80450.0
폴란드,2017,170494.0
포르투갈,2017,49118.0
루마니아,2017,8911.0
러시아,2017,203264.0
슬로바키아,2017,433563.87628558045
슬로베니아,2017,118690.97200975752
스페인,2017,556843.0
스웨덴,2017,49550.0
우크라이나,2017,2246.0
영국,2017,123395.0
이집트,2017,26670.0
모로코,2017,34484.0
남아프리카공화국,2017,228056.0
오스트레일리아,2017,4200.0
세계,2016,96024303.0
아시아,2016,2272788.3752740202
대한민국,2016,4228509.0
아제르바이잔,2016,2150.4868924413186
중국,2016,28118794.0
인도,2016,4488965.0
인도네시아,2016,1177389.0
이란,2016,1282172.0
일본,2016,9204490.0
카자흐스탄,2016,61123.43757990165
말레이시아,2016,545253.0
미얀마,2016,2744.8118764982823
파키스탄,2016,214650.0
필리핀,2016,46458.61739982761
대만,2016,309531.0
태국,2016,1944417.0
튀르키예,2016,1485927.0
우즈베키스탄,2016,88152.0
베트남,2016,271833.0
북아메리카,2016,2090177.956591661
캐나다,2016,2370656.0
멕시코,2016,3600365.0
미국,2016,12180301.0
남아메리카,2016,2130102.9841638124
아르헨티나,2016,492576.0
브라질,2016,2175284.0
칠레,2016,9100.154711817357
콜롬비아,2016,79036.0
에콰도르,2016,29064.0
베네수엘라,2016,2849.0
유럽,2016,2303911.6116635725
오스트리아,2016,92449.0
벨라루스,2016,22122.91626045368
벨기에,2016,399228.0
체코,2016,1349896.0
핀란드,2016,47968.0
프랑스,2016,2132530.0
독일,2016,6210962.0
헝가리,2016,528298.0
이탈리아,2016,1103305.0
네덜란드,2016,165380.0
폴란드,2016,676342.0
포르투갈,2016,143096.0
루마니아,2016,359306.0
러시아,2016,1303989.0
슬로바키아,2016,972890.0
슬로베니아,2016,133559.0
스페인,2016,2885922.0
스웨덴,2016,253574.0
우크라이나,2016,5498.0
영국,2016,1816622.0
세르비아,2016,18216.76447053794
아프리카,2016,2449370.8315492105
알제리,2016,2352.009430812797
보츠와나,2016,1696.8850801751548
이집트,2016,36230.0
모로코,2016,345106.0
나이지리아,2016,5987.985366652698
남아프리카공화국,2016,599004.0
오세아니아,2016,2279028.283167462
오스트레일리아,2016,155666.0
세계,2016,72483756.0
대한민국,2016,3859991.0
중국,2016,24420744.0
인도,2016,3677605.0
인도네시아,2016,968101.0
이란,2016,1188072.0
일본,2016,7873886.0
말레이시아,2016,503691.0
파키스탄,2016,157740.0
대만,2016,202760.0
태국,2016,805033.0
튀르키예,2016,950888.0
우즈베키스탄,2016,68857.0
베트남,2016,159501.0
캐나다,2016,803230.0
멕시코,2016,1993178.0
미국,2016,3916584.0
아르헨티나,2016,241315.0
브라질,2016,1781370.0
콜롬비아,2016,77946.0
에콰도르,2016,22666.0
베네수엘라,2016,455.0
오스트리아,2016,75049.0
벨기에,2016,353778.0
체코,2016,1344182.0
프랑스,2016,1626000.0
독일,2016,5746808.0
헝가리,2016,524798.0
이탈리아,2016,712971.0
네덜란드,2016,87500.0
폴란드,2016,554148.0
포르투갈,2016,99200.0
러시아,2016,1124774.0
스페인,2016,2354117.0
스웨덴,2016,205374.0
우크라이나,2016,4340.0
영국,2016,1670288.0
이집트,2016,10930.0
모로코,2016,313868.0
남아프리카공화국,2016,335539.0
오스트레일리아,2016,142666.0
세계,2016,23540547.0
대한민국,2016,368518.0
중국,2016,3698050.0
인도,2016,811360.0
인도네시아,2016,209288.0
이란,2016,94100.0
일본,2016,1330604.0
말레이시아,2016,41562.0
파키스탄,2016,56910.0
대만,2016,106771.0
태국,2016,1139384.0
튀르키예,2016,535039.0
우즈베키스탄,2016,19295.0
베트남,2016,112332.0
캐나다,2016,1567426.0
멕시코,2016,1607187.0
미국,2016,8263717.0
아르헨티나,2016,251261.0
브라질,2016,393914.0
콜롬비아,2016,1090.0
에콰도르,2016,6398.0
베네수엘라,2016,2394.0
오스트리아,2016,17400.0
벨기에,2016,45450.0
체코,2016,5714.0
핀란드,2016,25707.88298496874
프랑스,2016,506530.0
독일,2016,464154.0
헝가리,2016,3500.0
이탈리아,2016,390334.0
네덜란드,2016,77880.0
폴란드,2016,122194.0
포르투갈,2016,43896.0
루마니아,2016,172647.97047204038
러시아,2016,179215.0
슬로바키아,2016,433563.87628558045
슬로베니아,2016,118690.97200975752
스페인,2016,531805.0
스웨덴,2016,48200.0
우크라이나,2016,1158.0
영국,2016,146334.0
이집트,2016,25300.0
모로코,2016,31238.0
남아프리카공화국,2016,263465.0
오스트레일리아,2016,13000.0
세계,2015,91324488.0
아시아,2015,2272788.3752740202
대한민국,2015,4555957.0
아제르바이잔,2015,2150.4868924413186
중국,2015,24091070.0
인도,2015,4125744.0
인도네시아,2015,1098780.0
이란,2015,982337.0
일본,2015,9278238.0
카자흐스탄,2015,61123.43757990165
말레이시아,2015,614664.0
미얀마,2015,2744.8118764982823
파키스탄,2015,229686.0
필리핀,2015,46458.61739982761
대만,2015,351085.0
태국,2015,1913002.0
튀르키예,2015,1358796.0
우즈베키스탄,2015,185400.0
베트남,2015,208568.0
북아메리카,2015,2090177.956591661
캐나다,2015,2285707.0
멕시코,2015,3565218.0
미국,2015,12105490.0
남아메리카,2015,2130102.9841638124
아르헨티나,2015,546967.0
브라질,2015,2453622.0
칠레,2015,9100.154711817357
콜롬비아,2015,77748.0
에콰도르,2015,48926.0
베네수엘라,2015,18300.0
유럽,2015,2303911.6116635725
오스트리아,2015,120704.0
벨라루스,2015,22122.91626045368
벨기에,2015,408662.0
체코,2015,1303603.0
핀란드,2015,79619.0
프랑스,2015,2017080.0
독일,2015,6186364.0
헝가리,2015,531902.0
이탈리아,2015,1014223.0
네덜란드,2015,124350.0
폴란드,2015,655906.0
포르투갈,2015,156626.0
루마니아,2015,387177.0
러시아,2015,1378678.0
슬로바키아,2015,957343.0
슬로베니아,2015,129400.0
스페인,2015,2733201.0
스웨덴,2015,231387.0
우크라이나,2015,8244.0
영국,2015,1682156.0
세르비아,2015,18216.76447053794
아프리카,2015,2449370.8315492105
알제리,2015,2352.009430812797
보츠와나,2015,1696.8850801751548
이집트,2015,36000.0
모로코,2015,288329.0
나이지리아,2015,5987.985366652698
남아프리카공화국,2015,615658.0
오세아니아,2015,2279028.283167462
오스트레일리아,2015,167538.0
세계,2015,68876590.0
대한민국,2015,4135108.0
중국,2015,21079427.0
인도,2015,3378063.0
인도네시아,2015,824445.0
이란,2015,884866.0
일본,2015,7830722.0
말레이시아,2015,563883.0
파키스탄,2015,146024.0
대만,2015,245963.0
태국,2015,760688.0
튀르키예,2015,791027.0
베트남,2015,117288.0
캐나다,2015,888565.0
멕시코,2015,1968054.0
미국,2015,4162310.0
아르헨티나,2015,308756.0
브라질,2015,2017931.0
콜롬비아,2015,76678.0
에콰도르,2015,21626.0
베네수엘라,2015,4615.0
오스트리아,2015,103904.0
벨기에,2015,368492.0
체코,2015,1297431.0
프랑스,2015,1563624.0
독일,2015,5708138.0
헝가리,2015,528252.0
이탈리아,2015,663139.0
네덜란드,2015,57000.0
폴란드,2015,534739.0
포르투갈,2015,115468.0
루마니아,2015,387171.0
러시아,2015,1215972.0
스페인,2015,2218980.0
스웨덴,2015,188987.0
우크라이나,2015,5654.0
영국,2015,1587677.0
이집트,2015,12000.0
모로코,2015,260129.0
남아프리카공화국,2015,341025.0
오스트레일리아,2015,152538.0
세계,2015,22447898.0
대한민국,2015,420849.0
중국,2015,3011643.0
인도,2015,747681.0
인도네시아,2015,274335.0
이란,2015,97471.0
일본,2015,1447516.0
말레이시아,2015,50781.0
파키스탄,2015,83662.0
대만,2015,105122.0
태국,2015,1152314.0
튀르키예,2015,567769.0
우즈베키스탄,2015,130716.79153690119
베트남,2015,91280.0
캐나다,2015,1397142.0
멕시코,2015,1597164.0
미국,2015,7943180.0
아르헨티나,2015,238211.0
브라질,2015,435691.0
콜롬비아,2015,1070.0
에콰도르,2015,27300.0
베네수엘라,2015,13685.0
오스트리아,2015,16800.0
벨기에,2015,40170.0
체코,2015,6172.0
핀란드,2015,25707.88298496874
프랑스,2015,453456.0
독일,2015,478226.0
헝가리,2015,3650.0
이탈리아,2015,351084.0
네덜란드,2015,67350.0
폴란드,2015,121167.0
포르투갈,2015,41158.0
루마니아,2015,6.0
러시아,2015,162706.0
슬로바키아,2015,433563.87628558045
슬로베니아,2015,118690.97200975752
스페인,2015,514221.0
스웨덴,2015,42400.0
우크라이나,2015,2590.0
영국,2015,94479.0
이집트,2015,24000.0
모로코,2015,28200.0
남아프리카공화국,2015,274633.0
오스트레일리아,2015,15000.0
세계,2014,90065053.0
아시아,2014,2272788.3752740202
대한민국,2014,4524932.0
아제르바이잔,2014,2150.4868924413186
중국,2014,23169327.0
인도,2014,3841714.0
인도네시아,2014,1298523.0
이란,2014,1090846.0
일본,2014,9774558.0
카자흐스탄,2014,61123.43757990165
말레이시아,2014,596418.0
미얀마,2014,2744.8118764982823
파키스탄,2014,148744.0
필리핀,2014,46458.61739982761
대만,2014,379223.0
태국,2014,1880007.0
튀르키예,2014,1170445.0
우즈베키스탄,2014,245660.0
베트남,2014,133588.0
북아메리카,2014,2090177.956591661
캐나다,2014,2394154.0
멕시코,2014,3368010.0
미국,2014,11660702.0
남아메리카,2014,2130102.9841638124
아르헨티나,2014,617329.0
브라질,2014,3172750.0
칠레,2014,9100.154711817357
콜롬비아,2014,134480.0
에콰도르,2014,62689.0
베네수엘라,2014,19759.0
유럽,2014,2303911.6116635725
오스트리아,2014,150726.0
벨라루스,2014,22122.91626045368
벨기에,2014,516115.0
체코,2014,1251220.0
핀란드,2014,45877.0
프랑스,2014,1853501.0
독일,2014,6051338.0
헝가리,2014,435572.0
이탈리아,2014,697864.0
네덜란드,2014,88340.0
폴란드,2014,588785.0
포르투갈,2014,161509.0
루마니아,2014,391435.0
러시아,2014,1886646.0
슬로바키아,2014,902030.0
슬로베니아,2014,118591.0
스페인,2014,2402978.0
스웨덴,2014,187973.0
우크라이나,2014,28751.0
영국,2014,1598879.0
세르비아,2014,18216.76447053794
아프리카,2014,2449370.8315492105
알제리,2014,2352.009430812797
보츠와나,2014,1696.8850801751548
이집트,2014,27020.0
모로코,2014,231986.0
나이지리아,2014,5987.985366652698
남아프리카공화국,2014,566083.0
오세아니아,2014,2279028.283167462
오스트레일리아,2014,174986.0
세계,2014,67981546.0
대한민국,2014,4124116.0
중국,2014,19919795.0
인도,2014,3159769.0
인도네시아,2014,1013172.0
이란,2014,925975.0
일본,2014,8277070.0
말레이시아,2014,545122.0
파키스탄,2014,111932.0
대만,2014,285370.0
태국,2014,742678.0
튀르키예,2014,733439.0
우즈베키스탄,2014,224870.0
베트남,2014,79970.0
캐나다,2014,913533.0
멕시코,2014,1915709.0
미국,2014,4253098.0
아르헨티나,2014,363711.0
브라질,2014,2404876.0
콜롬비아,2014,115640.0
에콰도르,2014,28634.0
베네수엘라,2014,6616.0
오스트리아,2014,135126.0
벨기에,2014,480925.0
체코,2014,1246506.0
핀란드,2014,45842.0
프랑스,2014,1496779.0
독일,2014,5604026.0
헝가리,2014,432522.0
이탈리아,2014,401317.0
네덜란드,2014,29000.0
폴란드,2014,470914.0
포르투갈,2014,117744.0
루마니아,2014,391422.0
러시아,2014,1692505.0
슬로베니아,2014,118533.0
스페인,2014,1898342.0
스웨덴,2014,154173.0
우크라이나,2014,25941.0
영국,2014,1528148.0
이집트,2014,17830.0
모로코,2014,209999.0
남아프리카공화국,2014,277491.0
오스트레일리아,2014,149986.0
세계,2014,22083507.0
대한민국,2014,400816.0
중국,2014,3249532.0
인도,2014,681945.0
인도네시아,2014,285351.0
이란,2014,164871.0
일본,2014,1497488.0
말레이시아,2014,51296.0
파키스탄,2014,36812.0
대만,2014,93853.0
태국,2014,1137329.0
튀르키예,2014,437006.0
우즈베키스탄,2014,20790.0
베트남,2014,53618.0
캐나다,2014,1480621.0
멕시코,2014,1452301.0
미국,2014,7407604.0
아르헨티나,2014,253618.0
브라질,2014,767874.0
콜롬비아,2014,18840.0
에콰도르,2014,34055.0
베네수엘라,2014,13143.0
오스트리아,2014,15600.0
벨기에,2014,35190.0
체코,2014,4714.0
핀란드,2014,35.0
프랑스,2014,356722.0
독일,2014,447312.0
헝가리,2014,3050.0
이탈리아,2014,296547.0
네덜란드,2014,59340.0
폴란드,2014,117871.0
포르투갈,2014,43765.0
루마니아,2014,13.0
러시아,2014,194141.0
슬로바키아,2014,433563.87628558045
슬로베니아,2014,58.0
스페인,2014,504636.0
스웨덴,2014,33800.0
우크라이나,2014,2810.0
영국,2014,70731.0
이집트,2014,9190.0
모로코,2014,21987.0
남아프리카공화국,2014,288592.0
오스트레일리아,2014,25000.0
세계,2013,88596328.0
아시아,2013,2272788.3752740202
대한민국,2013,4521429.0
아제르바이잔,2013,2150.4868924413186
중국,2013,22116825.0
인도,2013,3932525.0
인도네시아,2013,1208165.0
이란,2013,737061.0
일본,2013,9630181.0
카자흐스탄,2013,61123.43757990165
말레이시아,2013,601407.0
미얀마,2013,2744.8118764982823
파키스탄,2013,142145.0
필리핀,2013,79169.0
대만,2013,338720.0
태국,2013,2457057.0
튀르키예,2013,1125534.0
우즈베키스탄,2013,246641.0
베트남,2013,96692.0
북아메리카,2013,2090177.956591661
캐나다,2013,2379834.0
멕시코,2013,3054849.0
미국,2013,11066432.0
남아메리카,2013,2130102.9841638124
아르헨티나,2013,791007.0
브라질,2013,3738448.0
칠레,2013,9100.154711817357
콜롬비아,2013,129547.0
에콰도르,2013,66099.0
베네수엘라,2013,71753.0
유럽,2013,2303911.6116635725
오스트리아,2013,166428.0
벨라루스,2013,22122.91626045368
벨기에,2013,503504.0
체코,2013,1132931.0
핀란드,2013,7609.0
프랑스,2013,1783490.0
독일,2013,5877322.0
헝가리,2013,324617.0
이탈리아,2013,658207.0
네덜란드,2013,29183.0
폴란드,2013,587817.0
포르투갈,2013,154016.0
루마니아,2013,410997.0
러시아,2013,2175310.0
슬로바키아,2013,987718.0
슬로베니아,2013,93733.0
스페인,2013,2163338.0
스웨덴,2013,198580.0
우크라이나,2013,50482.0
영국,2013,1597433.0
세르비아,2013,73200.0
아프리카,2013,2449370.8315492105
알제리,2013,2352.009430812797
보츠와나,2013,1696.8850801751548
이집트,2013,92190.0
모로코,2013,167452.0
나이지리아,2013,5987.985366652698
남아프리카공화국,2013,538550.0
오세아니아,2013,2279028.283167462
오스트레일리아,2013,210538.0
세계,2013,66388557.0
대한민국,2013,4122604.0
중국,2013,18084169.0
인도,2013,3181994.0
인도네시아,2013,925066.0
이란,2013,624749.0
일본,2013,8189323.0
말레이시아,2013,543892.0
파키스탄,2013,121234.0
필리핀,2013,26490.0
대만,2013,291037.0
태국,2013,1071076.0
튀르키예,2013,633604.0
우즈베키스탄,2013,223799.0
베트남,2013,36066.0
캐나다,2013,965191.0
멕시코,2013,1771987.0
미국,2013,4368835.0
아르헨티나,2013,506539.0
브라질,2013,2954711.0
콜롬비아,2013,116446.0
에콰도르,2013,32552.0
베네수엘라,2013,37497.0
오스트리아,2013,146566.0
벨기에,2013,465504.0
체코,2013,1126386.0
프랑스,2013,1458377.0
독일,2013,5439904.0
헝가리,2013,322117.0
이탈리아,2013,388465.0
네덜란드,2013,144935.80020594943
폴란드,2013,475149.0
포르투갈,2013,109698.0
루마니아,2013,410959.0
러시아,2013,1919635.0
스페인,2013,1719700.0
스웨덴,2013,161080.0
우크라이나,2013,45758.0
영국,2013,1509762.0
세르비아,2013,73000.0
이집트,2013,54776.0
모로코,2013,146842.0
남아프리카공화국,2013,265247.0
오스트레일리아,2013,180773.0
세계,2013,22207771.0
대한민국,2013,398825.0
중국,2013,4032656.0
인도,2013,750531.0
인도네시아,2013,283099.0
이란,2013,112312.0
일본,2013,1440858.0
말레이시아,2013,57515.0
파키스탄,2013,20911.0
필리핀,2013,52679.0
대만,2013,47683.0
태국,2013,1385981.0
튀르키예,2013,491930.0
우즈베키스탄,2013,22842.0
베트남,2013,60626.0
캐나다,2013,1414643.0
멕시코,2013,1282862.0
미국,2013,6697597.0
아르헨티나,2013,284468.0
브라질,2013,783737.0
콜롬비아,2013,13101.0
에콰도르,2013,33547.0
베네수엘라,2013,34256.0
오스트리아,2013,19862.0
벨기에,2013,38000.0
체코,2013,6545.0
핀란드,2013,25707.88298496874
프랑스,2013,325113.0
독일,2013,437418.0
헝가리,2013,2500.0
이탈리아,2013,269742.0
폴란드,2013,112668.0
포르투갈,2013,44318.0
루마니아,2013,38.0
러시아,2013,255675.0
슬로바키아,2013,433563.87628558045
슬로베니아,2013,118690.97200975752
스페인,2013,443638.0
스웨덴,2013,37500.0
우크라이나,2013,4724.0
영국,2013,87671.0
세르비아,2013,200.0
이집트,2013,37414.0
모로코,2013,20610.0
남아프리카공화국,2013,273303.0
오스트레일리아,2013,29765.0
세계,2012,85190974.0
아시아,2012,2272788.3752740202
대한민국,2012,4561766.0
아제르바이잔,2012,2150.4868924413186
중국,2012,19271808.0
인도,2012,4201213.0
인도네시아,2012,1065557.0
이란,2012,921380.0
일본,2012,9941157.0
카자흐스탄,2012,61123.43757990165
말레이시아,2012,569620.0
미얀마,2012,2744.8118764982823
파키스탄,2012,159671.0
필리핀,2012,75413.0
대만,2012,339038.0
태국,2012,2453717.0
튀르키예,2012,1072978.0
우즈베키스탄,2012,236201.0
베트남,2012,80772.0
북아메리카,2012,2090177.956591661
캐나다,2012,2463364.0
멕시코,2012,3001814.0
미국,2012,10335765.0
남아메리카,2012,2130102.9841638124
아르헨티나,2012,764495.0
브라질,2012,3430604.0
칠레,2012,9100.154711817357
콜롬비아,2012,149931.0
에콰도르,2012,79616.0
베네수엘라,2012,104083.0
유럽,2012,2303911.6116635725
오스트리아,2012,143089.0
벨라루스,2012,22122.91626045368
벨기에,2012,538848.0
체코,2012,1178938.0
핀란드,2012,1254.0
프랑스,2012,2010253.0
독일,2012,5797471.0
헝가리,2012,231988.0
이탈리아,2012,671768.0
네덜란드,2012,55649.0
폴란드,2012,644714.0
포르투갈,2012,163561.0
루마니아,2012,337765.0
러시아,2012,2232172.0
슬로바키아,2012,927188.0
슬로베니아,2012,130949.0
스페인,2012,1979179.0
스웨덴,2012,200314.0
우크라이나,2012,76338.0
영국,2012,1576945.0
세르비아,2012,25514.0
아프리카,2012,2449370.8315492105
알제리,2012,2352.009430812797
보츠와나,2012,1696.8850801751548
이집트,2012,87896.0
모로코,2012,108743.0
나이지리아,2012,5987.985366652698
남아프리카공화국,2012,504175.0
오세아니아,2012,2279028.283167462
오스트레일리아,2012,221224.0
세계,2012,63470481.0
대한민국,2012,4167089.0
중국,2012,15523658.0
인도,2012,3321340.0
인도네시아,2012,743501.0
이란,2012,788390.0
일본,2012,8552583.0
말레이시아,2012,509621.0
파키스탄,2012,137424.0
필리핀,2012,26340.0
대만,2012,278043.0
태국,2012,957623.0
튀르키예,2012,577296.0
우즈베키스탄,2012,210921.0
베트남,2012,27292.0
캐나다,2012,1040298.0
멕시코,2012,1810007.0
미국,2012,4109013.0
아르헨티나,2012,497376.0
브라질,2012,2591348.0
콜롬비아,2012,93829.0
에콰도르,2012,34544.0
베네수엘라,2012,53797.0
오스트리아,2012,123602.0
벨기에,2012,504616.0
체코,2012,1171774.0
프랑스,2012,1682814.0
독일,2012,5388459.0
헝가리,2012,229588.0
이탈리아,2012,396817.0
네덜란드,2012,24895.0
폴란드,2012,533918.0
포르투갈,2012,115735.0
루마니아,2012,326556.0
러시아,2012,1968789.0
스페인,2012,1539680.0
스웨덴,2012,162814.0
우크라이나,2012,69687.0
영국,2012,1464906.0
세르비아,2012,25281.0
이집트,2012,53475.0
모로코,2012,103364.0
남아프리카공화국,2012,248923.0
오스트레일리아,2012,189949.0
세계,2012,21720493.0
대한민국,2012,394677.0
중국,2012,3748150.0
인도,2012,879873.0
인도네시아,2012,322056.0
이란,2012,132990.0
일본,2012,1388574.0
말레이시아,2012,59999.0
파키스탄,2012,22247.0
필리핀,2012,49073.0
대만,2012,60995.0
태국,2012,1496094.0
튀르키예,2012,495682.0
우즈베키스탄,2012,25280.0
베트남,2012,53480.0
캐나다,2012,1423066.0
멕시코,2012,1191807.0
미국,2012,6226752.0
아르헨티나,2012,267119.0
브라질,2012,839256.0
콜롬비아,2012,56102.0
에콰도르,2012,45072.0
베네수엘라,2012,50286.0
오스트리아,2012,19487.0
벨기에,2012,34232.0
체코,2012,7164.0
핀란드,2012,25707.88298496874
프랑스,2012,327439.0
독일,2012,409012.0
헝가리,2012,2400.0
이탈리아,2012,274951.0
네덜란드,2012,30754.0
폴란드,2012,110796.0
포르투갈,2012,47826.0
루마니아,2012,11209.0
러시아,2012,263383.0
슬로바키아,2012,433563.87628558045
슬로베니아,2012,118690.97200975752
스페인,2012,439499.0
스웨덴,2012,37500.0
우크라이나,2012,6651.0
영국,2012,112039.0
세르비아,2012,233.0
이집트,2012,34421.0
모로코,2012,5379.0
남아프리카공화국,2012,255252.0
오스트레일리아,2012,31275.0
세계,2011,81026828.0
아시아,2011,2272788.3752740202
대한민국,2011,4657094.0
아제르바이잔,2011,2150.4868924413186
중국,2011,18418876.0
인도,2011,3933473.0
인도네시아,2011,837948.0
이란,2011,1641536.0
일본,2011,8398630.0
카자흐스탄,2011,61123.43757990165
말레이시아,2011,533515.0
미얀마,2011,2744.8118764982823
파키스탄,2011,162388.0
필리핀,2011,64906.0
대만,2011,343296.0
태국,2011,1457795.0
튀르키예,2011,1189131.0
우즈베키스탄,2011,222022.0
베트남,2011,111116.0
북아메리카,2011,2090177.956591661
캐나다,2011,2135121.0
멕시코,2011,2681050.0
미국,2011,8662255.0
남아메리카,2011,2130102.9841638124
아르헨티나,2011,828771.0
브라질,2011,3442787.0
칠레,2011,9100.154711817357
콜롬비아,2011,154291.0
에콰도르,2011,75743.0
베네수엘라,2011,102409.0
유럽,2011,2303911.6116635725
오스트리아,2011,152505.0
벨라루스,2011,22122.91626045368
벨기에,2011,595084.0
체코,2011,1199834.0
핀란드,2011,2527.0
프랑스,2011,2277775.0
독일,2011,6301579.0
헝가리,2011,213521.0
이탈리아,2011,790348.0
네덜란드,2011,110383.0
폴란드,2011,835854.0
포르투갈,2011,192242.0
루마니아,2011,335232.0
러시아,2011,1991042.0
슬로바키아,2011,704370.0
슬로베니아,2011,174127.0
스페인,2011,2360608.0
스웨덴,2011,230429.0
우크라이나,2011,104645.0
영국,2011,1463983.0
세르비아,2011,11023.0
아프리카,2011,2449370.8315492105
알제리,2011,2352.009430812797
보츠와나,2011,1696.8850801751548
이집트,2011,81731.0
모로코,2011,59477.0
나이지리아,2011,5987.985366652698
남아프리카공화국,2011,516348.0
오세아니아,2011,2279028.283167462
오스트레일리아,2011,219376.0
세계,2011,60477840.0
대한민국,2011,4221617.0
중국,2011,14485326.0
인도,2011,3046206.0
인도네시아,2011,561863.0
이란,2011,1407827.0
일본,2011,7158525.0
말레이시아,2011,488261.0
파키스탄,2011,139700.0
필리핀,2011,24591.0
대만,2011,288523.0
태국,2011,537987.0
튀르키예,2011,639734.0
우즈베키스탄,2011,201251.0
베트남,2011,41429.0
캐나다,2011,990482.0
멕시코,2011,1657080.0
미국,2011,2977711.0
아르헨티나,2011,577233.0
브라질,2011,2505241.0
콜롬비아,2011,132485.0
에콰도르,2011,27228.0
베네수엘라,2011,58032.0
오스트리아,2011,130343.0
벨기에,2011,560779.0
체코,2011,1191968.0
프랑스,2011,1914399.0
독일,2011,5871918.0
헝가리,2011,211218.0
이탈리아,2011,485606.0
네덜란드,2011,40772.0
폴란드,2011,722285.0
포르투갈,2011,141779.0
루마니아,2011,310243.0
러시아,2011,1744097.0
스페인,2011,1845994.0
스웨덴,2011,188969.0
우크라이나,2011,97580.0
영국,2011,1343794.0
세르비아,2011,10227.0
이집트,2011,53072.0
모로코,2011,54638.0
남아프리카공화국,2011,305108.0
오스트레일리아,2011,189503.0
세계,2011,20548988.0
대한민국,2011,435477.0
중국,2011,3933550.0
인도,2011,887267.0
인도네시아,2011,276085.0
이란,2011,233709.0
일본,2011,1240105.0
말레이시아,2011,45254.0
파키스탄,2011,22688.0
필리핀,2011,40315.0
대만,2011,54773.0
태국,2011,919808.0
튀르키예,2011,549397.0
우즈베키스탄,2011,20771.0
베트남,2011,69687.0
캐나다,2011,1144639.0
멕시코,2011,1023970.0
미국,2011,5684544.0
아르헨티나,2011,251538.0
브라질,2011,937546.0
콜롬비아,2011,21806.0
에콰도르,2011,48515.0
베네수엘라,2011,44377.0
오스트리아,2011,22162.0
벨기에,2011,34305.0
체코,2011,7866.0
핀란드,2011,25707.88298496874
프랑스,2011,363376.0
독일,2011,429661.0
헝가리,2011,2303.0
이탈리아,2011,304742.0
네덜란드,2011,69611.0
폴란드,2011,113569.0
포르투갈,2011,50463.0
루마니아,2011,24989.0
러시아,2011,246945.0
슬로바키아,2011,433563.87628558045
슬로베니아,2011,118690.97200975752
스페인,2011,514614.0
스웨덴,2011,41460.0
우크라이나,2011,7065.0
영국,2011,120189.0
세르비아,2011,796.0
이집트,2011,28659.0
모로코,2011,4839.0
남아프리카공화국,2011,211240.0
오스트레일리아,2011,29873.0
세계,2010,78591893.0
아시아,2010,2272788.3752740202
대한민국,2010,4271741.0
아제르바이잔,2010,2150.4868924413186
중국,2010,18264761.0
인도,2010,3557074.0
인도네시아,2010,702508.0
이란,2010,1597399.0
일본,2010,9628875.0
카자흐스탄,2010,61123.43757990165
말레이시아,2010,567715.0
미얀마,2010,2744.8118764982823
파키스탄,2010,152970.0
필리핀,2010,80477.0
대만,2010,303456.0
태국,2010,1645304.0
튀르키예,2010,1094557.0
우즈베키스탄,2010,217733.0
베트남,2010,112224.0
북아메리카,2010,2090177.956591661
캐나다,2010,2068189.0
멕시코,2010,2347522.0
미국,2010,7743093.0
남아메리카,2010,2130102.9841638124
아르헨티나,2010,716540.0
브라질,2010,3646548.0
칠레,2010,9100.154711817357
콜롬비아,2010,126631.0
에콰도르,2010,76252.0
베네수엘라,2010,104357.0
유럽,2010,2303911.6116635725
오스트리아,2010,104997.0
벨라루스,2010,22122.91626045368
벨기에,2010,555302.0
체코,2010,1076385.0
핀란드,2010,6665.0
프랑스,2010,2229381.0
독일,2010,5905985.0
헝가리,2010,211461.0
이탈리아,2010,838186.0
네덜란드,2010,94132.0
폴란드,2010,894807.0
포르투갈,2010,158723.0
루마니아,2010,350912.0
러시아,2010,1405842.0
슬로바키아,2010,561933.0
슬로베니아,2010,211323.0
스페인,2010,2387900.0
스웨덴,2010,208427.0
우크라이나,2010,83080.0
영국,2010,1393491.0
세르비아,2010,18216.76447053794
아프리카,2010,2449370.8315492105
알제리,2010,2352.009430812797
보츠와나,2010,1696.8850801751548
이집트,2010,116683.0
모로코,2010,42066.0
나이지리아,2010,5987.985366652698
남아프리카공화국,2010,462567.0
오세아니아,2010,2279028.283167462
오스트레일리아,2010,239443.0
세계,2010,59063211.0
대한민국,2010,3866206.0
중국,2010,13897083.0
인도,2010,2831543.0
인도네시아,2010,496524.0
이란,2010,1348909.0
일본,2010,8310362.0
말레이시아,2010,522568.0
파키스탄,2010,130625.0
필리핀,2010,33161.0
대만,2010,251490.0
태국,2010,554387.0
튀르키예,2010,603394.0
우즈베키스탄,2010,196833.0
베트남,2010,33469.0
캐나다,2010,967077.0
멕시코,2010,1468967.0
미국,2010,2731105.0
아르헨티나,2010,508401.0
브라질,2010,2825974.0
콜롬비아,2010,106862.0
에콰도르,2010,26564.0
베네수엘라,2010,60810.0
오스트리아,2010,86183.0
벨기에,2010,528996.0
체코,2010,1069518.0
핀란드,2010,6385.0
프랑스,2010,1924131.0
독일,2010,5552409.0
헝가리,2010,208571.0
이탈리아,2010,573169.0
네덜란드,2010,48025.0
폴란드,2010,799255.0
포르투갈,2010,114563.0
루마니아,2010,323587.0
러시아,2010,1207544.0
스페인,2010,1913513.0
스웨덴,2010,177084.0
우크라이나,2010,75331.0
영국,2010,1274291.0
이집트,2010,76412.0
모로코,2010,35546.0
남아프리카공화국,2010,293066.0
오스트레일리아,2010,205334.0
세계,2010,19528682.0
대한민국,2010,405535.0
중국,2010,4367678.0
인도,2010,725531.0
인도네시아,2010,205984.0
이란,2010,248490.0
일본,2010,1318513.0
말레이시아,2010,45147.0
파키스탄,2010,22345.0
필리핀,2010,47316.0
대만,2010,51966.0
태국,2010,1090917.0
튀르키예,2010,491163.0
우즈베키스탄,2010,20900.0
베트남,2010,78755.0
캐나다,2010,1101112.0
멕시코,2010,878555.0
미국,2010,5011988.0
아르헨티나,2010,208139.0
브라질,2010,820574.0
콜롬비아,2010,19769.0
에콰도르,2010,49688.0
베네수엘라,2010,43547.0
오스트리아,2010,18814.0
벨기에,2010,26306.0
체코,2010,6867.0
핀란드,2010,280.0
프랑스,2010,305250.0
독일,2010,353576.0
헝가리,2010,2890.0
이탈리아,2010,265017.0
네덜란드,2010,46107.0
폴란드,2010,95552.0
포르투갈,2010,44160.0
루마니아,2010,27325.0
러시아,2010,198298.0
슬로바키아,2010,433563.87628558045
슬로베니아,2010,118690.97200975752
스페인,2010,474387.0
스웨덴,2010,31343.0
우크라이나,2010,7749.0
영국,2010,119200.0
이집트,2010,40271.0
모로코,2010,6520.0
남아프리카공화국,2010,169501.0
오스트레일리아,2010,34109.0
세계,2009,62428979.0
아시아,2009,2272788.3752740202
대한민국,2009,3512926.0
아제르바이잔,2009,2150.4868924413186
중국,2009,13790994.0
인도,2009,2641550.0
인도네시아,2009,464816.0
이란,2009,1415782.0
일본,2009,7934057.0
카자흐스탄,2009,61123.43757990165
말레이시아,2009,489269.0
미얀마,2009,2744.8118764982823
파키스탄,2009,109426.0
필리핀,2009,46458.61739982761
대만,2009,226356.0
태국,2009,999378.0
튀르키예,2009,869605.0
우즈베키스탄,2009,205011.0
베트남,2009,119459.0
북아메리카,2009,2090177.956591661
캐나다,2009,1490482.0
멕시코,2009,1564169.0
미국,2009,5709431.0
남아메리카,2009,2130102.9841638124
아르헨티나,2009,512924.0
브라질,2009,3182923.0
칠레,2009,9100.154711817357
콜롬비아,2009,88342.0
에콰도르,2009,55561.0
베네수엘라,2009,111655.0
유럽,2009,2303911.6116635725
오스트리아,2009,72334.0
벨라루스,2009,22122.91626045368
벨기에,2009,537354.0
체코,2009,974569.0
핀란드,2009,10478.0
프랑스,2009,2047658.0
독일,2009,5209543.0
헝가리,2009,214813.0
이탈리아,2009,843239.0
네덜란드,2009,76751.0
폴란드,2009,907076.0
포르투갈,2009,126015.0
루마니아,2009,296498.0
러시아,2009,725329.0
슬로바키아,2009,433954.0
슬로베니아,2009,212749.0
스페인,2009,2170078.0
스웨덴,2009,152126.0
우크라이나,2009,69295.0
영국,2009,1089935.0
세르비아,2009,18216.76447053794
아프리카,2009,2449370.8315492105
알제리,2009,2352.009430812797
보츠와나,2009,1696.8850801751548
이집트,2009,91982.0
모로코,2009,46679.0
나이지리아,2009,96.0
남아프리카공화국,2009,367581.0
오세아니아,2009,2279028.283167462
오스트레일리아,2009,223354.0
세계,2009,48292557.0
대한민국,2009,3158417.0
중국,2009,10383831.0
인도,2009,2175220.0
인도네시아,2009,352172.0
이란,2009,1184050.0
일본,2009,6862161.0
말레이시아,2009,447002.0
파키스탄,2009,92552.0
대만,2009,183986.0
태국,2009,313442.0
튀르키예,2009,510931.0
베트남,2009,34656.0
캐나다,2009,822267.0
멕시코,2009,1009914.0
미국,2009,2195588.0
아르헨티나,2009,380815.0
브라질,2009,2575418.0
콜롬비아,2009,76425.0
에콰도르,2009,18225.0
베네수엘라,2009,58579.0
오스트리아,2009,56620.0
벨기에,2009,524595.0
체코,2009,967760.0
핀란드,2009,10414.0
프랑스,2009,1819462.0
독일,2009,4964523.0
헝가리,2009,212773.0
이탈리아,2009,661100.0
네덜란드,2009,50620.0
폴란드,2009,833314.0
포르투갈,2009,101680.0
루마니아,2009,279320.0
러시아,2009,599265.0
슬로베니아,2009,202570.0
스페인,2009,1812688.0
스웨덴,2009,128738.0
우크라이나,2009,65646.0
영국,2009,999435.0
이집트,2009,60249.0
모로코,2009,37573.0
남아프리카공화국,2009,222663.0
오스트레일리아,2009,188158.0
세계,2009,14136422.0
대한민국,2009,354509.0
중국,2009,3407163.0
인도,2009,466330.0
인도네시아,2009,112644.0
이란,2009,231732.0
일본,2009,1071896.0
말레이시아,2009,42267.0
파키스탄,2009,16874.0
대만,2009,42370.0
태국,2009,685936.0
튀르키예,2009,358674.0
우즈베키스탄,2009,130716.79153690119
베트남,2009,84803.0
캐나다,2009,668215.0
멕시코,2009,554255.0
미국,2009,3513843.0
아르헨티나,2009,132109.0
브라질,2009,607505.0
콜롬비아,2009,11917.0
에콰도르,2009,37336.0
베네수엘라,2009,53076.0
오스트리아,2009,15714.0
벨기에,2009,12759.0
체코,2009,6809.0
핀란드,2009,64.0
프랑스,2009,228196.0
독일,2009,245020.0
헝가리,2009,2040.0
이탈리아,2009,182139.0
네덜란드,2009,26131.0
폴란드,2009,73762.0
포르투갈,2009,24335.0
루마니아,2009,17178.0
러시아,2009,126064.0
슬로바키아,2009,433563.87628558045
슬로베니아,2009,10179.0
스페인,2009,357390.0
스웨덴,2009,23388.0
우크라이나,2009,3649.0
영국,2009,90500.0
이집트,2009,31733.0
모로코,2009,9106.0
나이지리아,2009,5987.985366652698
남아프리카공화국,2009,144918.0
오스트레일리아,2009,35196.0
세계,2008,71632386.0
아시아,2008,2272788.3752740202
대한민국,2008,3826682.0
아제르바이잔,2008,2150.4868924413186
중국,2008,9299180.0
인도,2008,2330339.0
인도네시아,2008,600628.0
이란,2008,1300993.0
일본,2008,11575644.0
카자흐스탄,2008,61123.43757990165
말레이시아,2008,530810.0
미얀마,2008,2744.8118764982823
파키스탄,2008,155973.0
필리핀,2008,54434.0
대만,2008,182969.0
태국,2008,1393742.0
튀르키예,2008,1147110.0
우즈베키스탄,2008,208038.0
베트남,2008,111950.0
북아메리카,2008,2090177.956591661
캐나다,2008,2082241.0
멕시코,2008,2169771.0
미국,2008,8672141.0
남아메리카,2008,2130102.9841638124
아르헨티나,2008,597086.0
브라질,2008,3215976.0
칠레,2008,4405.0
콜롬비아,2008,116391.0
에콰도르,2008,71210.0
베네수엘라,2008,135042.0
유럽,2008,2303911.6116635725
오스트리아,2008,150877.0
벨라루스,2008,22122.91626045368
벨기에,2008,724516.0
체코,2008,945822.0
핀란드,2008,16521.0
프랑스,2008,2568978.0
독일,2008,6045730.0
헝가리,2008,345779.0
이탈리아,2008,1023774.0
네덜란드,2008,132494.0
폴란드,2008,1005707.0
포르투갈,2008,175155.0
루마니아,2008,245308.0
러시아,2008,1793618.0
슬로바키아,2008,527534.0
슬로베니아,2008,197843.0
스페인,2008,2541644.0
스웨덴,2008,298597.0
우크라이나,2008,423133.0
영국,2008,1649493.0
세르비아,2008,18216.76447053794
아프리카,2008,2449370.8315492105
알제리,2008,2352.009430812797
보츠와나,2008,1696.8850801751548
이집트,2008,114782.0
모로코,2008,41236.0
나이지리아,2008,2040.0
남아프리카공화국,2008,539598.0
오세아니아,2008,2279028.283167462
오스트레일리아,2008,324118.0
세계,2008,53421322.0
대한민국,2008,3450478.0
중국,2008,6737745.0
인도,2008,1844062.0
인도네시아,2008,431423.0
이란,2008,1057507.0
일본,2008,9928143.0
말레이시아,2008,484512.0
파키스탄,2008,126268.0
필리핀,2008,46458.0
대만,2008,138709.0
태국,2008,401309.0
튀르키예,2008,621567.0
우즈베키스탄,2008,195038.0
베트남,2008,23549.0
캐나다,2008,1195436.0
멕시코,2008,1217458.0
미국,2008,3731241.0
아르헨티나,2008,399577.0
브라질,2008,2545729.0
칠레,2008,9100.154711817357
콜롬비아,2008,91785.0
에콰도르,2008,20929.0
베네수엘라,2008,78327.0
오스트리아,2008,125436.0
벨기에,2008,680149.0
체코,2008,933312.0
핀란드,2008,16145.0
프랑스,2008,2145935.0
독일,2008,5532030.0
헝가리,2008,342049.0
이탈리아,2008,659221.0
네덜란드,2008,59223.0
폴란드,2008,864174.0
포르투갈,2008,132242.0
루마니아,2008,231056.0
러시아,2008,1469898.0
슬로베니아,2008,180233.0
스페인,2008,1943049.0
스웨덴,2008,252287.0
우크라이나,2008,400799.0
영국,2008,1447777.0
이집트,2008,72485.0
모로코,2008,32056.0
남아프리카공화국,2008,309534.0
오스트레일리아,2008,285590.0
세계,2008,18211064.0
대한민국,2008,376204.0
중국,2008,2561435.0
인도,2008,486277.0
인도네시아,2008,169205.0
이란,2008,243486.0
일본,2008,1647501.0
말레이시아,2008,46298.0
파키스탄,2008,29705.0
필리핀,2008,7976.0
대만,2008,44260.0
태국,2008,992433.0
튀르키예,2008,525543.0
우즈베키스탄,2008,13000.0
베트남,2008,88401.0
캐나다,2008,886805.0
멕시코,2008,952313.0
미국,2008,4940900.0
아르헨티나,2008,197509.0
브라질,2008,670247.0
콜롬비아,2008,24606.0
에콰도르,2008,50281.0
베네수엘라,2008,56715.0
오스트리아,2008,25441.0
벨기에,2008,44367.0
체코,2008,12510.0
핀란드,2008,376.0
프랑스,2008,423043.0
독일,2008,513700.0
헝가리,2008,3730.0
이탈리아,2008,364553.0
네덜란드,2008,73271.0
폴란드,2008,141533.0
포르투갈,2008,42913.0
루마니아,2008,14252.0
러시아,2008,323720.0
슬로바키아,2008,433563.87628558045
슬로베니아,2008,17610.0
스페인,2008,598595.0
스웨덴,2008,46310.0
우크라이나,2008,22334.0
영국,2008,201716.0
이집트,2008,42297.0
모로코,2008,9180.0
나이지리아,2008,5987.985366652698
남아프리카공화국,2008,230064.0
오스트레일리아,2008,38528.0
세계,2007,74483290.0
아시아,2007,2272788.3752740202
대한민국,2007,4086308.0
아제르바이잔,2007,2150.4868924413186
중국,2007,8882455.0
인도,2007,2253729.0
인도네시아,2007,411638.0
이란,2007,1146705.0
일본,2007,11596327.0
카자흐스탄,2007,61123.43757990165
말레이시아,2007,441678.0
미얀마,2007,2744.8118764982823
파키스탄,2007,204074.0
필리핀,2007,49492.0
대만,2007,283439.0
태국,2007,1287346.0
튀르키예,2007,1099414.0
우즈베키스탄,2007,184900.0
베트남,2007,80439.0
북아메리카,2007,2090177.956591661
캐나다,2007,2578790.0
멕시코,2007,2096543.0
미국,2007,10780729.0
남아메리카,2007,2130102.9841638124
아르헨티나,2007,544647.0
브라질,2007,2980108.0
칠레,2007,9000.0
콜롬비아,2007,181941.0
에콰도르,2007,59290.0
베네수엘라,2007,172361.0
유럽,2007,2303911.6116635725
오스트리아,2007,228066.0
벨라루스,2007,22122.91626045368
벨기에,2007,834403.0
체코,2007,938527.0
핀란드,2007,23329.0
프랑스,2007,3015854.0
독일,2007,6213460.0
헝가리,2007,296072.0
이탈리아,2007,1284312.0
네덜란드,2007,138678.0
폴란드,2007,874602.0
포르투갈,2007,176242.0
루마니아,2007,241712.0
러시아,2007,1665390.0
슬로바키아,2007,528163.0
슬로베니아,2007,200187.0
스페인,2007,2889703.0
스웨덴,2007,361237.0
우크라이나,2007,395423.0
영국,2007,1750253.0
세르비아,2007,18216.76447053794
아프리카,2007,2449370.8315492105
알제리,2007,2352.009430812797
보츠와나,2007,1696.8850801751548
이집트,2007,103324.0
모로코,2007,36874.0
나이지리아,2007,6725.0
남아프리카공화국,2007,516360.0
오세아니아,2007,2279028.283167462
오스트레일리아,2007,332239.0
세계,2007,54191711.0
대한민국,2007,3723482.0
중국,2007,6381115.0
인도,2007,1713479.0
인도네시아,2007,309208.0
이란,2007,943396.0
일본,2007,9944637.0
말레이시아,2007,403245.0
파키스탄,2007,175927.0
필리핀,2007,38923.0
대만,2007,212685.0
태국,2007,315444.0
튀르키예,2007,634883.0
우즈베키스탄,2007,170000.0
베트남,2007,17027.0
캐나다,2007,1342133.0
멕시코,2007,1209097.0
미국,2007,3924268.0
아르헨티나,2007,350735.0
브라질,2007,2391354.0
칠레,2007,9100.154711817357
콜롬비아,2007,145046.0
에콰도르,2007,21094.0
베네수엘라,2007,113443.0
오스트리아,2007,199969.0
벨기에,2007,789674.0
체코,2007,925778.0
핀란드,2007,23026.0
프랑스,2007,2550869.0
독일,2007,5709139.0
헝가리,2007,292027.0
이탈리아,2007,910860.0
네덜란드,2007,61912.0
폴란드,2007,761993.0
포르투갈,2007,134047.0
루마니아,2007,234103.0
러시아,2007,1288652.0
슬로베니아,2007,174209.0
스페인,2007,2195780.0
스웨덴,2007,316850.0
우크라이나,2007,380008.0
영국,2007,1534567.0
이집트,2007,69160.0
모로코,2007,34600.0
나이지리아,2007,5000.0
남아프리카공화국,2007,270630.0
오스트레일리아,2007,306416.0
세계,2007,20291579.0
대한민국,2007,362826.0
중국,2007,2501340.0
인도,2007,540250.0
인도네시아,2007,102430.0
이란,2007,203309.0
일본,2007,1651690.0
말레이시아,2007,38433.0
파키스탄,2007,28147.0
필리핀,2007,10569.0
대만,2007,70754.0
태국,2007,971902.0
튀르키예,2007,464531.0
우즈베키스탄,2007,14900.0
베트남,2007,63412.0
캐나다,2007,1236657.0
멕시코,2007,887446.0
미국,2007,6856461.0
아르헨티나,2007,193912.0
브라질,2007,588754.0
콜롬비아,2007,36895.0
에콰도르,2007,38196.0
베네수엘라,2007,58918.0
오스트리아,2007,28097.0
벨기에,2007,44729.0
체코,2007,12749.0
핀란드,2007,303.0
프랑스,2007,464985.0
독일,2007,504321.0
헝가리,2007,4045.0
이탈리아,2007,373452.0
네덜란드,2007,76766.0
폴란드,2007,112609.0
포르투갈,2007,42195.0
루마니아,2007,7609.0
러시아,2007,376738.0
슬로바키아,2007,433563.87628558045
슬로베니아,2007,25978.0
스페인,2007,693923.0
스웨덴,2007,44387.0
우크라이나,2007,15415.0
영국,2007,215686.0
이집트,2007,34164.0
모로코,2007,2274.0
나이지리아,2007,1725.0
남아프리카공화국,2007,245730.0
오스트레일리아,2007,25823.0
세계,2006,70461713.0
아시아,2006,2272788.3752740202
대한민국,2006,3840102.0
아제르바이잔,2006,2150.4868924413186
중국,2006,7279718.0
인도,2006,1958284.0
인도네시아,2006,296008.0
이란,2006,1099655.0
일본,2006,11484233.0
카자흐스탄,2006,61123.43757990165
말레이시아,2006,503048.0
미얀마,2006,2744.8118764982823
파키스탄,2006,205384.0
필리핀,2006,55906.0
대만,2006,303229.0
태국,2006,1188044.0
튀르키예,2006,987580.0
우즈베키스탄,2006,110000.0
베트남,2006,41181.0
북아메리카,2006,2090177.956591661
캐나다,2006,2571366.0
멕시코,2006,2047451.0
미국,2006,11292123.0
남아메리카,2006,2130102.9841638124
아르헨티나,2006,432101.0
브라질,2006,2611034.0
칠레,2006,4987.0
콜롬비아,2006,136660.0
에콰도르,2006,51763.0
베네수엘라,2006,171715.0
유럽,2006,2303911.6116635725
오스트리아,2006,274932.0
벨라루스,2006,22122.91626045368
벨기에,2006,918056.0
체코,2006,854908.0
핀란드,2006,32746.0
프랑스,2006,3169263.0
독일,2006,5819614.0
헝가리,2006,190243.0
이탈리아,2006,1211594.0
네덜란드,2006,159454.0
폴란드,2006,715229.0
포르투갈,2006,227392.0
루마니아,2006,213597.0
러시아,2006,1506842.0
슬로바키아,2006,267088.0
슬로베니아,2006,153127.0
스페인,2006,2777435.0
스웨덴,2006,327342.0
우크라이나,2006,279407.0
영국,2006,1649792.0
세르비아,2006,18216.76447053794
아프리카,2006,2449370.8315492105
알제리,2006,2352.009430812797
보츠와나,2006,1696.8850801751548
이집트,2006,88810.0
모로코,2006,30009.0
나이지리아,2006,6579.0
남아프리카공화국,2006,574299.0
오세아니아,2006,2279028.283167462
오스트레일리아,2006,327736.0
세계,2006,50903910.0
대한민국,2006,3489136.0
중국,2006,5233029.0
인도,2006,1473235.0
인도네시아,2006,206321.0
이란,2006,918583.0
일본,2006,9754903.0
말레이시아,2006,377952.0
파키스탄,2006,165089.0
필리핀,2006,19956.0
대만,2006,210791.0
태국,2006,298819.0
튀르키예,2006,545682.0
우즈베키스탄,2006,100000.0
베트남,2006,7480.0
캐나다,2006,1427582.0
멕시코,2006,1097619.0
미국,2006,4366996.0
아르헨티나,2006,263120.0
브라질,2006,2092003.0
칠레,2006,9100.154711817357
콜롬비아,2006,106094.0
에콰도르,2006,16927.0
베네수엘라,2006,103006.0
오스트리아,2006,248059.0
벨기에,2006,881929.0
체코,2006,848923.0
핀란드,2006,32393.0
프랑스,2006,2723240.0
독일,2006,5398508.0
헝가리,2006,187633.0
이탈리아,2006,892502.0
네덜란드,2006,87332.0
폴란드,2006,608919.0
포르투갈,2006,143478.0
루마니아,2006,201663.0
러시아,2006,1176337.0
슬로베니아,2006,119212.0
스페인,2006,2078639.0
스웨덴,2006,288583.0
우크라이나,2006,267000.0
영국,2006,1442085.0
이집트,2006,59568.0
모로코,2006,27728.0
나이지리아,2006,5000.0
남아프리카공화국,2006,333530.0
오스트레일리아,2006,297986.0
세계,2006,19557803.0
대한민국,2006,350966.0
중국,2006,2046689.0
인도,2006,485049.0
인도네시아,2006,89687.0
이란,2006,181072.0
일본,2006,1729330.0
말레이시아,2006,125096.0
파키스탄,2006,40295.0
필리핀,2006,35950.0
대만,2006,92438.0
태국,2006,889225.0
튀르키예,2006,441898.0
우즈베키스탄,2006,10000.0
베트남,2006,33701.0
캐나다,2006,1143784.0
멕시코,2006,949832.0
미국,2006,6925127.0
아르헨티나,2006,168981.0
브라질,2006,519031.0
콜롬비아,2006,30566.0
에콰도르,2006,34836.0
베네수엘라,2006,68709.0
오스트리아,2006,26873.0
벨기에,2006,36127.0
체코,2006,5985.0
핀란드,2006,353.0
프랑스,2006,446023.0
독일,2006,421106.0
헝가리,2006,2610.0
이탈리아,2006,319092.0
네덜란드,2006,72122.0
폴란드,2006,106310.0
포르투갈,2006,83914.0
루마니아,2006,11934.0
러시아,2006,330505.0
슬로바키아,2006,433563.87628558045
슬로베니아,2006,33915.0
스페인,2006,698796.0
스웨덴,2006,38759.0
우크라이나,2006,12407.0
영국,2006,207707.0
이집트,2006,29242.0
모로코,2006,2281.0
나이지리아,2006,1579.0
남아프리카공화국,2006,240769.0
오스트레일리아,2006,29750.0
세계,2005,67610173.0
아시아,2005,2272788.3752740202
대한민국,2005,3699350.0
아제르바이잔,2005,2150.4868924413186
중국,2005,5717619.0
인도,2005,1642412.0
인도네시아,2005,500710.0
이란,2005,1007055.0
일본,2005,10799659.0
카자흐스탄,2005,61123.43757990165
말레이시아,2005,563408.0
미얀마,2005,2744.8118764982823
파키스탄,2005,177468.0
필리핀,2005,52999.0
대만,2005,446345.0
태국,2005,1125316.0
튀르키예,2005,879452.0
우즈베키스탄,2005,95814.0
베트남,2005,40533.0
북아메리카,2005,2090177.956591661
캐나다,2005,2687892.0
멕시코,2005,1686026.0
미국,2005,11946653.0
남아메리카,2005,2130102.9841638124
아르헨티나,2005,319755.0
브라질,2005,2530840.0
칠레,2005,9489.0
콜롬비아,2005,106879.0
에콰도르,2005,43393.0
베네수엘라,2005,154961.0
유럽,2005,2303911.6116635725
오스트리아,2005,253186.0
벨라루스,2005,22122.91626045368
벨기에,2005,926528.0
체코,2005,604930.0
핀란드,2005,21644.0
프랑스,2005,3549008.0
독일,2005,5757710.0
헝가리,2005,152015.0
이탈리아,2005,1038352.0
네덜란드,2005,180568.0
폴란드,2005,612023.0
포르투갈,2005,219233.0
루마니아,2005,194802.0
러시아,2005,1354495.0
슬로바키아,2005,218349.0
슬로베니아,2005,177951.0
스페인,2005,2752500.0
스웨덴,2005,323580.0
우크라이나,2005,214910.0
영국,2005,1803109.0
세르비아,2005,18216.76447053794
아프리카,2005,2449370.8315492105
알제리,2005,2352.009430812797
보츠와나,2005,1696.8850801751548
이집트,2005,68521.0
모로코,2005,17178.0
나이지리아,2005,11990.0
남아프리카공화국,2005,515151.0
오세아니아,2005,2279028.283167462
오스트레일리아,2005,388985.0
세계,2005,47625838.0
대한민국,2005,3357094.0
중국,2005,3941767.0
인도,2005,999126.0
인도네시아,2005,332590.0
이란,2005,841140.0
일본,2005,9016735.0
말레이시아,2005,404571.0
파키스탄,2005,142737.0
필리핀,2005,20248.0
대만,2005,323829.0
태국,2005,277603.0
튀르키예,2005,453663.0
우즈베키스탄,2005,87512.0
베트남,2005,11619.0
캐나다,2005,1406777.0
멕시코,2005,846048.0
미국,2005,4321272.0
아르헨티나,2005,182761.0
브라질,2005,2011817.0
칠레,2005,9100.154711817357
콜롬비아,2005,75915.0
에콰도르,2005,43204.0
베네수엘라,2005,99571.0
오스트리아,2005,230505.0
벨기에,2005,895109.0
체코,2005,599472.0
핀란드,2005,21233.0
프랑스,2005,3112961.0
독일,2005,5350187.0
헝가리,2005,148533.0
이탈리아,2005,725528.0
네덜란드,2005,115121.0
폴란드,2005,527020.0
포르투갈,2005,137602.0
루마니아,2005,174538.0
러시아,2005,1068764.0
스페인,2005,2098168.0
스웨덴,2005,288659.0
우크라이나,2005,207984.0
영국,2005,1596356.0
이집트,2005,48197.0
모로코,2005,14618.0
나이지리아,2005,11000.0
남아프리카공화국,2005,324551.0
오스트레일리아,2005,320258.0
세계,2005,19984335.0
대한민국,2005,342256.0
중국,2005,1775852.0
인도,2005,643286.0
인도네시아,2005,168120.0
이란,2005,165915.0
일본,2005,1782924.0
말레이시아,2005,158837.0
파키스탄,2005,34731.0
필리핀,2005,32751.0
대만,2005,122516.0
태국,2005,847713.0
튀르키예,2005,425789.0
우즈베키스탄,2005,8302.0
베트남,2005,28914.0
캐나다,2005,1281115.0
멕시코,2005,839978.0
미국,2005,7625381.0
아르헨티나,2005,136994.0
브라질,2005,519023.0
콜롬비아,2005,30964.0
에콰도르,2005,189.0
베네수엘라,2005,55390.0
오스트리아,2005,22681.0
벨기에,2005,31419.0
체코,2005,5458.0
핀란드,2005,411.0
프랑스,2005,436047.0
독일,2005,407523.0
헝가리,2005,3482.0
이탈리아,2005,312824.0
네덜란드,2005,65447.0
폴란드,2005,85003.0
포르투갈,2005,81631.0
루마니아,2005,20264.0
러시아,2005,285731.0
슬로바키아,2005,433563.87628558045
슬로베니아,2005,118690.97200975752
스페인,2005,654332.0
스웨덴,2005,34921.0
우크라이나,2005,6926.0
영국,2005,206753.0
이집트,2005,20324.0
모로코,2005,2560.0
나이지리아,2005,990.0
남아프리카공화국,2005,190600.0
오스트레일리아,2005,68727.0
세계,2004,65077915.0
아시아,2004,2272788.3752740202
대한민국,2004,3469464.0
아제르바이잔,2004,2150.4868924413186
중국,2004,5043398.0
인도,2004,1517878.0
인도네시아,2004,408311.0
이란,2004,800457.0
일본,2004,10511518.0
카자흐스탄,2004,61123.43757990165
말레이시아,2004,471975.0
미얀마,2004,2744.8118764982823
파키스탄,2004,93172.0
필리핀,2004,72547.0
대만,2004,430821.0
태국,2004,928081.0
튀르키예,2004,823408.0
우즈베키스탄,2004,69233.0
베트남,2004,10200.0
북아메리카,2004,2090177.956591661
캐나다,2004,2711536.0
멕시코,2004,1552974.0
미국,2004,11960354.0
남아메리카,2004,2130102.9841638124
아르헨티나,2004,260402.0
브라질,2004,2317227.0
칠레,2004,7185.0
콜롬비아,2004,91265.0
에콰도르,2004,31085.0
베네수엘라,2004,111054.0
유럽,2004,2303911.6116635725
오스트리아,2004,248723.0
벨라루스,2004,22122.91626045368
벨기에,2004,900273.0
체코,2004,450959.0
핀란드,2004,10510.0
프랑스,2004,3665990.0
독일,2004,5569954.0
헝가리,2004,122682.0
이탈리아,2004,1142105.0
네덜란드,2004,247503.0
폴란드,2004,591892.0
포르투갈,2004,226728.0
루마니아,2004,122185.0
러시아,2004,1388379.0
슬로바키아,2004,223542.0
슬로베니아,2004,146798.0
스페인,2004,3012174.0
스웨덴,2004,325770.0
우크라이나,2004,150343.0
영국,2004,1856049.0
세르비아,2004,18216.76447053794
아프리카,2004,2449370.8315492105
알제리,2004,2352.009430812797
보츠와나,2004,1696.8850801751548
이집트,2004,44978.0
모로코,2004,23295.0
나이지리아,2004,11190.0
남아프리카공화국,2004,448751.0
오세아니아,2004,2279028.283167462
오스트레일리아,2004,405314.0
세계,2004,45685991.0
대한민국,2004,3122600.0
중국,2004,3255662.0
인도,2004,946774.0
인도네시아,2004,262752.0
이란,2004,711141.0
일본,2004,8720385.0
말레이시아,2004,364852.0
파키스탄,2004,76456.0
필리핀,2004,23343.0
대만,2004,299646.0
태국,2004,299439.0
튀르키예,2004,447152.0
우즈베키스탄,2004,64133.0
베트남,2004,6400.0
캐나다,2004,1335516.0
멕시코,2004,781827.0
미국,2004,4229625.0
아르헨티나,2004,171400.0
브라질,2004,1862780.0
칠레,2004,9100.154711817357
콜롬비아,2004,64020.0
에콰도르,2004,30949.0
베네수엘라,2004,62269.0
오스트리아,2004,227247.0
벨기에,2004,857119.0
체코,2004,443065.0
핀란드,2004,10051.0
프랑스,2004,3227416.0
독일,2004,5192101.0
헝가리,2004,118606.0
이탈리아,2004,833578.0
네덜란드,2004,187600.0
폴란드,2004,516152.0
포르투갈,2004,150781.0
루마니아,2004,98997.0
러시아,2004,1109958.0
슬로베니아,2004,131761.0
스페인,2004,2402501.0
스웨덴,2004,290383.0
우크라이나,2004,147602.0
영국,2004,1646881.0
이집트,2004,32351.0
모로코,2004,12450.0
나이지리아,2004,10000.0
남아프리카공화국,2004,299507.0
오스트레일리아,2004,340864.0
세계,2004,19391924.0
대한민국,2004,346864.0
중국,2004,1787736.0
인도,2004,571104.0
인도네시아,2004,145559.0
이란,2004,89316.0
일본,2004,1791133.0
말레이시아,2004,107123.0
파키스탄,2004,16716.0
필리핀,2004,49204.0
대만,2004,131175.0
태국,2004,628642.0
튀르키예,2004,376256.0
우즈베키스탄,2004,5100.0
베트남,2004,3800.0
캐나다,2004,1376020.0
멕시코,2004,771147.0
미국,2004,7730729.0
아르헨티나,2004,89002.0
브라질,2004,454447.0
콜롬비아,2004,27245.0
에콰도르,2004,136.0
베네수엘라,2004,48785.0
오스트리아,2004,21476.0
벨기에,2004,43154.0
체코,2004,7894.0
핀란드,2004,459.0
프랑스,2004,438574.0
독일,2004,377853.0
헝가리,2004,4076.0
이탈리아,2004,308527.0
네덜란드,2004,59903.0
폴란드,2004,75740.0
포르투갈,2004,75947.0
루마니아,2004,23188.0
러시아,2004,278421.0
슬로바키아,2004,433563.87628558045
슬로베니아,2004,15037.0
스페인,2004,609673.0
스웨덴,2004,35387.0
우크라이나,2004,2741.0
영국,2004,209168.0
이집트,2004,12627.0
모로코,2004,10845.0
나이지리아,2004,1190.0
남아프리카공화국,2004,149244.0
오스트레일리아,2004,64450.0
세계,2003,61911661.0
아시아,2003,2272788.3752740202
대한민국,2003,3177870.0
아제르바이잔,2003,2150.4868924413186
중국,2003,4614045.0
인도,2003,1173467.0
인도네시아,2003,322044.0
이란,2003,751622.0
일본,2003,10286318.0
카자흐스탄,2003,61123.43757990165
말레이시아,2003,424107.0
미얀마,2003,2744.8118764982823
파키스탄,2003,51692.0
필리핀,2003,84208.0
대만,2003,386686.0
태국,2003,750512.0
튀르키예,2003,533672.0
우즈베키스탄,2003,46474.0
베트남,2003,21492.0
북아메리카,2003,2090177.956591661
캐나다,2003,2552862.0
멕시코,2003,1575447.0
미국,2003,12087028.0
남아메리카,2003,2130102.9841638124
아르헨티나,2003,169621.0
브라질,2003,1827791.0
칠레,2003,6020.0
콜롬비아,2003,64807.0
에콰도르,2003,31201.0
베네수엘라,2003,46884.0
유럽,2003,2303911.6116635725
오스트리아,2003,139813.0
벨라루스,2003,22122.91626045368
벨기에,2003,904384.0
체코,2003,443404.0
핀란드,2003,23558.0
프랑스,2003,3620066.0
독일,2003,5506629.0
헝가리,2003,126116.0
이탈리아,2003,1321631.0
네덜란드,2003,215281.0
폴란드,2003,359619.0
포르투갈,2003,239361.0
루마니아,2003,95252.0
러시아,2003,1281157.0
슬로바키아,2003,281347.0
슬로베니아,2003,118172.0
스페인,2003,3029690.0
스웨덴,2003,331082.0
우크라이나,2003,70825.0
영국,2003,1846429.0
세르비아,2003,18216.76447053794
아프리카,2003,2449370.8315492105
알제리,2003,2352.009430812797
보츠와나,2003,1696.8850801751548
이집트,2003,45765.0
모로코,2003,30655.0
나이지리아,2003,10309.0
남아프리카공화국,2003,421335.0
오세아니아,2003,2279028.283167462
오스트레일리아,2003,407952.0
세계,2003,43325021.0
대한민국,2003,2767716.0
중국,2003,2867744.0
인도,2003,723996.0
인도네시아,2003,20897.0
이란,2003,658218.0
일본,2003,8478328.0
말레이시아,2003,324911.0
파키스탄,2003,42176.0
필리핀,2003,23361.0
대만,2003,264837.0
태국,2003,251691.0
튀르키예,2003,294116.0
우즈베키스탄,2003,39196.0
베트남,2003,16776.0
캐나다,2003,1340175.0
멕시코,2003,774048.0
미국,2003,4510469.0
아르헨티나,2003,109784.0
브라질,2003,1505139.0
칠레,2003,1820.0
에콰도르,2003,30889.0
베네수엘라,2003,27851.0
오스트리아,2003,118807.0
벨기에,2003,791703.0
체코,2003,436297.0
핀란드,2003,19226.0
프랑스,2003,3220329.0
독일,2003,5145403.0
헝가리,2003,122338.0
이탈리아,2003,1026454.0
네덜란드,2003,163080.0
폴란드,2003,330690.0
포르투갈,2003,165576.0
루마니아,2003,75706.0
러시아,2003,1010028.0
슬로바키아,2003,281160.0
스페인,2003,2399238.0
스웨덴,2003,280394.0
우크라이나,2003,69584.0
영국,2003,1657558.0
이집트,2003,32472.0
모로코,2003,17500.0
나이지리아,2003,9000.0
남아프리카공화국,2003,291249.0
오스트레일리아,2003,365611.0
세계,2003,18586640.0
대한민국,2003,410154.0
중국,2003,1746301.0
인도,2003,449471.0
인도네시아,2003,301147.0
이란,2003,93404.0
일본,2003,1807990.0
말레이시아,2003,99196.0
파키스탄,2003,9516.0
필리핀,2003,60847.0
대만,2003,121849.0
태국,2003,498821.0
튀르키예,2003,239556.0
우즈베키스탄,2003,7278.0
베트남,2003,4716.0
캐나다,2003,1212687.0
멕시코,2003,801399.0
미국,2003,7576559.0
아르헨티나,2003,59837.0
브라질,2003,322652.0
칠레,2003,4200.0
콜롬비아,2003,65570.86880519897
에콰도르,2003,312.0
베네수엘라,2003,19033.0
오스트리아,2003,21006.0
벨기에,2003,112681.0
체코,2003,7107.0
핀란드,2003,4332.0
프랑스,2003,399737.0
독일,2003,361226.0
헝가리,2003,3778.0
이탈리아,2003,295177.0
네덜란드,2003,52201.0
폴란드,2003,28929.0
포르투갈,2003,73785.0
루마니아,2003,19546.0
러시아,2003,271129.0
슬로바키아,2003,187.0
슬로베니아,2003,118690.97200975752
스페인,2003,630452.0
스웨덴,2003,50688.0
우크라이나,2003,1241.0
영국,2003,188871.0
이집트,2003,13293.0
모로코,2003,13155.0
나이지리아,2003,1309.0
남아프리카공화국,2003,130086.0
오스트레일리아,2003,42341.0
세계,2002,59665814.0
아시아,2002,2272788.3752740202
대한민국,2002,3147584.0
아제르바이잔,2002,2150.4868924413186
중국,2002,3251225.0
인도,2002,927806.0
인도네시아,2002,299262.0
이란,2002,532345.0
일본,2002,10257309.0
카자흐스탄,2002,61123.43757990165
말레이시아,2002,456822.0
미얀마,2002,2744.8118764982823
파키스탄,2002,62469.0
필리핀,2002,80832.0
대만,2002,333699.0
태국,2002,584951.0
튀르키예,2002,346565.0
우즈베키스탄,2002,47500.0
베트남,2002,44933.0
북아메리카,2002,2090177.956591661
캐나다,2002,2633301.0
멕시코,2002,1804670.0
미국,2002,12279582.0
남아메리카,2002,2130102.9841638124
아르헨티나,2002,159356.0
브라질,2002,1792660.0
칠레,2002,20136.0
콜롬비아,2002,56066.0
에콰도르,2002,21203.0
베네수엘라,2002,82805.0
유럽,2002,2303911.6116635725
오스트리아,2002,152619.0
벨라루스,2002,22122.91626045368
벨기에,2002,1057201.0
체코,2002,448477.0
핀란드,2002,41448.0
프랑스,2002,3375818.0
독일,2002,5469309.0
헝가리,2002,141513.0
이탈리아,2002,1427081.0
네덜란드,2002,211879.0
폴란드,2002,333659.0
포르투갈,2002,250832.0
루마니아,2002,79456.0
러시아,2002,1221619.0
슬로바키아,2002,225718.0
슬로베니아,2002,126661.0
스페인,2002,2855239.0
스웨덴,2002,271251.0
우크라이나,2002,53823.0
영국,2002,1821201.0
세르비아,2002,18216.76447053794
아프리카,2002,2449370.8315492105
알제리,2002,2352.009430812797
보츠와나,2002,1696.8850801751548
이집트,2002,43490.0
모로코,2002,31045.0
나이지리아,2002,9269.0
남아프리카공화국,2002,404441.0
오세아니아,2002,2279028.283167462
오스트레일리아,2002,340466.0
세계,2002,41503204.0
대한민국,2002,2651273.0
중국,2002,1090820.0
인도,2002,571877.0
인도네시아,2002,24006.0
이란,2002,481690.0
일본,2002,8618348.0
말레이시아,2002,380050.0
파키스탄,2002,47611.0
필리핀,2002,25242.0
대만,2002,231506.0
태국,2002,169321.0
튀르키예,2002,204198.0
베트남,2002,4800.0
캐나다,2002,1369042.0
멕시코,2002,960097.0
미국,2002,5018777.0
아르헨티나,2002,111299.0
브라질,2002,1521431.0
칠레,2002,7484.0
콜롬비아,2002,44285.0
에콰도르,2002,13775.0
베네수엘라,2002,61546.0
오스트리아,2002,132768.0
벨기에,2002,936903.0
체코,2002,441312.0
핀란드,2002,41055.0
프랑스,2002,3008648.0
독일,2002,5123238.0
헝가리,2002,138239.0
이탈리아,2002,1125769.0
네덜란드,2002,182368.0
폴란드,2002,298228.0
포르투갈,2002,182573.0
루마니아,2002,65266.0
러시아,2002,980061.0
슬로바키아,2002,225442.0
스페인,2002,2266902.0
스웨덴,2002,237975.0
우크라이나,2002,50393.0
영국,2002,1629934.0
이집트,2002,27900.0
모로코,2002,17200.0
나이지리아,2002,8000.0
남아프리카공화국,2002,276499.0
오스트레일리아,2002,306867.0
세계,2002,18162610.0
대한민국,2002,496311.0
중국,2002,2160405.0
인도,2002,355929.0
인도네시아,2002,275256.0
이란,2002,50655.0
일본,2002,1638961.0
말레이시아,2002,76772.0
파키스탄,2002,14858.0
필리핀,2002,55590.0
대만,2002,102193.0
태국,2002,415630.0
튀르키예,2002,142367.0
우즈베키스탄,2002,130716.79153690119
베트남,2002,40133.0
캐나다,2002,1264259.0
멕시코,2002,844573.0
미국,2002,7260805.0
아르헨티나,2002,48057.0
브라질,2002,271229.0
칠레,2002,12652.0
콜롬비아,2002,11781.0
에콰도르,2002,7428.0
베네수엘라,2002,21259.0
오스트리아,2002,19851.0
벨기에,2002,120298.0
체코,2002,7165.0
핀란드,2002,393.0
프랑스,2002,367170.0
독일,2002,346071.0
헝가리,2002,3274.0
이탈리아,2002,301312.0
네덜란드,2002,29511.0
폴란드,2002,35431.0
포르투갈,2002,68259.0
루마니아,2002,14190.0
러시아,2002,241558.0
슬로바키아,2002,276.0
슬로베니아,2002,118690.97200975752
스페인,2002,588337.0
스웨덴,2002,33276.0
우크라이나,2002,3430.0
영국,2002,191267.0
이집트,2002,15590.0
모로코,2002,13845.0
나이지리아,2002,1269.0
남아프리카공화국,2002,127942.0
오스트레일리아,2002,33599.0
세계,2001,57004607.0
아시아,2001,2272788.3752740202
대한민국,2001,2946329.0
아제르바이잔,2001,2150.4868924413186
중국,2001,2334440.0
인도,2001,824936.0
인도네시아,2001,279187.0
이란,2001,295837.0
일본,2001,9777191.0
카자흐스탄,2001,61123.43757990165
말레이시아,2001,428701.0
미얀마,2001,2744.8118764982823
파키스탄,2001,50762.0
필리핀,2001,65854.0
대만,2001,271704.0
태국,2001,459283.0
튀르키예,2001,270685.0
우즈베키스탄,2001,51400.0
베트남,2001,10673.0
북아메리카,2001,2090177.956591661
캐나다,2001,2532363.0
멕시코,2001,1857114.0
미국,2001,11424689.0
남아메리카,2001,2130102.9841638124
아르헨티나,2001,235577.0
브라질,2001,1817116.0
칠레,2001,14903.0
콜롬비아,2001,39314.0
에콰도르,2001,17518.0
베네수엘라,2001,136771.0
유럽,2001,2303911.6116635725
오스트리아,2001,155403.0
벨라루스,2001,22122.91626045368
벨기에,2001,1187257.0
체코,2001,466441.0
핀란드,2001,42320.0
프랑스,2001,3386412.0
독일,2001,5691677.0
헝가리,2001,144313.0
이탈리아,2001,1579696.0
네덜란드,2001,220587.0
폴란드,2001,395060.0
포르투갈,2001,239719.0
루마니아,2001,68761.0
러시아,2001,1253808.0
슬로바키아,2001,182003.0
슬로베니아,2001,116082.0
스페인,2001,2849888.0
스웨덴,2001,302731.0
우크라이나,2001,33591.0
영국,2001,1685238.0
세르비아,2001,18216.76447053794
아프리카,2001,2449370.8315492105
알제리,2001,2352.009430812797
보츠와나,2001,1608.0
이집트,2001,55203.0
모로코,2001,17520.0
나이지리아,2001,8660.0
남아프리카공화국,2001,407036.0
오세아니아,2001,2279028.283167462
오스트레일리아,2001,343870.0
세계,2001,40302695.0
대한민국,2001,2471444.0
중국,2001,703521.0
인도,2001,548415.0
인도네시아,2001,32237.0
일본,2001,8117563.0
말레이시아,2001,355863.0
파키스탄,2001,40922.0
필리핀,2001,21635.0
대만,2001,195109.0
태국,2001,155931.0
튀르키예,2001,175343.0
베트남,2001,7228.0
캐나다,2001,1274853.0
멕시코,2001,1000715.0
미국,2001,4879119.0
아르헨티나,2001,169591.0
브라질,2001,1501586.0
칠레,2001,4430.0
콜롬비아,2001,28886.0
에콰도르,2001,7400.0
베네수엘라,2001,94494.0
오스트리아,2001,131098.0
벨기에,2001,1058656.0
체코,2001,456927.0
핀란드,2001,41916.0
프랑스,2001,2990743.0
독일,2001,5301189.0
헝가리,2001,140401.0
이탈리아,2001,1271780.0
네덜란드,2001,189261.0
폴란드,2001,376262.0
포르투갈,2001,177357.0
루마니아,2001,56774.0
러시아,2001,1021981.0
슬로바키아,2001,181644.0
스페인,2001,2211172.0
스웨덴,2001,269547.0
우크라이나,2001,27004.0
영국,2001,1492365.0
이집트,2001,37422.0
모로코,2001,12484.0
나이지리아,2001,7000.0
남아프리카공화국,2001,270538.0
오스트레일리아,2001,313762.0
세계,2001,16701912.0
대한민국,2001,474885.0
중국,2001,1630919.0
인도,2001,276521.0
인도네시아,2001,246950.0
이란,2001,644895.7304192112
일본,2001,1659628.0
말레이시아,2001,72838.0
파키스탄,2001,9840.0
필리핀,2001,44219.0
대만,2001,76595.0
태국,2001,303352.0
튀르키예,2001,95342.0
우즈베키스탄,2001,130716.79153690119
베트남,2001,3445.0
캐나다,2001,1257510.0
멕시코,2001,856399.0
미국,2001,6545570.0
아르헨티나,2001,65986.0
브라질,2001,315530.0
칠레,2001,10473.0
콜롬비아,2001,10428.0
에콰도르,2001,10118.0
베네수엘라,2001,42277.0
오스트리아,2001,24305.0
벨기에,2001,128601.0
체코,2001,9514.0
핀란드,2001,404.0
프랑스,2001,395669.0
독일,2001,390488.0
헝가리,2001,3912.0
이탈리아,2001,307916.0
네덜란드,2001,31326.0
폴란드,2001,18798.0
포르투갈,2001,62362.0
루마니아,2001,11987.0
러시아,2001,231827.0
슬로바키아,2001,359.0
슬로베니아,2001,118690.97200975752
스페인,2001,638716.0
스웨덴,2001,33184.0
우크라이나,2001,6587.0
영국,2001,192873.0
보츠와나,2001,1696.8850801751548
이집트,2001,17781.0
모로코,2001,5036.0
나이지리아,2001,1660.0
남아프리카공화국,2001,136498.0
오스트레일리아,2001,30108.0
세계,2000,59088257.0
아시아,2000,2272788.3752740202
대한민국,2000,3114998.0
아제르바이잔,2000,2150.4868924413186
중국,2000,2069069.0
인도,2000,801360.0
인도네시아,2000,292710.0
이란,2000,305353.0
일본,2000,10090303.0
카자흐스탄,2000,61123.43757990165
말레이시아,2000,359195.0
미얀마,2000,2744.8118764982823
파키스탄,2000,47000.0
필리핀,2000,71171.0
대만,2000,372613.0
태국,2000,411721.0
튀르키예,2000,430947.0
우즈베키스탄,2000,46108.0
베트남,2000,6862.0
북아메리카,2000,2090177.956591661
캐나다,2000,2961636.0
멕시코,2000,1922889.0
미국,2000,12770714.0
남아메리카,2000,2130102.9841638124
아르헨티나,2000,339632.0
브라질,2000,1681517.0
칠레,2000,19216.0
콜롬비아,2000,34683.0
에콰도르,2000,13076.0
베네수엘라,2000,101503.0
유럽,2000,2303911.6116635725
오스트리아,2000,141026.0
벨라루스,2000,22122.91626045368
벨기에,2000,1033294.0
체코,2000,457598.0
핀란드,2000,38926.0
프랑스,2000,3183681.0
독일,2000,5526385.0
헝가리,2000,137398.0
이탈리아,2000,1738315.0
네덜란드,2000,245176.0
폴란드,2000,488376.0
포르투갈,2000,247199.0
루마니아,2000,78165.0
러시아,2000,1209868.0
슬로바키아,2000,181679.0
슬로베니아,2000,122946.0
스페인,2000,3033324.0
스웨덴,2000,295634.0
우크라이나,2000,31255.0
영국,2000,1813759.0
세르비아,2000,18216.76447053794
아프리카,2000,2449370.8315492105
알제리,2000,2352.009430812797
보츠와나,2000,1696.8850801751548
이집트,2000,62642.0
모로코,2000,19432.0
나이지리아,2000,7800.0
남아프리카공화국,2000,357364.0
오세아니아,2000,2279028.283167462
오스트레일리아,2000,344922.0
세계,2000,41462675.0
대한민국,2000,2602008.0
중국,2000,604677.0
인도,2000,517957.0
인도네시아,2000,37317.0
이란,2000,252425.0
일본,2000,8363485.0
말레이시아,2000,295318.0
파키스탄,2000,37000.0
필리핀,2000,26498.0
대만,2000,263013.0
태국,2000,97129.0
튀르키예,2000,297476.0
베트남,2000,5062.0
캐나다,2000,1550500.0
멕시코,2000,1130488.0
미국,2000,5542217.0
아르헨티나,2000,238921.0
브라질,2000,1351998.0
칠레,2000,5238.0
콜롬비아,2000,22826.0
에콰도르,2000,1236.0
베네수엘라,2000,86100.0
오스트리아,2000,115979.0
벨기에,2000,912233.0
체코,2000,428224.0
핀란드,2000,38468.0
프랑스,2000,2765803.0
독일,2000,5131918.0
헝가리,2000,134029.0
이탈리아,2000,1422284.0
네덜란드,2000,215085.0
폴란드,2000,474674.0
포르투갈,2000,191387.0
루마니아,2000,64181.0
러시아,2000,969235.0
슬로바키아,2000,181312.0
스페인,2000,2366809.0
스웨덴,2000,259959.0
우크라이나,2000,18124.0
영국,2000,1641317.0
이집트,2000,41236.0
모로코,2000,17359.0
나이지리아,2000,6400.0
남아프리카공화국,2000,230577.0
오스트레일리아,2000,323649.0
세계,2000,17625582.0
대한민국,2000,512990.0
중국,2000,1464392.0
인도,2000,283403.0
인도네시아,2000,255393.0
이란,2000,52928.0
일본,2000,1726818.0
말레이시아,2000,63877.0
파키스탄,2000,10000.0
필리핀,2000,44673.0
대만,2000,109600.0
태국,2000,314592.0
튀르키예,2000,133471.0
우즈베키스탄,2000,130716.79153690119
베트남,2000,1800.0
캐나다,2000,1411136.0
멕시코,2000,792401.0
미국,2000,7228497.0
아르헨티나,2000,100711.0
브라질,2000,329519.0
칠레,2000,13978.0
콜롬비아,2000,11857.0
에콰도르,2000,11840.0
베네수엘라,2000,15403.0
오스트리아,2000,25047.0
벨기에,2000,121061.0
체코,2000,29374.0
핀란드,2000,458.0
프랑스,2000,417878.0
독일,2000,394467.0
헝가리,2000,3369.0
이탈리아,2000,316031.0
네덜란드,2000,30091.0
폴란드,2000,13702.0
포르투갈,2000,55812.0
루마니아,2000,13984.0
러시아,2000,240633.0
슬로바키아,2000,367.0
슬로베니아,2000,118690.97200975752
스페인,2000,666515.0
스웨덴,2000,35675.0
우크라이나,2000,13131.0
영국,2000,172442.0
이집트,2000,21406.0
모로코,2000,2073.0
나이지리아,2000,1400.0
남아프리카공화국,2000,126787.0
오스트레일리아,2000,21273.0
세계,1999,57095820.0
아시아,1999,2272788.3752740202
대한민국,1999,2843114.0
아제르바이잔,1999,2150.4868924413186
중국,1999,1830323.0
인도,1999,817734.0
인도네시아,1999,87004.0
이란,1999,138231.0
일본,1999,9895476.0
카자흐스탄,1999,61123.43757990165
말레이시아,1999,303575.0
미얀마,1999,2744.8118764982823
파키스탄,1999,46029.0
필리핀,1999,62903.0
대만,1999,350273.0
태국,1999,327233.0
튀르키예,1999,297862.0
우즈베키스탄,1999,44646.0
베트남,1999,5042.0
북아메리카,1999,2090177.956591661
캐나다,1999,3056616.0
멕시코,1999,1534160.0
미국,1999,13024978.0
남아메리카,1999,2130102.9841638124
아르헨티나,1999,304809.0
브라질,1999,1350828.0
칠레,1999,13992.0
콜롬비아,1999,32158.0
에콰도르,1999,9764.0
베네수엘라,1999,74216.0
유럽,1999,2303911.6116635725
오스트리아,1999,139331.0
벨라루스,1999,22122.91626045368
벨기에,1999,1016432.0
체코,1999,377753.0
핀란드,1999,34375.0
프랑스,1999,3035729.0
독일,1999,5687692.0
헝가리,1999,126989.0
이탈리아,1999,1701256.0
네덜란드,1999,287315.0
폴란드,1999,600111.0
포르투갈,1999,252290.0
루마니아,1999,106924.0
러시아,1999,1179325.0
슬로바키아,1999,126846.0
슬로베니아,1999,118132.0
스페인,1999,2852389.0
스웨덴,1999,245583.0
우크라이나,1999,19180.0
영국,1999,1972528.0
세르비아,1999,18216.76447053794
아프리카,1999,2449370.8315492105
알제리,1999,2352.009430812797
보츠와나,1999,1696.8850801751548
이집트,1999,76048.0
모로코,1999,18938.0
나이지리아,1999,6150.0
남아프리카공화국,1999,325587.0
오세아니아,1999,2279028.283167462
오스트레일리아,1999,323172.0
세계,1999,40316125.0
대한민국,1999,2361735.0
중국,1999,565366.0
인도,1999,533177.0
인도네시아,1999,6108.0
이란,1999,119416.0
일본,1999,8100169.0
말레이시아,1999,257234.0
파키스탄,1999,37497.0
필리핀,1999,23896.0
대만,1999,245969.0
태국,1999,72716.0
튀르키예,1999,222041.0
베트남,1999,3242.0
캐나다,1999,1626316.0
멕시코,1999,994104.0
미국,1999,5637949.0
아르헨티나,1999,224733.0
브라질,1999,1107751.0
칠레,1999,1468.0
콜롬비아,1999,19160.0
에콰도르,1999,2812.0
베네수엘라,1999,41145.0
오스트리아,1999,123586.0
벨기에,1999,917514.0
체코,1999,348490.0
핀란드,1999,33903.0
프랑스,1999,2675892.0
독일,1999,5309524.0
헝가리,1999,124692.0
이탈리아,1999,1410459.0
네덜란드,1999,262242.0
폴란드,1999,580241.0
포르투갈,1999,186996.0
루마니아,1999,88312.0
러시아,1999,954020.0
슬로바키아,1999,126503.0
스페인,1999,2208708.0
스웨덴,1999,213895.0
우크라이나,1999,10136.0
영국,1999,1786623.0
이집트,1999,45416.0
모로코,1999,11521.0
나이지리아,1999,4900.0
남아프리카공화국,1999,214694.0
오스트레일리아,1999,301727.0
세계,1999,16779695.0
대한민국,1999,481379.0
중국,1999,1264957.0
인도,1999,284557.0
인도네시아,1999,80896.0
이란,1999,18815.0
일본,1999,1795307.0
말레이시아,1999,46341.0
파키스탄,1999,8532.0
필리핀,1999,39007.0
대만,1999,104304.0
태국,1999,254517.0
튀르키예,1999,75821.0
우즈베키스탄,1999,130716.79153690119
베트남,1999,1800.0
캐나다,1999,1430300.0
멕시코,1999,540056.0
미국,1999,7387029.0
아르헨티나,1999,80076.0
브라질,1999,243077.0
칠레,1999,12524.0
콜롬비아,1999,12998.0
에콰도르,1999,6952.0
베네수엘라,1999,33071.0
오스트리아,1999,15745.0
벨기에,1999,98918.0
체코,1999,29263.0
핀란드,1999,472.0
프랑스,1999,359837.0
독일,1999,378168.0
헝가리,1999,2297.0
이탈리아,1999,290797.0
네덜란드,1999,25073.0
폴란드,1999,19870.0
포르투갈,1999,65294.0
루마니아,1999,18612.0
러시아,1999,225305.0
슬로바키아,1999,343.0
슬로베니아,1999,118690.97200975752
스페인,1999,643681.0
스웨덴,1999,31688.0
우크라이나,1999,9044.0
영국,1999,185905.0
이집트,1999,30632.0
모로코,1999,7417.0
나이지리아,1999,1250.0
남아프리카공화국,1999,110893.0
오스트레일리아,1999,21445.0
세계,1998,54445021.0
아시아,1998,2272788.3752740202
대한민국,1998,1954494.0
아제르바이잔,1998,2150.4868924413186
중국,1998,1627830.0
인도,1998,627679.0
인도네시아,1998,58079.0
이란,1998,132322.0
일본,1998,10049765.0
카자흐스탄,1998,61123.43757990165
말레이시아,1998,164238.0
미얀마,1998,2744.8118764982823
파키스탄,1998,49212.0
필리핀,1998,45040.0
대만,1998,404545.0
태국,1998,158130.0
튀르키예,1998,344502.0
우즈베키스탄,1998,65000.0
베트남,1998,4510.0
북아메리카,1998,2090177.956591661
캐나다,1998,2570321.0
멕시코,1998,1459891.0
미국,1998,12002663.0
남아메리카,1998,2130102.9841638124
아르헨티나,1998,457957.0
브라질,1998,1585630.0
칠레,1998,19247.0
콜롬비아,1998,70322.0
에콰도르,1998,18399.0
베네수엘라,1998,128768.0
유럽,1998,2303911.6116635725
오스트리아,1998,103206.0
벨라루스,1998,22122.91626045368
벨기에,1998,1065154.0
체코,1998,412839.0
핀란드,1998,31552.0
프랑스,1998,2874864.0
독일,1998,5727488.0
헝가리,1998,92930.0
이탈리아,1998,1668460.0
네덜란드,1998,289609.0
폴란드,1998,680929.0
포르투갈,1998,271030.0
루마니아,1998,126904.0
러시아,1998,1001611.0
슬로바키아,1998,125857.0
슬로베니아,1998,127199.0
스페인,1998,2826042.0
스웨덴,1998,223266.0
우크라이나,1998,31860.0
영국,1998,1975656.0
세르비아,1998,18216.76447053794
아프리카,1998,2449370.8315492105
알제리,1998,2352.009430812797
보츠와나,1998,1696.8850801751548
이집트,1998,72789.0
모로코,1998,12226.0
나이지리아,1998,5638.0
남아프리카공화국,1998,312517.0
오세아니아,1998,2279028.283167462
오스트레일리아,1998,363706.0
세계,1998,39139873.0
대한민국,1998,1625125.0
중국,1998,507100.0
인도,1998,383798.0
인도네시아,1998,8401.0
이란,1998,114900.0
일본,1998,8055736.0
말레이시아,1998,146425.0
파키스탄,1998,36574.0
필리핀,1998,20902.0
대만,1998,293009.0
태국,1998,32008.0
튀르키예,1998,239937.0
베트남,1998,3210.0
캐나다,1998,1481141.0
멕시코,1998,956354.0
미국,1998,5554373.0
아르헨티나,1998,353074.0
브라질,1998,1254016.0
칠레,1998,3030.0
콜롬비아,1998,42698.0
에콰도르,1998,7700.0
베네수엘라,1998,108954.0
오스트리아,1998,91264.0
벨기에,1998,951196.0
체코,1998,368527.0
핀란드,1998,31100.0
프랑스,1998,2558231.0
독일,1998,5348115.0
헝가리,1998,89733.0
이탈리아,1998,1378105.0
네덜란드,1998,242989.0
폴란드,1998,642329.0
포르투갈,1998,181388.0
루마니아,1998,103931.0
러시아,1998,827039.0
슬로바키아,1998,125089.0
스페인,1998,2216386.0
스웨덴,1998,191551.0
우크라이나,1998,25457.0
영국,1998,1748277.0
이집트,1998,38959.0
모로코,1998,4700.0
나이지리아,1998,4500.0
남아프리카공화국,1998,195554.0
오스트레일리아,1998,336921.0
세계,1998,15305148.0
대한민국,1998,329369.0
중국,1998,1120730.0
인도,1998,243881.0
인도네시아,1998,49678.0
이란,1998,17422.0
일본,1998,1994029.0
말레이시아,1998,17813.0
파키스탄,1998,12638.0
필리핀,1998,24138.0
대만,1998,111536.0
태국,1998,126122.0
튀르키예,1998,104565.0
우즈베키스탄,1998,130716.79153690119
베트남,1998,1300.0
캐나다,1998,1089180.0
멕시코,1998,503537.0
미국,1998,6448290.0
아르헨티나,1998,104883.0
브라질,1998,331614.0
칠레,1998,16217.0
콜롬비아,1998,27624.0
에콰도르,1998,10699.0
베네수엘라,1998,19814.0
오스트리아,1998,11942.0
벨기에,1998,113958.0
체코,1998,44312.0
핀란드,1998,452.0
프랑스,1998,316633.0
독일,1998,379373.0
헝가리,1998,3197.0
이탈리아,1998,290355.0
네덜란드,1998,46620.0
폴란드,1998,38600.0
포르투갈,1998,89642.0
루마니아,1998,22973.0
러시아,1998,174572.0
슬로바키아,1998,768.0
슬로베니아,1998,118690.97200975752
스페인,1998,609656.0
스웨덴,1998,31715.0
우크라이나,1998,6403.0
영국,1998,227379.0
이집트,1998,33830.0
모로코,1998,7526.0
나이지리아,1998,1138.0
남아프리카공화국,1998,116963.0
오스트레일리아,1998,26785.0
