연번,이름,생년월일,현재 나이,연령대,성별,휴대폰 번호,이메일,고객 구분,아이디,가입일,가입 이후 경과 기간,주소,거주 지역,인구 밀도,GDP (조 원),1인당 GDP (만 원),고객 등급,회원가입 이후 구매 이력,최근 구매 제품,차량 사이즈,차량 유형,최근 구매 날짜,최근 구매 연도,최근 구매 시즌,최근 구매 시점,구매 요일,최근 구매 요일,마지막 구매 이후 경과 기간,최근 구매 당시 나이,최근 거래 금액,누적 구매 금액,평균 구매 금액,등급 점수,금액 점수,고객 등급 점수,할부 여부,거래 방식,구매 경로,차량 구매 횟수,구매 빈도 점수,신차 구매 지수,고객 평생 가치,고객 그룹,구매 시즌,구매 요일,고객 충성도 지수,등급
1,강주온,2002.3.4,23,20대 중반,남,010-6502-8753,janisi@himedia.co.kr,법인,14798,2023.4.1,719,인천광역시 남동구 구월동 88-10,인천광역시,2820,117,3000,일반,O,아반떼N,준중형,세단,2024.4.4,2024,봄,2024 2분기,3,평일,350,22,33910000,33910000,51586471,2,1,4,0,1,0,1,2,0,779930,EVC,봄,3,38,이탈가능
2,김경수,1983.1.2,42,40대 초반,남,010-1111-2222,kimkyoungsoo31@himedia.co.kr,법인,kyoungsoo031,2025.2.9,39,광주광역시 서구 치평동 14-7,광주광역시,2921,52,3090,VIP,O,G80,대형,세단,2025.2.10,2025,겨울,2025 1분기,0,평일,38,42,84180000,84180000,61140833,3,4,8,1,1,0,5,4,0.027,23907120,EVC,겨울,0,99,vip
3,김다은,1999.5.2,26,20대 중반,여,010-6789-0123,kimdaeun26@himedia.co.kr,법인,daeun026,2025.2.28,20,부산광역시 해운대구 우동 101-12,부산광역시,4258,114,3000,신규,O,넥쏘,중형,SUV,2025.3.10,2025,봄,2025 1분기,0,평일,10,26,71720000,71720000,47520000,1,2,4,1,2,0,1,5,0.009,3442560,EVC,봄,0,60,신규
4,김민수,1960.7.1,65,60대 중반,남,010-1234-5678,kimminsu1@himedia.co.kr,법인,minsu001,2023.4.28,692,전라남도 목포시 부주동 77-8,전라남도 목포시,4093,73,3000,일반,O,싼타페,중형,SUV,2023.5.1,2023,봄,2023 2분기,0,평일,689,63,51230000,51230000,57152308,2,1,4,1,3,0,1,1,0,1793050,EVC,봄,0,33,이탈가능
5,김승현,1970.3.2,55,50대 중반,남,010-0123-4567,kimseunghyun20@himedia.co.kr,법인,seunghyun020,2023.9.18,549,경기도 수원시 영통구 원천동 12-34,경기도 수원시,9879,594,4649,일반,O,G70,중형,세단,2023.10.1,2023,가을,2023 4분기,6,주말,536,53,49040000,49040000,53551538,0,2,2,1,1,0,1,1,0,1618320,EVC,가을,6,35,이탈가능
6,김영철,1959.8.3,66,60대 중반,남,010-6789-0123,kimyoungcheol6@himedia.co.kr,법인,youngcheol006,2023.2.1,778,울산광역시 남구 달동 23-5,울산광역시,1041,26,7751,일반,O,G70,중형,세단,2023.2.1,2023,겨울,2023 1분기,2,평일,778,64,50210000,50210000,53187500,2,2,4,1,1,0,1,1,0,1707140,EVC,겨울,2,40,이탈가능
7,김윤희,1998.1.2,27,20대 후반,여,010-2345-6789,leesujin2@himedia.co.kr,법인,sujin002,2023.7.11,618,경기도 수원시 영통구 원천동 12-34,경기도 수원시,9879,594,4649,일반,O,아이오닉5,준중형,해치백,2023.7.18,2023,여름,2023 3분기,1,평일,611,25,71480000,120520000,53551538,2,1,4,1,1,1,1,1,0,9762120,EVC,여름,1,33,이탈가능
9,김진수,1980.4.6,45,40대 중반,남,010-6789-9876,kimjinsu35@himedia.co.kr,법인,jinsu035,2023.1.1,809,인천광역시 남동구 구월동 88-10,인천광역시,2820,117,3000,일반,O,아이오닉5,준중형,해치백,2023.1.3,2023,겨울,2023 1분기,1,평일,807,43,69990000,103900000,51586471,2,1,4,1,1,0,1,1,0,7273000,EVC,겨울,1,33,이탈가능
10,박민정,1977.8.5,48,40대 후반,여,010-8901-2345,parkminjeong8@himedia.co.kr,법인,minjeong008,2024.4.1,353,서울특별시 종로구 청운동 67-89,서울특별시,15533,548,5161,일반,O,아이오닉6,중형,세단,2024.4.6,2024,봄,2024 2분기,5,주말,348,47,45740000,45740000,61722917,1,2,4,1,1,0,1,2,0,1417940,EVC,봄,5,45,이탈가능
11,박수연,1990.11.24,35,30대 중반,여,010-2345-5432,parksuyeon33@himedia.co.kr,법인,suyeon033,2024.11.8,132,경상남도 창원시 의창구 봉곡동 48-6,경상남도 창원시,1338,127,3000,VIP,O,G90,대형,세단,2024.12.3,2024,겨울,2024 4분기,1,평일,107,34,132340000,132340000,64562308,3,4,8,1,2,0,5,3,0.013,59155980,EVC,겨울,1,94,vip
12,박영희,1988.5.7,37,30대 후반,여,010-3456-7890,parkyeonghee3@himedia.co.kr,법인,yeonghee003,2023.6.7,652,전라북도 전주시 완산구 덕진동 33-7,전라북도 전주시,3099,88,3000,VIP,O,싼타페MX5,중형,SUV,2023.7.7,2023,여름,2023 3분기,4,평일,622,35,41780000,41780000,58540000,2,2,6,1,3,0,2,1,0,2339680,EVC,여름,4,50,이탈가능
13,박준석,1997.8.5,28,20대 후반,남,010-8901-2345,parkjoonseok28@himedia.co.kr,법인,joonseok028,2024.12.12,98,충청북도 청주시 상당구 낙실동 9-1,충청북도 청주시,907,54,3000,신규,O,아반떼N,준중형,세단,2025.1.2,2025,겨울,2025 1분기,3,평일,77,28,34330000,34330000,63099565,2,1,4,0,2,0,1,4,0.001,789590,EVC,겨울,3,49,신규
14,박지수,1996.1.2,29,20대 후반,여,010-2345-6789,parkjisu22@himedia.co.kr,법인,jisu022,2024.1.13,432,광주광역시 서구 치평동 14-7,광주광역시,2921,52,3090,VIP,O,싼타페,중형,SUV,2024.2.3,2024,겨울,2024 1분기,5,주말,411,28,46080000,130260000,61140833,2,2,5,1,2,0,2,1,0.002,22925760,EVC,겨울,5,47,이탈가능
15,박찬우,1980.2.4,45,40대 중반,남,010-8901-2345,parkchanwoo37@himedia.co.kr,법인,chanwoo037,2023.6.28,631,경기도 성남시 분당구 정자동 56-78,경기도 성남시,6467,594,4649,VIP,O,아반떼N,준중형,세단,2023.8.7,2023,여름,2023 3분기,0,평일,591,43,41020000,41020000,55905263,2,2,6,1,1,0,3,1,0,3404660,EVC,여름,0,55,일반
16,이동훈,1985.1.7,40,40대 초반,남,010-5678-9012,leedonghoon15@himedia.co.kr,법인,donghoon015,2024.4.18,336,울산광역시 남구 달동 23-5,울산광역시,1041,26,7751,일반,O,그랜저,준대형,세단,2024.5.6,2024,봄,2024 2분기,0,평일,318,39,46530000,96740000,53187500,2,2,4,1,1,0,1,2,0.001,6288100,EVC,봄,0,45,이탈가능
17,이상미,1966.7.1,59,50대 후반,여,010-2345-6789,leesangmi41@himedia.co.kr,법인,sangmi041,2024.9.18,183,경상남도 창원시 의창구 봉곡동 48-6,경상남도 창원시,1338,127,3000,신규,O,싼타페,중형,SUV,2024.10.3,2024,가을,2024 4분기,3,평일,168,58,36870000,169210000,64562308,1,1,3,0,1,0,1,3,0.002,19289940,EVC,가을,3,41,이탈가능
18,이상훈,1974.1.2,51,50대 초반,남,010-4567-8901,leesanghoon24@himedia.co.kr,법인,sanghoon024,2024.1.13,432,서울특별시 종로구 청운동 67-89,서울특별시,15533,548,5161,일반,O,투싼,준중형,SUV,2024.2.27,2024,겨울,2024 1분기,1,평일,387,50,35190000,80930000,61722917,2,1,4,0,1,0,1,1,0,4451150,EVC,겨울,1,33,이탈가능
19,이상희,1972.6.1,53,50대 중반,남,010-2345-6789,leeshanghee12@himedia.co.kr,법인,shanghee012,2023.4.28,692,경상북도 포항시 남구 대도동 19-2,경상북도 포항시,436,121,3000,일반,O,그랜저,준대형,세단,2023.5.7,2023,봄,2023 2분기,6,주말,683,51,56200000,56200000,59402500,2,2,4,1,1,0,1,1,0,2135600,EVC,봄,6,40,이탈가능
20,이은지,1988.3.6,37,30대 후반,남,010-7890-1234,leeunji27@himedia.co.kr,법인,unji027,2024.8.11,221,부산광역시 해운대구 우동 101-12,부산광역시,4258,114,3000,일반,O,그랜저,준대형,세단,2024.8.15,2024,여름,2024 3분기,3,평일,217,36,44480000,116200000,47520000,2,2,4,1,1,0,1,2,0.001,9063600,EVC,여름,3,45,이탈가능
21,이정민,1984.5.6,41,40대 초반,남,010-9012-3456,leejeongmin19@himedia.co.kr,법인,jeongmin019,2024.1.7,438,경기도 성남시 분당구 정자동 56-78,경기도 성남시,6467,594,4649,일반,O,G70,중형,세단,2024.1.15,2024,겨울,2024 1분기,0,평일,430,40,50810000,91830000,55905263,2,2,4,1,1,0,1,1,0.001,5693460,EVC,겨울,0,40,이탈가능
22,이주호,1987.2.3,38,30대 후반,남,010-1234-4321,leejooho32@himedia.co.kr,법인,jooho032,2024.10.19,152,서울특별시 종로구 청운동 67-89,서울특별시,15533,548,5161,VIP,O,G90,프리미엄,세단,2024.12.16,2024,겨울,2024 4분기,0,평일,94,37,181670000,262600000,61722917,3,5,8,1,1,0,5,3,0.022,232663600,EVC,겨울,0,100,vip
23,이하늘,1989.4.3,36,30대 중반,남,010-7890-1234,leehaneul36@himedia.co.kr,법인,haneul036,2024.9.22,179,광주광역시 서구 치평동 14-7,광주광역시,2921,52,3090,VIP,O,싼타페,중형,SUV,2024.9.25,2024,가을,2024 3분기,2,평일,176,35,36900000,167160000,61140833,2,2,6,0,1,0,3,3,0.007,56667240,EVC,가을,2,65,일반
24,이현주,1972.5.2,53,50대 중반,여,010-7890-4754,leeheonjoo7@himedia.co.kr,법인,heonjoo007,2025.1.1,78,전라북도 전주시 완산구 덕진동 33-7,전라북도 전주시,3099,88,3000,VIP,O,아이오닉5,준중형,해치백,2025.1.11,2025,겨울,2025 1분기,5,주말,68,53,69920000,111700000,58540000,2,2,5,1,1,0,2,4,0.007,16866700,EVC,겨울,5,63,일반
25,정미래,1971.6.4,54,50대 중반,여,010-9012-3456,jeongmirae29@himedia.co.kr,법인,mirae029,2024.2.28,386,경기도 성남시 분당구 정자동 56-78,경기도 성남시,6467,594,4649,VIP,O,그랜저,준대형,세단,2024.4.22,2024,봄,2024 2분기,0,평일,332,53,44640000,136470000,55905263,2,2,6,1,1,0,2,2,0.002,25110480,EVC,봄,0,55,일반
26,정미선,1975.2.4,50,50대 초반,남,010-8901-2345,jeongmiseon18@himedia.co.kr,법인,miseon018,2023.6.4,655,충청북도 청주시 상당구 낙실동 9-1,충청북도 청주시,907,54,3000,일반,O,투싼,준중형,SUV,2023.7.8,2023,여름,2023 3분기,5,주말,621,48,39820000,74150000,63099565,2,1,4,0,1,0,1,1,0,3707500,EVC,여름,5,33,이탈가능
27,정상훈,1996.5.2,29,20대 후반,남,010-9012-3456,jeongsanghoon38@himedia.co.kr,법인,sanghoon038,2023.8.17,581,경상북도 포항시 남구 대도동 19-2,경상북도 포항시,436,121,3000,일반,O,그랜저,준대형,세단,2023.8.19,2023,여름,2023 3분기,5,주말,579,27,59250000,115450000,59402500,2,2,4,1,1,0,1,1,0,9005100,EVC,여름,5,40,이탈가능
28,정영철,1985.4.2,40,40대 초반,남,010-5678-9012,jeongyoungcheol25@himedia.co.kr,법인,youngcheol025,2024.4.8,346,서울특별시 강남구 역삼동 123-45,서울특별시,15533,548,5161,일반,O,펠리세이드,준대형,SUV,2024.5.16,2024,봄,2024 2분기,3,평일,308,39,51480000,51480000,55721250,2,2,4,1,1,0,1,2,0,1801800,EVC,봄,3,45,이탈가능
29,정은혜,2001.4.6,24,20대 중반,여,010-5678-8765,jeongeunhye100@himedia.co.kr,법인,eunhye100,2024.8.13,219,서울특별시 종로구 청운동 67-89,서울특별시,15533,548,5161,일반,O,아반떼N,준중형,세단,2024.9.11,2024,가을,2024 3분기,2,평일,190,23,36570000,299170000,61722917,2,1,4,0,1,0,1,2,0.003,60432340,EVC,가을,2,38,이탈가능
30,정지우,1983.2.4,42,40대 초반,남,010-4567-8901,jeongjiwoo14@himedia.co.kr,법인,jiwoo014,2024.7.20,243,경기도 수원시 영통구 원천동 12-34,경기도 수원시,9879,594,4649,일반,O,i30,준중형,해치백,2024.7.28,2024,여름,2024 3분기,6,주말,235,41,28020000,148540000,53551538,2,1,3,0,1,0,1,2,0.002,14854000,EVC,여름,6,36,이탈가능
31,정태수,1962.5.6,63,60대 중반,남,010-0123-4567,jeongtaesu10@himedia.co.kr,법인,taesu010,2024.11.18,122,서울특별시 종로구 청운동 67-89,서울특별시,15533,548,5161,신규,O,그랜저,준대형,세단,2024.12.25,2024,겨울,2024 4분기,2,평일,85,62,50520000,349690000,61722917,2,2,4,1,1,0,1,4,0.007,82526840,EVC,겨울,2,55,신규
32,정하윤,1999.7.7,26,20대 중반,여,010-5678-9012,jeonghayun5@himedia.co.kr,법인,hayun005,2024.11.11,129,충청남도 천안시 동남구 성성동 22-3,충청남도 천안시,1036,143,5894,VIP,O,i30,준중형,해치백,2024.11.18,2024,가을,2024 4분기,0,평일,122,25,20830000,20830000,51764286,2,2,4,0,1,0,2,3,0.001,583240,EVC,가을,0,55,일반
33,최강호,1992.4.5,33,30대 중반,남,010-7890-1234,choikangho17@himedia.co.kr,법인,kangho017,2024.1.10,435,울산광역시 남구 달동 23-5,울산광역시,1041,26,7751,일반,O,아이오닉5,준중형,해치백,2024.1.16,2024,겨울,2024 1분기,1,평일,429,32,73780000,170520000,53187500,2,1,4,1,1,1,1,1,0.001,19609800,EVC,겨울,1,33,이탈가능
34,최민우,1977.5.2,48,40대 후반,남,010-3456-7890,choiminwoo13@himedia.co.kr,법인,minwoo013,2024.5.11,313,경기도 성남시 분당구 정자동 56-78,경기도 성남시,6467,594,4649,일반,O,펠리세이드,준대형,SUV,2024.6.28,2024,여름,2024 2분기,4,평일,265,47,51870000,188340000,55905263,2,2,4,1,1,0,1,2,0.002,23919180,EVC,여름,4,45,이탈가능
35,최영호,1966.3.2,59,50대 후반,남,010-3456-7890,choiyeongho23@himedia.co.kr,법인,yeongho023,2025.1.1,78,경기도 성남시 분당구 정자동 56-78,경기도 성남시,6467,594,4649,신규,O,아반떼N,준중형,세단,2025.1.11,2025,겨울,2025 1분기,5,주말,68,59,34330000,222670000,55905263,2,1,4,0,1,0,1,4,0.007,33400500,EVC,겨울,5,49,신규
36,최지훈,1978.9.5,47,40대 후반,남,010-4567-8901,choijihun4@himedia.co.kr,법인,jihun004,2023.3.28,723,충청남도 천안시 동남구 성성동 22-3,충청남도 천안시,1036,143,5894,일반,O,i30,준중형,해치백,2023.4.25,2023,봄,2023 2분기,1,평일,695,45,18560000,39390000,51764286,2,1,3,0,1,0,1,1,0,1063530,EVC,봄,1,31,이탈가능
37,한서희,1975.3.5,50,50대 초반,여,010-1234-5678,kimhana11@himedia.co.kr,법인,hana011,2024.5.18,306,서울특별시 종로구 청운동 67-89,서울특별시,15533,548,5161,일반,O,아이오닉5,준중형,해치백,2024.6.2,2024,여름,2024 2분기,6,주말,291,49,72680000,422370000,61722917,2,1,4,1,1,0,1,2,0.003,120375450,EVC,여름,6,38,이탈가능
38,한예빈,1997.8.1,28,20대 후반,여,010-6789-0123,parksoyeong16@himedia.co.kr,법인,soyeong016,2024.6.28,265,충청북도 청주시 상당구 낙실동 9-1,충청북도 청주시,907,54,3000,일반,O,싼타페,중형,SUV,2024.7.8,2024,여름,2024 3분기,0,평일,255,27,43980000,118130000,63099565,2,1,4,1,1,0,1,2,0.001,9450400,EVC,여름,0,38,이탈가능
39,홍상훈,1994.12.1,31,30대 초반,남,010-0123-4567,hongsanghoon30@himedia.co.kr,법인,sanghoon030,2024.2.3,411,부산광역시 해운대구 우동 101-12,부산광역시,4258,114,3000,일반,O,i30,준중형,해치백,2024.2.22,2024,겨울,2024 1분기,3,평일,392,30,20450000,136650000,47520000,2,1,3,0,1,0,1,1,0.001,12571800,EVC,겨울,3,31,이탈가능
40,홍성우,1999.6.2,26,20대 중반,남,010-1234-5678,honggildong21@himedia.co.kr,법인,gildong021,2023.8.18,580,울산광역시 남구 달동 23-5,울산광역시,1041,26,7751,VIP,O,펠리세이드,준대형,SUV,2023.9.30,2023,가을,2023 3분기,5,주말,537,24,49810000,220330000,53187500,2,2,6,1,1,1,2,1,0.002,65438010,EVC,가을,5,50,이탈가능
41,홍수진,1970.3.9,55,50대 중반,남,010-0123-4567,hongsujin39@himedia.co.kr,법인,sujin039,2023.3.3,748,인천광역시 남동구 구월동 88-10,인천광역시,2820,117,3000,일반,O,그랜저,준대형,세단,2023.3.3,2023,봄,2023 1분기,4,평일,748,53,49190000,153090000,51586471,2,2,4,1,1,0,1,1,0.001,15768270,EVC,봄,4,40,이탈가능
42,홍지민,1980.11.10,45,40대 중반,남,010-9012-3456,hongjimin9@himedia.co.kr,법인,jimin009,2024.7.7,256,경상북도 포항시 남구 대도동 19-2,경상북도 포항시,436,121,3000,일반,O,그랜저,준대형,세단,2024.7.8,2024,여름,2024 3분기,0,평일,255,44,54540000,169990000,59402500,2,2,4,1,1,1,1,2,0.002,19548850,EVC,여름,0,45,이탈가능
43,김하윤,1960.3.12,65,60대 중반,남,054-555-6645,sunoggim@cagim.kr,개인,seonyeongmun,2024.9.26,175,부산광역시 해운대구 우동 101-12,부산광역시,4258,114,3000,VIP,X,아반떼N,준중형,세단,2023.5.4,2023,봄,2023 2분기,3,평일,686,63,35650000,172300000,47520000,2,3,7,0,1,0,2,1,0.005,40145900,EVC,봄,3,59,일반
44,이지원,1959.11.17,66,60대 중반,여,032-566-6729,lju@nate.com,개인,gimgyeongja,2022.3.22,1094,경기도 수원시 영통구 원천동 12-34,경기도 수원시,9879,594,4649,일반,O,싼타페,중형,SUV,2024.7.4,2024,여름,2024 3분기,3,평일,259,65,49220000,197760000,53551538,2,2,5,1,1,1,1,2,0,26302080,EVC,여름,3,47,이탈가능
45,박미영,1980.11.9,45,40대 중반,남,041-065-8495,eungyeonggim@hanmail.net,개인,gyun,2024.5.9,315,충청남도 천안시 동남구 성성동 22-3,충청남도 천안시,1036,143,5894,일반,X,G80,대형,세단,2024.1.7,2024,겨울,2024 1분기,6,주말,438,44,84840000,124230000,51764286,2,1,4,1,1,1,1,1,0.001,10435320,EVC,겨울,6,33,이탈가능
46,이정수,1996.12.13,29,20대 후반,남,052-162-4161,rcoe@daum.net,개인,namsumin,2023.5.25,665,울산광역시 남구 달동 23-5,울산광역시,1041,26,7751,VIP,O,싼타페,중형,SUV,2024.7.4,2024,여름,2024 3분기,3,평일,259,28,38100000,258430000,53187500,0,3,5,0,3,1,5,2,0.005,225350960,EVC,여름,3,74,일반
47,최현지,1994.6.26,31,30대 초반,남,070-0392-0424,yeweon24@ju.kr,개인,jihungim,2022.7.22,972,대구광역시 수성구 범어동 55-3,대구광역시,2666,90,2674,일반,O,아반떼N,준중형,세단,2023.5.22,2023,봄,2023 2분기,0,평일,668,29,35570000,35570000,52958333,2,2,5,0,1,0,1,1,0,853680,EVC,봄,0,42,이탈가능
48,김도현,1987.1.9,38,30대 후반,남,032-127-1765,jeongsig00@jusighoesa.com,개인,sumin33,2024.9.27,174,경상북도 포항시 남구 대도동 19-2,경상북도 포항시,436,121,3000,VIP,X,넥쏘,중형,SUV,2023.6.17,2023,여름,2023 2분기,5,주말,642,36,72100000,242090000,59402500,2,3,7,1,2,0,4,1,0.014,158326860,EVC,여름,5,69,일반
49,송성민,1976.1.24,49,40대 후반,여,041-012-7092,gangeunji@yuhanhoesa.net,개인,bagogsun,2022.11.5,866,경기도 성남시 분당구 정자동 56-78,경기도 성남시,6467,594,4649,VIP,O,넥쏘,중형,SUV,2023.8.27,2023,여름,2023 3분기,6,주말,571,47,71440000,294110000,55905263,3,3,8,1,3,1,4,1,0.003,233523340,EVC,여름,6,72,일반
50,김민지,1998.1.27,27,20대 후반,남,041-688-2563,ki@live.com,개인,jia18,2024.9.22,179,경상북도 포항시 남구 대도동 19-2,경상북도 포항시,436,121,3000,VIP,X,아반떼N,준중형,세단,2023.9.19,2023,가을,2023 3분기,1,평일,548,25,35820000,277910000,59402500,1,2,5,0,3,0,2,1,0.008,104216250,EVC,가을,1,47,이탈가능
51,이성현,1974.4.23,51,50대 초반,남,054-902-5788,minjunhan@jusighoesa.com,개인,lgang,2023.2.4,775,울산광역시 남구 달동 23-5,울산광역시,1041,26,7751,일반,O,G70,중형,세단,2023.5.22,2023,봄,2023 2분기,0,평일,668,49,45620000,304050000,53187500,3,2,5,1,2,1,1,1,0.001,62330250,EVC,봄,0,42,이탈가능
52,박주원,1956.2.25,69,60대 후반,남,02-1448-5380,ugim@munio.net,개인,coehyeonji,2023.12.19,457,인천광역시 남동구 구월동 88-10,인천광역시,2820,117,3000,VIP,O,싼타페,중형,SUV,2024.11.28,2024,가을,2024 4분기,3,평일,112,68,34920000,188010000,51586471,1,4,6,0,3,0,5,3,0.005,119386350,EVC,가을,3,88,vip
53,김민석,1980.4.9,45,40대 중반,여,031-673-1720,lgim@yuhanhoesa.net,개인,hongjiweon,2023.2.20,759,경기도 수원시 영통구 원천동 12-34,경기도 수원시,9879,594,4649,VIP,O,싼타페,중형,SUV,2024.6.3,2024,여름,2024 2분기,0,평일,290,44,37070000,234830000,53551538,3,2,8,0,2,0,2,2,0.002,74441110,EVC,여름,0,60,일반
54,조영순,1980.12.19,45,40대 중반,여,032-871-9659,jaeho07@yu.com,개인,jihyeon92,2023.2.22,757,울산광역시 남구 달동 23-5,울산광역시,1041,26,7751,VIP,O,싼타페,중형,SUV,2025.2.13,2025,겨울,2025 1분기,3,평일,35,45,34930000,338980000,53187500,2,3,7,0,2,0,2,4,0.002,155252840,EVC,겨울,3,74,일반
55,김옥자,1967.3.24,58,50대 후반,여,010-0631-9882,jeongsu99@yuhanhoesa.com,개인,yunseosong,2022.12.3,838,대전광역시 유성구 봉명동 44-2,대전광역시,2731,64,3000,일반,O,아반떼N,준중형,세단,2023.4.5,2023,봄,2023 2분기,2,평일,715,56,34900000,34900000,52128462,0,2,3,0,1,1,1,1,0,837600,EVC,봄,2,37,이탈가능
56,정지영,1977.11.10,48,40대 후반,여,055-306-7917,gyeonghyi68@isongseo.kr,개인,ni,2024.12.16,94,전라북도 전주시 완산구 덕진동 33-7,전라북도 전주시,3099,88,3000,VIP,X,넥쏘,중형,SUV,2024.4.17,2024,봄,2024 2분기,2,평일,337,47,70990000,182690000,58540000,1,2,6,1,2,1,2,2,0.01,45124430,EVC,봄,2,55,일반
57,최성호,1962.7.2,63,60대 중반,남,044-677-0796,seojuncoe@oyun.com,개인,junyeongcoe,2022.12.19,822,대구광역시 수성구 범어동 55-3,대구광역시,2666,90,2674,VIP,O,싼타페,중형,SUV,2025.2.13,2025,겨울,2025 1분기,3,평일,35,63,39060000,74630000,52958333,0,4,5,0,1,1,5,4,0.001,18806760,EVC,겨울,3,91,vip
58,서은정,2005.3.4,20,20대 초반,여,032-170-6440,ugim@daum.net,개인,seoyeon90,2024.7.7,256,서울특별시 종로구 청운동 67-89,서울특별시,15533,548,5161,VIP,O,G70,중형,세단,2024.8.31,2024,여름,2024 3분기,5,주말,201,19,45790000,468160000,61722917,1,3,6,1,2,1,5,2,0.023,739692800,FMB,여름,5,77,일반
59,구도현,1985.6.7,40,40대 초반,남,054-487-5794,sanghyeon16@ju.com,개인,jihyeon11,2024.8.28,204,대전광역시 유성구 봉명동 44-2,대전광역시,2731,64,3000,VIP,X,G80,대형,세단,2023.12.11,2023,겨울,2023 4분기,0,평일,465,38,85480000,120380000,52128462,3,2,8,1,3,1,2,1,0.003,19621940,EVC,겨울,0,55,일반
60,안민수,1965.7.21,60,60대 초반,남,064-759-4881,yeonghyi48@yu.kr,개인,pi,2024.8.24,208,충청남도 천안시 동남구 성성동 22-3,충청남도 천안시,1036,143,5894,일반,X,넥쏘,중형,SUV,2023.6.7,2023,여름,2023 2분기,2,평일,652,58,69810000,194040000,51764286,2,1,4,1,3,0,1,1,0.002,25419240,EVC,여름,2,33,이탈가능
61,남예진,1972.9.24,53,50대 중반,남,042-496-3606,sanghun79@hanmail.net,개인,whan,2024.8.14,218,대구광역시 수성구 범어동 55-3,대구광역시,2666,90,2674,일반,X,아반떼N,준중형,세단,2024.4.16,2024,봄,2024 2분기,1,평일,338,52,40140000,114770000,52958333,2,2,5,1,3,0,1,2,0.001,8837290,EVC,봄,1,47,이탈가능
62,엄재현,1999.3.22,26,20대 중반,남,052-154-1236,gangjunhyeog@gmail.com,개인,jidonghyeon,2024.2.4,410,충청남도 천안시 동남구 성성동 22-3,충청남도 천안시,1036,143,5894,일반,O,넥쏘,중형,SUV,2024.2.11,2024,겨울,2024 1분기,6,주말,403,25,71440000,265480000,51764286,1,2,4,1,3,1,1,1,0.002,47520920,EVC,겨울,6,40,이탈가능
63,서미정,1961.5.5,64,60대 중반,여,041-966-9178,jeongsug39@bagjang.net,개인,seunghyeongim,2023.7.28,601,대구광역시 수성구 범어동 55-3,대구광역시,2666,90,2674,VIP,X,G70,중형,세단,2023.4.15,2023,봄,2023 2분기,5,주말,705,62,44600000,159370000,52958333,0,3,5,1,2,0,3,1,0.002,51476510,EVC,봄,5,59,일반
64,김상훈,1954.3.13,71,70대 초반,남,063-532-6061,ogsunmun@nate.com,개인,lgim,2024.11.4,136,충청남도 천안시 동남구 성성동 22-3,충청남도 천안시,1036,143,5894,VIP,O,G70,중형,세단,2024.12.19,2024,겨울,2024 4분기,3,평일,91,70,49310000,314790000,51764286,2,4,7,1,2,0,4,3,0.023,267571500,EVC,겨울,3,86,vip
65,김정수,2002.9.24,23,20대 중반,여,041-960-0393,rbag@yuhanhoesa.com,개인,minjaegim,2025.1.8,71,전라북도 전주시 완산구 덕진동 33-7,전라북도 전주시,3099,88,3000,VIP,X,아반떼N,준중형,세단,2024.6.26,2024,여름,2024 2분기,2,평일,267,22,39210000,221900000,58540000,2,4,7,0,3,0,4,2,0.031,132918100,EVC,여름,2,81,vip
66,김미경,1984.7.29,41,40대 초반,남,033-638-1854,jugwangsu@jusighoesa.net,개인,seohyeon32,2023.7.7,622,경기도 수원시 영통구 원천동 12-34,경기도 수원시,9879,594,4649,VIP,X,G70,중형,세단,2023.5.15,2023,봄,2023 2분기,0,평일,675,39,48930000,283760000,53551538,0,3,5,1,1,0,2,1,0.002,108680080,EVC,봄,0,54,일반
67,김은영,1978.2.13,47,40대 후반,여,053-885-4603,egang@icoe.com,개인,sangceolcoe,2023.6.22,637,충청북도 청주시 상당구 낙실동 9-1,충청북도 청주시,907,54,3000,VIP,O,G80,대형,세단,2023.12.9,2023,겨울,2023 4분기,5,주말,467,45,89240000,207370000,63099565,1,2,6,1,3,1,3,1,0.002,87095400,EVC,겨울,5,55,일반
68,진아름,2001.4.12,24,20대 중반,여,011-666-3726,bgang@yuhanhoesa.kr,개인,ai,2023.10.27,510,부산광역시 해운대구 우동 101-12,부산광역시,4258,114,3000,VIP,O,G70,중형,세단,2024.10.12,2024,가을,2024 4분기,5,주말,159,23,47020000,219320000,47520000,3,3,8,1,2,0,4,3,0.004,129837440,EVC,가을,5,82,vip
69,손병철,1975.6.29,50,50대 초반,남,054-059-8995,ogim@yu.com,개인,seonghun39,2025.1.25,54,서울특별시 종로구 청운동 67-89,서울특별시,15533,548,5161,VIP,X,넥쏘,중형,SUV,2024.9.2,2024,가을,2024 3분기,0,평일,199,49,71610000,539770000,61722917,1,2,4,1,2,1,2,2,0.05,393492330,FMB,가을,0,50,이탈가능
70,윤경희,1973.9.17,52,50대 초반,남,062-112-1913,hyeonugim@yuhanhoesa.com,개인,yejungang,2022.12.11,830,경상남도 창원시 의창구 봉곡동 48-6,경상남도 창원시,1338,127,3000,VIP,O,G70,중형,세단,2023.7.20,2023,여름,2023 3분기,3,평일,609,50,45320000,214530000,64562308,1,4,6,1,3,0,5,1,0.003,155319720,EVC,여름,3,78,일반
71,이정자,2004.3.16,21,20대 초반,여,010-2415-1251,hgim@daum.net,개인,myeongsug84,2024.2.1,413,충청남도 천안시 동남구 성성동 22-3,충청남도 천안시,1036,143,5894,VIP,X,아반떼N,준중형,세단,2023.8.26,2023,여름,2023 3분기,5,주말,572,19,40460000,355250000,51764286,0,3,5,1,2,1,5,1,0.011,425944750,FMB,여름,5,69,일반
72,김현준,1957.10.24,68,60대 후반,남,011-345-1098,rgim@dreamwiz.com,개인,jihye30,2022.5.10,1045,대구광역시 수성구 범어동 55-3,대구광역시,2666,90,2674,VIP,O,싼타페,중형,SUV,2023.9.16,2023,가을,2023 3분기,5,주말,551,66,37400000,196770000,52958333,1,4,6,0,2,0,4,1,0.002,104484870,EVC,가을,5,73,일반
73,최채원,1958.5.1,67,60대 후반,남,053-541-6149,caeweon12@live.com,개인,jhan,2024.1.3,442,경상북도 포항시 남구 대도동 19-2,경상북도 포항시,436,121,3000,VIP,O,G80,대형,세단,2024.6.7,2024,여름,2024 2분기,4,평일,286,66,87130000,365040000,59402500,3,3,8,1,1,0,3,2,0.006,269764560,EVC,여름,4,72,일반
74,최정호,1987.4.6,38,30대 후반,남,053-194-7742,ei@yu.com,개인,jeonghoi,2024.9.28,173,부산광역시 해운대구 우동 101-12,부산광역시,4258,114,3000,VIP,X,싼타페,중형,SUV,2023.9.30,2023,가을,2023 3분기,5,주말,537,36,42060000,261380000,47520000,0,3,5,1,3,0,3,1,0.011,138270020,EVC,가을,5,59,일반
75,김지훈,1975.8.30,50,50대 초반,남,064-784-0790,ieunjeong@yu.com,개인,mjo,2022.11.16,855,전라북도 전주시 완산구 덕진동 33-7,전라북도 전주시,3099,88,3000,일반,O,싼타페,중형,SUV,2023.3.18,2023,봄,2023 1분기,5,주말,733,48,49520000,271420000,58540000,1,2,4,1,3,1,1,1,0.001,49669860,EVC,봄,5,40,이탈가능
76,장정식,1985.4.7,40,40대 초반,남,018-721-5422,gimjunhyeog@live.com,개인,hyeonsug93,2022.12.6,835,경기도 수원시 영통구 원천동 12-34,경기도 수원시,9879,594,4649,VIP,O,아반떼N,준중형,세단,2023.7.7,2023,여름,2023 3분기,4,평일,622,38,37720000,321480000,53551538,2,4,7,0,1,1,5,1,0.005,348805800,FMB,여름,4,81,일반
77,심성호,1970.1.26,55,50대 중반,여,043-888-0413,pgim@igim.kr,개인,yujin12,2022.3.27,1089,대전광역시 유성구 봉명동 44-2,대전광역시,2731,64,3000,VIP,O,넥쏘,중형,SUV,2023.12.19,2023,겨울,2023 4분기,1,평일,457,53,69870000,190250000,52128462,1,2,5,1,1,0,3,1,0.001,73246250,EVC,겨울,1,53,일반
78,안경수,1977.1.22,48,40대 후반,남,042-672-7261,seonghyeongim@gmail.com,개인,jeonghyibag,2022.10.10,892,대구광역시 수성구 범어동 55-3,대구광역시,2666,90,2674,VIP,O,넥쏘,중형,SUV,2024.1.8,2024,겨울,2024 1분기,0,평일,437,47,70560000,267330000,52958333,0,2,4,1,3,1,2,1,0.002,96506130,EVC,겨울,0,45,이탈가능
79,황민재,1963.2.13,62,60대 초반,남,052-048-5499,jgim@nate.com,개인,yeongsuni,2022.11.16,855,전라남도 목포시 부주동 77-8,전라남도 목포시,4093,73,3000,VIP,O,아반떼N,준중형,세단,2024.8.7,2024,여름,2024 3분기,2,평일,225,61,36130000,87360000,57152308,0,2,4,0,1,0,3,2,0.001,15462720,EVC,여름,2,55,일반
80,김혜진,1997.4.15,28,20대 후반,남,044-287-6402,sonmijeong@yu.kr,개인,eunji78,2023.11.17,489,서울특별시 종로구 청운동 67-89,서울특별시,15533,548,5161,신규,O,G80,대형,세단,2025.1.3,2025,겨울,2025 1분기,4,평일,76,28,89730000,629500000,61722917,2,2,5,1,1,0,1,4,0.003,267537500,EVC,겨울,4,58,신규
81,김서준,1954.6.8,71,70대 초반,남,055-795-0081,mundonghyeon@gimseongi.kr,개인,seungminjang,2022.10.27,875,경상남도 창원시 의창구 봉곡동 48-6,경상남도 창원시,1338,127,3000,VIP,O,G80,대형,세단,2024.9.18,2024,가을,2024 3분기,2,평일,183,70,89740000,304270000,64562308,0,2,3,1,1,1,2,2,0.002,125054970,EVC,가을,2,47,이탈가능
82,강서영,1994.1.4,31,30대 초반,여,044-329-6982,songyeongja@dreamwiz.com,개인,caeweon92,2024.7.6,257,서울특별시 종로구 청운동 67-89,서울특별시,15533,548,5161,VIP,X,넥쏘,중형,SUV,2024.4.4,2024,봄,2024 2분기,3,평일,350,30,71330000,700830000,61722917,0,3,5,1,2,0,2,2,0.014,662985180,FMB,봄,3,59,일반
83,김지원,1958.6.2,67,60대 후반,남,018-428-7425,minjun91@live.com,개인,qcoe,2023.10.9,528,광주광역시 서구 치평동 14-7,광주광역시,2921,52,3090,VIP,O,G70,중형,세단,2023.10.12,2023,가을,2023 4분기,3,평일,525,65,47350000,214510000,61140833,2,3,7,1,2,1,5,1,0.005,155305240,EVC,가을,3,74,일반
84,구영자,1972.6.26,53,50대 중반,여,051-551-0008,lhan@hanmail.net,개인,jeongho77,2022.12.10,831,서울특별시 강남구 역삼동 123-45,서울특별시,15533,548,5161,VIP,O,싼타페,중형,SUV,2023.11.29,2023,가을,2023 4분기,2,평일,477,51,42460000,93940000,55721250,0,4,5,1,1,1,5,1,0.001,29778980,EVC,가을,2,76,일반
85,장숙자,1977.4.4,48,40대 후반,여,016-846-1892,sanghyeon29@hanmail.net,개인,jieuncoe,2024.3.22,363,울산광역시 남구 달동 23-5,울산광역시,1041,26,7751,VIP,O,G70,중형,세단,2024.9.20,2024,가을,2024 3분기,4,평일,181,47,47550000,386530000,53187500,3,2,8,1,1,1,2,2,0.005,201768660,EVC,가을,4,60,일반
86,최순자,1976.6.8,49,40대 후반,남,064-717-6890,seunghyeon10@janggim.com,개인,ryuseonghyeon,2022.6.4,1020,광주광역시 서구 치평동 14-7,광주광역시,2921,52,3090,VIP,O,G80,대형,세단,2025.2.8,2025,겨울,2025 1분기,5,주말,40,49,85480000,299990000,61140833,2,3,7,1,2,0,2,4,0.001,121495950,EVC,겨울,5,74,일반
87,류정숙,1985.12.18,40,40대 초반,여,055-654-3324,anjunho@yu.kr,개인,dohyeonhwang,2023.1.10,800,부산광역시 해운대구 우동 101-12,부산광역시,4258,114,3000,VIP,O,G80,대형,세단,2024.11.3,2024,가을,2024 4분기,6,주말,137,39,86230000,347610000,47520000,3,3,8,1,1,0,2,3,0.002,163029090,EVC,가을,6,72,일반
88,김영진,1982.9.8,43,40대 중반,남,031-093-8682,ogjacoe@dreamwiz.com,개인,jungsu25,2025.2.18,30,충청북도 청주시 상당구 낙실동 9-1,충청북도 청주시,907,54,3000,VIP,X,G80,대형,세단,2024.11.28,2024,가을,2024 4분기,3,평일,112,42,84000000,291370000,63099565,3,4,8,1,3,1,5,3,0.122,286416710,EVC,가을,3,94,vip
89,박옥자,1997.9.2,28,20대 후반,남,016-697-3319,ryujihyeon@coei.org,개인,donghyeonhwang,2025.2.17,31,광주광역시 서구 치평동 14-7,광주광역시,2921,52,3090,VIP,X,싼타페,중형,SUV,2023.7.13,2023,여름,2023 3분기,3,평일,616,26,50810000,350800000,61140833,3,3,8,1,1,1,4,1,0.113,332207600,EVC,여름,3,72,일반
90,윤경숙,1997.6.2,28,20대 후반,여,070-9968-9396,geonu77@jusighoesa.com,개인,kgim,2024.3.3,382,광주광역시 서구 치평동 14-7,광주광역시,2921,52,3090,VIP,X,G80,대형,세단,2023.7.7,2023,여름,2023 3분기,4,평일,622,26,84050000,434850000,61140833,1,4,6,1,1,0,4,1,0.011,510513900,FMB,여름,4,73,일반
91,김지영,1971.3.5,54,50대 중반,남,070-5521-1003,seojeonghun@igimyang.net,개인,anyeonggil,2024.3.21,364,울산광역시 남구 달동 23-5,울산광역시,1041,26,7751,VIP,O,넥쏘,중형,SUV,2025.2.21,2025,겨울,2025 1분기,4,평일,27,54,71900000,458430000,53187500,2,3,7,1,2,0,3,5,0.009,425423040,FMB,겨울,4,85,일반
92,이상현,1956.2.23,69,60대 후반,여,043-363-4302,gimminjun@nate.com,개인,haeun00,2023.2.25,754,서울특별시 종로구 청운동 67-89,서울특별시,15533,548,5161,VIP,O,싼타페,중형,SUV,2025.2.23,2025,겨울,2025 1분기,6,주말,25,69,46740000,747570000,61722917,2,2,6,1,3,0,3,5,0.007,1131820980,BVC,겨울,6,76,일반
93,김하은,1986.2.12,39,30대 후반,남,031-783-9984,anjeongnam@nate.com,개인,yeongjagim,2023.9.17,550,부산광역시 해운대구 우동 101-12,부산광역시,4258,114,3000,VIP,O,아반떼N,준중형,세단,2024.8.14,2024,여름,2024 3분기,2,평일,218,38,39880000,387490000,47520000,0,3,5,0,2,0,5,2,0.009,506836920,FMB,여름,2,74,일반
94,류건우,1963.11.23,62,60대 초반,여,051-143-0807,donghyeon65@dreamwiz.com,개인,haeun06,2022.9.6,926,충청북도 청주시 상당구 낙실동 9-1,충청북도 청주시,907,54,3000,VIP,O,싼타페,중형,SUV,2023.12.27,2023,겨울,2023 4분기,2,평일,449,60,49420000,340790000,63099565,3,2,7,1,1,0,2,1,0.002,156763400,EVC,겨울,2,53,일반
95,손지영,2000.3.31,25,20대 중반,남,031-694-4782,baegyeongsu@dreamwiz.com,개인,yangyeongja,2022.4.15,1070,인천광역시 남동구 구월동 88-10,인천광역시,2820,117,3000,VIP,O,G80,대형,세단,2024.11.5,2024,가을,2024 4분기,1,평일,135,24,88990000,277000000,51586471,0,4,5,1,1,1,4,3,0.003,207196000,EVC,가을,1,81,vip
96,김경희,1983.12.18,42,40대 초반,남,061-628-9942,jiyeonggim@nate.com,개인,xbag,2024.12.2,108,경기도 성남시 분당구 정자동 56-78,경기도 성남시,6467,594,4649,VIP,X,G70,중형,세단,2024.7.1,2024,여름,2024 3분기,0,평일,262,41,48270000,342380000,55905263,0,3,5,1,2,0,2,2,0.016,158179560,EVC,여름,0,59,일반
97,김유진,1988.4.18,37,30대 후반,남,063-444-8995,sugjagim@igimmun.kr,개인,jihyeonbag,2023.8.18,580,인천광역시 남동구 구월동 88-10,인천광역시,2820,117,3000,VIP,O,아반떼N,준중형,세단,2024.1.23,2024,겨울,2024 1분기,1,평일,422,36,37920000,314920000,51586471,0,4,5,0,1,0,5,1,0.007,334759960,EVC,겨울,1,76,일반
98,장현정,1975.3.27,50,50대 초반,여,055-283-5058,iseonghyeon@yu.kr,개인,jungsuyun,2022.11.2,869,경기도 수원시 영통구 원천동 12-34,경기도 수원시,9879,594,4649,VIP,O,싼타페,중형,SUV,2023.10.1,2023,가을,2023 4분기,6,주말,536,48,45120000,366600000,53551538,3,3,8,1,1,1,2,1,0.002,181467000,EVC,가을,6,62,일반
99,서정순,1984.5.24,41,40대 초반,남,064-716-4155,dgweon@yuhanhoesa.com,개인,ygim,2023.9.15,552,광주광역시 서구 치평동 14-7,광주광역시,2921,52,3090,신규,O,G80,대형,세단,2025.2.5,2025,겨울,2025 1분기,2,평일,43,41,83990000,518840000,61140833,1,2,4,1,3,1,1,4,0.002,181594000,EVC,겨울,2,55,신규
100,차상호,1999.11.25,26,20대 중반,남,052-638-2768,jaehogim@hotmail.com,개인,pgim,2022.11.8,863,경상북도 포항시 남구 대도동 19-2,경상북도 포항시,436,121,3000,VIP,O,싼타페,중형,SUV,2024.11.4,2024,가을,2024 4분기,0,평일,136,25,41550000,406590000,59402500,2,2,6,1,1,0,2,3,0.002,223217910,EVC,가을,0,60,일반
101,안주원,1987.11.12,38,30대 후반,여,043-665-7829,seungminjang@hotmail.com,개인,sonyeongceol,2022.10.12,890,충청남도 천안시 동남구 성성동 22-3,충청남도 천안시,1036,143,5894,VIP,O,넥쏘,중형,SUV,2024.1.16,2024,겨울,2024 1분기,1,평일,429,37,71500000,426750000,51764286,2,2,7,1,2,1,2,1,0.002,245808000,EVC,겨울,1,53,일반
102,이현숙,1977.6.26,48,40대 후반,남,010-9540-2153,jgim@yuhanhoesa.kr,개인,anjeonghun,2022.3.25,1091,광주광역시 서구 치평동 14-7,광주광역시,2921,52,3090,일반,O,G80,대형,세단,2023.6.18,2023,여름,2023 2분기,6,주말,641,46,84140000,602980000,61140833,2,2,4,1,3,1,1,1,0.001,245412860,EVC,여름,6,40,이탈가능
103,윤예원,1987.5.31,38,30대 후반,남,052-148-8058,eunyeong01@yu.org,개인,eunyeong65,2023.10.23,514,울산광역시 남구 달동 23-5,울산광역시,1041,26,7751,VIP,X,넥쏘,중형,SUV,2023.8.16,2023,여름,2023 3분기,2,평일,582,36,69940000,528370000,53187500,1,2,5,1,1,0,2,1,0.005,376727810,FMB,여름,2,47,이탈가능
104,이영진,1981.8.17,44,40대 중반,남,054-053-6661,ihyeonsug@daum.net,개인,bi,2023.8.17,581,대구광역시 수성구 범어동 55-3,대구광역시,2666,90,2674,VIP,O,아반떼N,준중형,세단,2024.11.30,2024,가을,2024 4분기,5,주말,110,43,33300000,300630000,52958333,1,3,6,0,3,1,4,3,0.005,244111560,EVC,가을,5,77,일반
105,김정훈,1991.7.10,34,30대 중반,남,044-714-4098,gyeonghyi99@yuo.com,개인,ijeongsu,2022.5.13,1042,경상남도 창원시 의창구 봉곡동 48-6,경상남도 창원시,1338,127,3000,VIP,O,싼타페,중형,SUV,2024.12.5,2024,겨울,2024 4분기,3,평일,105,33,35430000,339700000,64562308,3,2,6,0,1,1,2,3,0.002,155922300,EVC,겨울,3,60,일반
106,김은주,1994.4.30,31,30대 초반,여,042-804-5898,yeongsucoe@yu.org,개인,gimjeonghun,2023.10.31,506,대전광역시 유성구 봉명동 44-2,대전광역시,2731,64,3000,신규,O,G70,중형,세단,2024.11.18,2024,가을,2024 4분기,0,평일,122,30,47440000,237690000,52128462,2,2,5,1,2,0,1,3,0.001,38030400,EVC,가을,0,53,일반
107,곽건우,1980.2.20,45,40대 중반,남,019-873-3751,gimdoyun@gimgo.org,개인,sugjagim,2023.10.19,518,부산광역시 해운대구 우동 101-12,부산광역시,4258,114,3000,VIP,O,아반떼N,준중형,세단,2024.8.31,2024,여름,2024 3분기,5,주말,201,44,39240000,426730000,47520000,2,3,7,0,2,0,3,2,0.006,368694720,FMB,여름,5,69,일반
108,이순자,1989.5.27,36,30대 중반,여,042-425-7384,juweoncoe@hotmail.com,개인,yeji21,2023.7.27,602,경상북도 포항시 남구 대도동 19-2,경상북도 포항시,436,121,3000,VIP,X,넥쏘,중형,SUV,2023.4.27,2023,봄,2023 2분기,3,평일,693,34,71660000,478250000,59402500,2,4,7,1,1,1,5,1,0.01,771895500,FMB,봄,3,81,일반
109,안민재,1969.11.21,56,50대 중반,여,063-424-5125,sgim@hanmail.net,개인,seohyeon66,2022.6.5,1019,경기도 수원시 영통구 원천동 12-34,경기도 수원시,9879,594,4649,VIP,O,G70,중형,세단,2023.8.19,2023,여름,2023 3분기,5,주말,579,54,51060000,417660000,53551538,0,4,5,1,1,1,5,1,0.005,588900600,FMB,여름,5,76,일반
110,김지현,1966.9.1,59,50대 후반,여,016-549-4266,vgang@gangbag.com,개인,cgweon,2023.7.1,628,대전광역시 유성구 봉명동 44-2,대전광역시,2731,64,3000,VIP,X,싼타페,중형,SUV,2023.5.29,2023,봄,2023 2분기,0,평일,661,57,51840000,289530000,52128462,3,3,8,1,3,1,4,1,0.005,226412460,EVC,봄,0,72,일반
111,최현준,1966.11.27,59,50대 후반,남,044-230-1731,yi@gimgim.org,개인,gimsanghyeon,2024.9.2,199,대구광역시 수성구 범어동 55-3,대구광역시,2666,90,2674,VIP,X,G70,중형,세단,2024.3.21,2024,봄,2024 1분기,3,평일,364,58,51030000,351660000,52958333,0,2,5,1,2,0,4,2,0.018,334077000,EVC,봄,3,63,일반
112,권동현,1981.2.16,44,40대 중반,여,063-626-9842,hi@hwanggim.kr,개인,jiagim,2024.3.9,376,울산광역시 남구 달동 23-5,울산광역시,1041,26,7751,VIP,O,넥쏘,중형,SUV,2025.1.31,2025,겨울,2025 1분기,4,평일,48,44,70250000,598620000,53187500,1,2,6,1,2,1,4,4,0.016,967369920,BVC,겨울,4,76,일반
113,심정희,1996.12.16,29,20대 후반,남,041-847-2351,gimmiyeong@live.com,개인,junseou,2022.9.10,922,인천광역시 남동구 구월동 88-10,인천광역시,2820,117,3000,VIP,O,G70,중형,세단,2024.12.6,2024,겨울,2024 4분기,4,평일,104,28,48980000,363900000,51586471,1,3,6,1,2,1,5,3,0.005,446869200,FMB,겨울,4,82,vip
114,김순옥,1999.4.19,26,20대 중반,여,018-072-6912,qi@jusighoesa.com,개인,jongsu53,2024.10.22,149,서울특별시 강남구 역삼동 123-45,서울특별시,15533,548,5161,VIP,X,싼타페,중형,SUV,2023.4.22,2023,봄,2023 2분기,5,주말,698,24,36110000,130050000,55721250,3,2,7,0,1,0,2,1,0.004,22888800,EVC,봄,5,53,일반
115,이영순,1980.3.19,45,40대 중반,여,018-988-8211,seoyeon50@yu.com,개인,hyeonju64,2023.3.28,723,대전광역시 유성구 봉명동 44-2,대전광역시,2731,64,3000,일반,O,G70,중형,세단,2023.4.22,2023,봄,2023 2분기,5,주말,698,43,48500000,338030000,52128462,2,2,4,1,2,1,1,1,0.001,77070840,EVC,봄,5,40,이탈가능
116,우미영,1975.12.16,50,50대 초반,여,018-545-3522,ei@jusighoesa.kr,개인,sangceolhan,2023.10.9,528,울산광역시 남구 달동 23-5,울산광역시,1041,26,7751,VIP,O,G70,중형,세단,2024.12.11,2024,겨울,2024 4분기,2,평일,99,49,50200000,648820000,53187500,3,3,8,1,3,1,5,3,0.015,1420915800,BVC,겨울,2,87,vip
117,김정식,1974.12.16,51,50대 초반,여,051-779-1002,bi@sonjin.net,개인,hyejin16,2023.10.20,517,부산광역시 해운대구 우동 101-12,부산광역시,4258,114,3000,VIP,X,넥쏘,중형,SUV,2023.9.28,2023,가을,2023 3분기,3,평일,539,49,70080000,496810000,47520000,1,3,6,1,1,1,4,1,0.01,666719020,FMB,가을,3,67,일반
118,이시우,2000.9.21,25,20대 중반,남,061-364-6763,ibaeg@jusighoesa.kr,개인,songjeongja,2023.11.15,491,경상남도 창원시 의창구 봉곡동 48-6,경상남도 창원시,1338,127,3000,일반,O,아반떼N,준중형,세단,2023.12.4,2023,겨울,2023 4분기,0,평일,472,23,40250000,379950000,64562308,0,2,3,1,3,0,1,1,0.002,97267200,EVC,겨울,0,37,이탈가능
119,이서영,1964.2.21,61,60대 초반,남,02-2998-7447,jeongho43@live.com,개인,mijeong80,2023.8.28,570,울산광역시 남구 달동 23-5,울산광역시,1041,26,7751,VIP,O,싼타페,중형,SUV,2024.8.9,2024,여름,2024 3분기,4,평일,223,60,52390000,701210000,53187500,2,3,7,1,3,0,5,2,0.015,1659764070,BVC,여름,4,79,일반
120,김준서,1956.12.27,69,60대 후반,여,053-054-4830,hwangjeongsu@live.com,개인,yeonghyi20,2023.4.21,699,경기도 수원시 영통구 원천동 12-34,경기도 수원시,9879,594,4649,VIP,O,싼타페,중형,SUV,2024.7.2,2024,여름,2024 3분기,1,평일,261,68,48110000,465770000,53551538,1,4,6,1,3,1,4,2,0.007,585938660,FMB,여름,1,78,일반
121,김현준,1966.12.7,59,50대 후반,남,031-524-7998,aan@naver.com,개인,miyeongbag,2023.10.9,528,서울특별시 강남구 역삼동 123-45,서울특별시,15533,548,5161,일반,X,아반떼N,준중형,세단,2023.4.28,2023,봄,2023 2분기,4,평일,692,57,38660000,168710000,55721250,1,2,4,0,3,1,1,1,0.001,19232940,EVC,봄,4,40,이탈가능
122,박숙자,1975.12.10,50,50대 초반,여,043-103-1064,bagjeongja@dreamwiz.com,개인,eunseogim,2023.8.21,577,경상남도 창원시 의창구 봉곡동 48-6,경상남도 창원시,1338,127,3000,VIP,O,싼타페,중형,SUV,2024.10.15,2024,가을,2024 4분기,1,평일,156,49,39290000,419240000,64562308,1,3,6,0,1,1,5,3,0.009,593224600,FMB,가을,1,82,vip
123,백준서,1970.11.29,55,50대 중반,여,070-7561-0121,seonyeong40@hotmail.com,개인,gimyeongho,2023.9.13,554,대구광역시 수성구 범어동 55-3,대구광역시,2666,90,2674,VIP,O,넥쏘,중형,SUV,2024.1.30,2024,겨울,2024 1분기,1,평일,415,54,71430000,423090000,52958333,2,2,7,1,2,0,2,1,0.004,241584390,EVC,겨울,1,53,일반
124,한성훈,1975.6.5,50,50대 초반,남,061-401-7797,ngim@hotmail.com,개인,qyun,2022.4.21,1064,대전광역시 유성구 봉명동 44-2,대전광역시,2731,64,3000,VIP,O,싼타페,중형,SUV,2025.3.6,2025,봄,2025 1분기,3,평일,14,50,47810000,385840000,52128462,1,3,6,1,2,0,5,5,0.005,502363680,FMB,봄,3,92,vip
125,이예원,1999.6.12,26,20대 중반,남,010-8572-3457,minseog64@ju.net,개인,ghwang,2023.11.7,499,광주광역시 서구 치평동 14-7,광주광역시,2921,52,3090,VIP,O,G70,중형,세단,2024.10.14,2024,가을,2024 4분기,0,평일,157,25,49740000,652720000,61140833,1,3,6,1,3,1,5,3,0.016,1437942160,BVC,가을,0,82,vip
126,최서현,1968.6.11,57,50대 후반,남,043-079-6245,yeongsun54@baemungim.com,개인,gyeongjabae,2023.5.7,683,부산광역시 해운대구 우동 101-12,부산광역시,4258,114,3000,VIP,O,싼타페,중형,SUV,2023.8.9,2023,여름,2023 3분기,2,평일,589,55,38490000,535300000,47520000,1,3,6,0,3,1,3,1,0.006,580265200,FMB,여름,2,62,일반
127,박옥자,2002.12.16,23,20대 중반,여,011-710-3793,minseog78@yu.com,개인,iseonyeong,2023.11.4,502,서울특별시 강남구 역삼동 123-45,서울특별시,15533,548,5161,VIP,O,싼타페,중형,SUV,2025.2.16,2025,겨울,2025 1분기,6,주말,32,23,53930000,222640000,55721250,0,3,5,1,2,1,4,4,0.004,133806640,EVC,겨울,6,79,일반
128,김은서,1985.12.9,40,40대 초반,여,051-902-6026,bi@jusighoesa.com,개인,gimjuweon,2023.11.27,479,경상북도 포항시 남구 대도동 19-2,경상북도 포항시,436,121,3000,VIP,O,넥쏘,중형,SUV,2025.1.10,2025,겨울,2025 1분기,4,평일,69,40,71980000,550230000,59402500,0,3,5,1,2,1,5,4,0.014,1021777110,BVC,겨울,4,85,vip
129,이순옥,1964.9.11,61,60대 초반,여,018-247-9858,baghyeonju@isongwag.com,개인,sunogi,2024.7.7,256,서울특별시 강남구 역삼동 123-45,서울특별시,15533,548,5161,VIP,X,싼타페,중형,SUV,2023.4.25,2023,봄,2023 2분기,1,평일,695,59,39520000,262160000,55721250,2,2,7,0,2,0,2,1,0.005,92804640,EVC,봄,1,53,일반
130,이도윤,1960.12.31,65,60대 중반,남,062-301-2884,yeongjin28@gimsongo.com,개인,sgweon,2022.8.17,946,대구광역시 수성구 범어동 55-3,대구광역시,2666,90,2674,VIP,O,아반떼N,준중형,세단,2023.8.23,2023,여름,2023 3분기,2,평일,575,63,36340000,459430000,52958333,2,4,7,0,1,0,5,1,0.006,712575930,FMB,여름,2,81,일반
131,서건우,1999.9.27,26,20대 중반,남,063-080-0548,fbag@nate.com,개인,lcoe,2023.6.12,647,인천광역시 남동구 구월동 88-10,인천광역시,2820,117,3000,VIP,O,G70,중형,세단,2023.8.2,2023,여름,2023 3분기,2,평일,596,24,49310000,413210000,51586471,1,3,6,1,3,1,3,1,0.005,345856770,FMB,여름,2,62,일반
132,김영일,1978.6.4,47,40대 후반,남,070-1858-1107,sunja23@ju.org,개인,fo,2022.8.30,933,충청북도 청주시 상당구 낙실동 9-1,충청북도 청주시,907,54,3000,VIP,O,G80,대형,세단,2024.7.6,2024,여름,2024 3분기,5,주말,257,46,86640000,427430000,63099565,1,2,4,1,3,0,2,2,0.002,246627110,EVC,여름,5,50,이탈가능
133,박도현,1983.6.25,42,40대 초반,여,016-960-4239,lgim@bagju.com,개인,gimjuweon,2025.2.27,21,인천광역시 남동구 구월동 88-10,인천광역시,2820,117,3000,VIP,X,넥쏘,중형,SUV,2024.8.21,2024,여름,2024 3분기,2,평일,211,41,72130000,485340000,51586471,1,3,6,1,2,0,4,2,0.231,636280740,FMB,여름,2,72,일반
134,황영순,1974.10.29,51,50대 초반,남,043-054-3941,seungminyun@ison.kr,개인,wcoe,2023.6.10,649,인천광역시 남동구 구월동 88-10,인천광역시,2820,117,3000,VIP,O,싼타페,중형,SUV,2024.3.23,2024,봄,2024 1분기,5,주말,362,50,43960000,529300000,51586471,2,2,5,1,2,0,2,2,0.004,378449500,FMB,봄,5,53,일반
135,안성민,1972.9.22,53,50대 중반,남,041-954-0034,yeonggil75@ganggim.org,개인,haeunju,2022.10.1,901,충청북도 청주시 상당구 낙실동 9-1,충청북도 청주시,907,54,3000,VIP,O,넥쏘,중형,SUV,2024.3.25,2024,봄,2024 1분기,0,평일,360,52,71410000,498840000,63099565,2,3,7,1,3,0,4,2,0.006,671937480,FMB,봄,0,74,일반
136,이현준,1973.3.28,52,50대 초반,남,041-298-3351,jeongung91@live.com,개인,xi,2025.1.27,52,대전광역시 유성구 봉명동 44-2,대전광역시,2731,64,3000,VIP,X,아반떼N,준중형,세단,2023.10.10,2023,가을,2023 4분기,1,평일,527,50,40340000,426180000,52128462,3,4,8,1,1,1,5,1,0.103,612846840,FMB,가을,1,83,일반
137,김예지,1958.10.2,67,60대 후반,남,061-569-2767,coeboram@nate.com,개인,yeonghwan93,2023.6.29,630,충청북도 청주시 상당구 낙실동 9-1,충청북도 청주시,907,54,3000,VIP,X,넥쏘,중형,SUV,2023.6.2,2023,여름,2023 2분기,4,평일,657,65,72230000,571070000,63099565,0,2,5,1,2,1,2,1,0.005,440294970,FMB,여름,4,47,이탈가능
138,이영길,1955.12.4,70,70대 초반,여,018-950-1292,hgim@naver.com,개인,wi,2023.12.24,452,충청남도 천안시 동남구 성성동 22-3,충청남도 천안시,1036,143,5894,일반,X,G70,중형,세단,2023.11.12,2023,가을,2023 4분기,6,주말,494,68,48250000,475000000,51764286,3,1,5,1,3,0,1,1,0.003,152475000,EVC,가을,6,36,이탈가능
139,이준호,1996.10.26,29,20대 후반,여,064-776-5924,sangceolgim@jusighoesa.com,개인,miyeonggim,2024.3.8,377,울산광역시 남구 달동 23-5,울산광역시,1041,26,7751,VIP,X,넥쏘,중형,SUV,2023.11.30,2023,가을,2023 4분기,3,평일,476,27,71670000,772880000,53187500,1,3,6,1,3,0,3,1,0.015,1209557200,BVC,가을,3,62,일반
140,한성수,1959.4.25,66,60대 중반,여,062-160-6151,wyun@iim.net,개인,li,2022.7.16,978,경상남도 창원시 의창구 봉곡동 48-6,경상남도 창원시,1338,127,3000,VIP,O,G80,대형,세단,2023.6.8,2023,여름,2023 2분기,3,평일,651,64,88410000,507650000,64562308,0,2,5,1,1,0,2,1,0.003,347740250,FMB,여름,3,47,이탈가능
141,이명숙,1992.1.31,33,30대 중반,여,051-702-6616,songjaeho@gimi.com,개인,jeonghyigim,2023.12.31,445,인천광역시 남동구 구월동 88-10,인천광역시,2820,117,3000,VIP,X,아반떼N,준중형,세단,2023.9.23,2023,가을,2023 3분기,5,주말,544,31,33440000,562740000,51586471,3,4,8,0,3,1,5,1,0.016,1068643260,BVC,가을,5,83,일반
142,김민석,2003.3.8,22,20대 초반,남,010-2372-0942,songjeonghyi@naver.com,개인,gwangsuson,2022.10.8,894,충청북도 청주시 상당구 낙실동 9-1,충청북도 청주시,907,54,3000,VIP,O,넥쏘,중형,SUV,2023.8.10,2023,여름,2023 3분기,3,평일,588,20,70740000,641810000,63099565,1,3,6,1,1,1,3,1,0.005,834353000,FMB,여름,3,62,일반
143,고수민,1996.2.24,29,20대 후반,남,053-176-4468,pi@ju.com,개인,gimjihye,2024.8.5,227,경상북도 포항시 남구 대도동 19-2,경상북도 포항시,436,121,3000,일반,O,넥쏘,중형,SUV,2024.9.17,2024,가을,2024 3분기,1,평일,184,28,71490000,621720000,59402500,2,2,5,1,3,1,1,2,0.007,261122400,EVC,가을,1,47,이탈가능
144,서지훈,1969.7.24,56,50대 중반,남,055-054-3608,seosiu@hotmail.com,개인,bagseongho,2022.7.19,975,부산광역시 해운대구 우동 101-12,부산광역시,4258,114,3000,VIP,O,아반떼N,준중형,세단,2023.11.2,2023,가을,2023 4분기,3,평일,504,54,38250000,573550000,47520000,2,2,6,0,3,0,3,1,0.004,666465100,FMB,가을,3,55,일반
145,김현우,1984.12.28,41,40대 초반,여,019-036-2316,hyeonju80@ju.kr,개인,yheo,2024.12.16,94,경기도 수원시 영통구 원천동 12-34,경기도 수원시,9879,594,4649,VIP,X,아반떼N,준중형,세단,2024.9.27,2024,가을,2024 3분기,4,평일,174,40,36450000,502220000,53551538,3,3,8,0,1,0,5,3,0.067,851262900,FMB,가을,4,87,vip
146,김영환,1957.3.8,68,60대 후반,여,044-214-8023,yeonghwani@dreamwiz.com,개인,sangceolhwang,2023.6.6,653,전라남도 목포시 부주동 77-8,전라남도 목포시,4093,73,3000,VIP,O,G70,중형,세단,2024.10.18,2024,가을,2024 4분기,4,평일,153,67,45820000,133180000,57152308,3,4,8,1,1,0,5,3,0.003,59931000,EVC,가을,4,94,vip
147,이건우,1958.7.27,67,60대 후반,남,019-378-2527,minjungim@yuhanhoesa.com,개인,xgim,2022.8.20,943,전라북도 전주시 완산구 덕진동 33-7,전라북도 전주시,3099,88,3000,VIP,O,아반떼N,준중형,세단,2024.4.22,2024,봄,2024 2분기,0,평일,332,66,38980000,310400000,58540000,2,2,7,0,1,1,3,2,0.002,195241600,EVC,봄,0,63,일반
148,진윤서,1988.1.21,37,30대 후반,남,055-909-9267,oseong@yu.com,개인,gimseongho,2023.11.4,502,경기도 수원시 영통구 원천동 12-34,경기도 수원시,9879,594,4649,일반,O,아반떼N,준중형,세단,2023.12.28,2023,겨울,2023 4분기,3,평일,448,35,33470000,535690000,53551538,2,2,5,0,1,1,1,1,0.003,193919780,EVC,겨울,3,42,이탈가능
149,이영자,1982.9.28,43,40대 중반,여,031-256-0870,baghaeun@naver.com,개인,jia75,2023.1.16,794,경기도 성남시 분당구 정자동 56-78,경기도 성남시,6467,594,4649,VIP,O,G70,중형,세단,2024.1.29,2024,겨울,2024 1분기,0,평일,416,42,50850000,393230000,55905263,3,3,8,1,3,0,3,1,0.004,313011080,EVC,겨울,0,67,일반
150,최명자,2000.11.20,25,20대 중반,남,054-894-5954,gimseonghun@gimno.com,개인,caeweon09,2024.6.28,265,광주광역시 서구 치평동 14-7,광주광역시,2921,52,3090,일반,X,넥쏘,중형,SUV,2023.11.26,2023,가을,2023 4분기,6,주말,480,23,70020000,722740000,61140833,3,2,5,1,1,1,1,1,0.007,352697120,FMB,가을,6,42,이탈가능
151,류민석,1971.3.27,54,50대 중반,남,070-0215-2884,minji83@live.com,개인,gimjihyeon,2022.10.13,889,울산광역시 남구 달동 23-5,울산광역시,1041,26,7751,VIP,O,G70,중형,세단,2024.1.1,2024,겨울,2024 1분기,0,평일,444,53,50390000,823270000,53187500,3,4,8,1,3,0,5,1,0.012,2287867330,SPC,겨울,0,83,일반
152,성정자,1988.10.8,37,30대 후반,남,062-574-9396,yeeun88@dreamwiz.com,개인,imigyeong,2024.11.16,124,울산광역시 남구 달동 23-5,울산광역시,1041,26,7751,VIP,X,싼타페,중형,SUV,2023.10.12,2023,가을,2023 4분기,3,평일,525,35,40830000,864100000,53187500,1,3,6,1,3,1,4,1,0.07,2015945300,SPC,가을,3,67,일반
153,이영환,1998.4.21,27,20대 후반,남,044-955-3033,yeongceol30@jusighoesa.kr,개인,idoyun,2023.8.24,574,충청북도 청주시 상당구 낙실동 9-1,충청북도 청주시,907,54,3000,일반,O,싼타페,중형,SUV,2023.11.3,2023,가을,2023 4분기,4,평일,503,25,53510000,695320000,63099565,1,2,4,1,3,1,1,1,0.003,326105080,EVC,가을,4,40,이탈가능
154,이준영,2002.11.12,23,20대 중반,여,054-106-6090,mhwang@hanmail.net,개인,baggyeongsug,2025.1.20,59,서울특별시 강남구 역삼동 123-45,서울특별시,15533,548,5161,신규,X,싼타페,중형,SUV,2024.9.20,2024,가을,2024 3분기,4,평일,181,22,47140000,309300000,55721250,2,2,5,1,3,1,1,2,0.013,64643700,EVC,가을,4,47,이탈가능
155,김경자,1962.11.22,63,60대 중반,여,053-945-9083,gimogja@gimgimbag.org,개인,gojihye,2023.1.14,796,서울특별시 종로구 청운동 67-89,서울특별시,15533,548,5161,VIP,O,G70,중형,세단,2023.12.21,2023,겨울,2023 4분기,3,평일,455,61,46200000,793770000,61722917,0,3,5,1,1,1,4,1,0.01,1701049110,SPC,겨울,3,64,일반
156,이혜진,1956.5.7,69,60대 후반,여,016-543-6491,ycoe@dreamwiz.com,개인,jiweonmin,2024.6.10,283,광주광역시 서구 치평동 14-7,광주광역시,2921,52,3090,VIP,X,G70,중형,세단,2023.3.14,2023,봄,2023 1분기,1,평일,737,67,49430000,772170000,61140833,2,3,7,1,3,1,5,1,0.034,2012275020,SPC,봄,1,74,이탈가능
157,곽옥순,2001.4.7,24,20대 중반,여,02-4743-0405,yujini@hotmail.com,개인,jihyeyun,2023.1.1,809,대전광역시 유성구 봉명동 44-2,대전광역시,2731,64,3000,VIP,O,아반떼N,준중형,세단,2024.1.1,2024,겨울,2024 1분기,0,평일,444,23,38520000,464700000,52128462,2,2,6,0,1,0,3,1,0.004,437282700,FMB,겨울,0,55,일반
158,김시우,1981.2.3,44,40대 중반,남,051-416-1404,bagjiu@daum.net,개인,jihugim,2023.8.7,591,전라남도 목포시 부주동 77-8,전라남도 목포시,4093,73,3000,VIP,O,싼타페,중형,SUV,2025.1.20,2025,겨울,2025 1분기,0,평일,59,44,39140000,172320000,57152308,1,3,6,0,2,0,2,4,0.001,40150560,EVC,겨울,0,72,일반
159,윤재호,1994.10.15,31,30대 초반,남,019-274-7240,pi@gimiheo.org,개인,bagyeongsun,2022.6.15,1009,대구광역시 수성구 범어동 55-3,대구광역시,2666,90,2674,VIP,O,G80,대형,세단,2023.10.13,2023,가을,2023 4분기,4,평일,524,29,87490000,546920000,52958333,2,2,6,1,3,1,2,1,0.003,403626960,FMB,가을,4,50,이탈가능
160,강종수,1982.9.28,43,40대 중반,남,054-107-1543,seohyeonson@seoiha.com,개인,jihugim,2023.3.6,745,대전광역시 유성구 봉명동 44-2,대전광역시,2731,64,3000,일반,O,넥쏘,중형,SUV,2024.7.26,2024,여름,2024 3분기,4,평일,237,42,70790000,535490000,52128462,3,1,5,1,1,1,1,2,0.002,193311890,EVC,여름,4,41,이탈가능
161,성성수,1985.7.24,40,40대 초반,남,063-749-2202,yeonghwan20@gmail.com,개인,mijeong41,2023.1.12,798,충청북도 청주시 상당구 낙실동 9-1,충청북도 청주시,907,54,3000,일반,O,G80,대형,세단,2023.12.15,2023,겨울,2023 4분기,4,평일,461,38,82930000,778250000,63099565,2,1,4,1,2,0,1,1,0.002,408581250,FMB,겨울,4,33,이탈가능
162,정지혜,1968.12.19,57,50대 후반,남,064-782-9705,junseo28@daum.net,개인,ggang,2023.7.10,619,경기도 성남시 분당구 정자동 56-78,경기도 성남시,6467,594,4649,VIP,O,아반떼N,준중형,세단,2024.7.21,2024,여름,2024 3분기,6,주말,242,56,38520000,431750000,55905263,0,3,5,0,2,1,2,2,0.003,251710250,EVC,여름,6,59,일반
163,손아름,1997.8.25,28,20대 후반,남,062-718-8934,ji@live.com,개인,jinho57,2023.5.31,659,경상북도 포항시 남구 대도동 19-2,경상북도 포항시,436,121,3000,VIP,O,넥쏘,중형,SUV,2024.5.16,2024,봄,2024 2분기,3,평일,308,27,70300000,692020000,59402500,2,2,6,1,3,1,3,2,0.008,969520020,BVC,봄,3,60,일반
164,조성호,1985.5.11,40,40대 초반,여,061-222-9939,ygim@icoe.net,개인,minjunheo,2023.10.6,531,대구광역시 수성구 범어동 55-3,대구광역시,2666,90,2674,VIP,X,아반떼N,준중형,세단,2023.9.25,2023,가을,2023 3분기,0,평일,542,38,36690000,583610000,52958333,2,3,7,0,2,1,3,1,0.008,689827020,FMB,가을,0,64,일반
165,김수민,2000.7.4,25,20대 중반,남,042-448-2472,hhwang@gimi.kr,개인,kgang,2022.3.13,1103,경기도 수원시 영통구 원천동 12-34,경기도 수원시,9879,594,4649,일반,O,G80,대형,세단,2023.3.27,2023,봄,2023 1분기,0,평일,724,23,85490000,621180000,53551538,1,1,3,1,1,1,1,1,0.001,260274420,EVC,봄,0,31,이탈가능
166,김민준,1958.9.2,67,60대 후반,남,043-165-6918,qyun@daum.net,개인,jihyegim,2024.1.12,433,전라남도 목포시 부주동 77-8,전라남도 목포시,4093,73,3000,일반,X,넥쏘,중형,SUV,2023.12.25,2023,겨울,2023 4분기,0,평일,451,65,72060000,244380000,57152308,0,2,3,1,2,0,1,1,0.001,40322700,EVC,겨울,0,37,이탈가능
167,이경숙,1997.1.22,28,20대 후반,여,063-318-8654,vseo@nate.com,개인,qcoe,2024.6.3,290,충청남도 천안시 동남구 성성동 22-3,충청남도 천안시,1036,143,5894,VIP,X,아반떼N,준중형,세단,2023.10.20,2023,가을,2023 4분기,4,평일,517,26,38860000,513860000,51764286,1,3,6,0,2,0,3,1,0.013,534928260,FMB,가을,4,62,일반
168,황도윤,1976.6.2,49,40대 후반,남,011-361-9602,sugja86@hanmail.net,개인,yeonghyigim,2023.3.25,726,서울특별시 종로구 청운동 67-89,서울특별시,15533,548,5161,VIP,O,넥쏘,중형,SUV,2023.11.29,2023,가을,2023 4분기,2,평일,477,47,69840000,863610000,61722917,0,2,5,1,2,0,2,1,0.006,1006969260,BVC,가을,2,47,이탈가능
169,강영자,1956.3.6,69,60대 후반,여,043-795-5239,qyun@nate.com,개인,lgim,2024.1.10,435,충청북도 청주시 상당구 낙실동 9-1,충청북도 청주시,907,54,3000,VIP,O,넥쏘,중형,SUV,2025.1.31,2025,겨울,2025 1분기,4,평일,48,69,70220000,848470000,63099565,1,3,6,1,3,0,5,4,0.024,2430018080,SPC,겨울,4,87,vip
170,이지민,1989.10.30,36,30대 중반,여,032-829-9655,vgim@ju.net,개인,imyeongsug,2022.7.27,967,경기도 성남시 분당구 정자동 56-78,경기도 성남시,6467,594,4649,일반,O,G70,중형,세단,2024.1.19,2024,겨울,2024 1분기,4,평일,426,35,49660000,481410000,55905263,1,2,4,1,3,1,1,1,0.001,156458250,EVC,겨울,4,40,이탈가능
171,남지연,1987.2.22,38,30대 후반,남,053-140-5696,minjae16@nate.com,개인,hanyeongsig,2023.6.6,653,경기도 수원시 영통구 원천동 12-34,경기도 수원시,9879,594,4649,VIP,X,넥쏘,중형,SUV,2023.4.22,2023,봄,2023 2분기,5,주말,698,36,70480000,691660000,53551538,1,2,5,1,2,0,2,1,0.005,646010440,FMB,봄,5,47,이탈가능
172,이은서,1963.10.11,62,60대 초반,남,033-818-4794,gwangsugang@daum.net,개인,jiahan,2022.8.12,951,서울특별시 강남구 역삼동 123-45,서울특별시,15533,548,5161,신규,O,G70,중형,세단,2024.11.11,2024,가을,2024 4분기,0,평일,129,61,44460000,353760000,55721250,1,2,4,1,2,0,1,3,0.001,84548640,EVC,가을,0,50,이탈가능
173,정예원,1971.7.20,54,50대 중반,여,044-883-9197,dgim@jigimryu.kr,개인,sanghyeon96,2024.12.17,93,경상북도 포항시 남구 대도동 19-2,경상북도 포항시,436,121,3000,VIP,X,아반떼N,준중형,세단,2023.10.8,2023,가을,2023 4분기,6,주말,529,52,35180000,727200000,59402500,3,3,8,0,2,0,4,1,0.078,1428220800,BVC,가을,6,72,일반
174,신성현,1968.7.6,57,50대 후반,남,052-691-4844,ahwang@jusighoesa.net,개인,jihugang,2023.5.6,684,광주광역시 서구 치평동 14-7,광주광역시,2921,52,3090,VIP,O,넥쏘,중형,SUV,2024.12.28,2024,겨울,2024 4분기,5,주말,82,56,70990000,843160000,61140833,3,4,8,1,1,0,5,4,0.015,2399633360,SPC,겨울,5,99,vip
175,민정호,1969.8.16,56,50대 중반,여,041-291-9081,seongsugim@naver.com,개인,sumini,2025.3.4,16,전라남도 목포시 부주동 77-8,전라남도 목포시,4093,73,3000,VIP,X,G70,중형,세단,2023.5.21,2023,봄,2023 2분기,6,주말,669,54,44070000,288450000,57152308,0,3,5,1,2,0,5,1,0.226,280950300,EVC,봄,6,69,일반
176,박지원,1963.12.25,62,60대 초반,남,070-1378-2398,hayun60@live.com,개인,fseo,2024.8.25,207,경상남도 창원시 의창구 봉곡동 48-6,경상남도 창원시,1338,127,3000,VIP,X,G80,대형,세단,2024.5.23,2024,봄,2024 2분기,3,평일,301,61,86140000,593790000,64562308,2,3,7,1,3,0,4,2,0.029,951845370,BVC,봄,3,74,일반
177,김영자,1976.10.26,49,40대 후반,남,052-077-3080,jia19@yu.kr,개인,iyujin,2024.4.28,326,전라남도 목포시 부주동 77-8,전라남도 목포시,4093,73,3000,VIP,O,넥쏘,중형,SUV,2024.5.25,2024,봄,2024 2분기,5,주말,299,48,70060000,358510000,57152308,3,2,8,1,2,0,4,2,0.011,347037680,FMB,봄,5,71,일반
178,이서윤,1966.1.1,59,50대 후반,여,032-094-1834,ji@daum.net,개인,jeongsugyang,2023.3.14,737,서울특별시 강남구 역삼동 123-45,서울특별시,15533,548,5161,VIP,O,G70,중형,세단,2023.10.12,2023,가을,2023 4분기,3,평일,525,57,46700000,400460000,55721250,3,2,8,1,3,1,4,1,0.005,432897260,FMB,가을,3,65,일반
179,송지은,1954.7.31,71,70대 초반,여,031-194-0436,pcoe@daum.net,개인,sugja08,2023.7.7,622,부산광역시 해운대구 우동 101-12,부산광역시,4258,114,3000,VIP,O,G70,중형,세단,2024.10.29,2024,가을,2024 4분기,1,평일,142,70,50770000,624320000,47520000,0,4,5,1,1,1,4,3,0.01,1052603520,BVC,가을,1,81,vip
180,이서연,1989.3.12,36,30대 중반,남,054-402-5332,gimjimin@dreamwiz.com,개인,hyejinseo,2024.2.4,410,부산광역시 해운대구 우동 101-12,부산광역시,4258,114,3000,VIP,X,넥쏘,중형,SUV,2023.12.5,2023,겨울,2023 4분기,1,평일,471,34,70350000,694670000,47520000,2,2,6,1,1,1,3,1,0.013,977400690,BVC,겨울,1,55,일반
181,김성호,1985.6.25,40,40대 초반,여,016-385-1242,ygim@hanmail.net,개인,jia98,2022.8.4,959,대구광역시 수성구 범어동 55-3,대구광역시,2666,90,2674,VIP,O,싼타페,중형,SUV,2024.3.2,2024,봄,2024 1분기,5,주말,383,39,48210000,631820000,52958333,0,3,5,1,2,0,5,1,0.008,1347672060,BVC,봄,5,69,일반
182,홍정숙,1955.1.5,70,70대 초반,남,033-339-1865,minjae03@gmail.com,개인,jeongung32,2022.10.19,883,광주광역시 서구 치평동 14-7,광주광역시,2921,52,3090,VIP,O,싼타페,중형,SUV,2024.4.25,2024,봄,2024 2분기,3,평일,329,69,54580000,897740000,61140833,3,4,8,1,1,0,5,2,0.013,2720152200,SPC,봄,3,88,vip
183,박혜진,1978.5.30,47,40대 후반,남,052-925-4265,idonghyeon@nate.com,개인,sgim,2022.7.9,985,서울특별시 종로구 청운동 67-89,서울특별시,15533,548,5161,일반,O,G70,중형,세단,2023.12.11,2023,겨울,2023 4분기,0,평일,465,45,50530000,914140000,61722917,2,2,5,1,1,0,1,1,0.002,564024380,FMB,겨울,0,42,이탈가능
184,이정훈,1962.4.15,63,60대 중반,남,041-956-4884,wi@jangjono.org,개인,gyeongjaeom,2023.9.10,557,경기도 수원시 영통구 원천동 12-34,경기도 수원시,9879,594,4649,VIP,O,아반떼N,준중형,세단,2025.1.11,2025,겨울,2025 1분기,5,주말,68,63,41220000,732880000,53551538,0,2,3,1,3,0,2,4,0.007,724818320,FMB,겨울,5,58,일반
185,이승현,1982.2.17,43,40대 중반,여,011-220-1097,sanghun90@yuhanhoesa.net,개인,yeongsig47,2024.8.1,231,대전광역시 유성구 봉명동 44-2,대전광역시,2731,64,3000,VIP,X,아반떼N,준중형,세단,2024.7.17,2024,여름,2024 3분기,2,평일,246,42,34440000,569930000,52128462,3,3,8,0,1,0,4,2,0.025,877122270,BVC,여름,2,77,일반
186,박채원,1964.11.10,61,60대 초반,여,044-904-2678,qmun@nate.com,개인,yejison,2022.11.7,864,부산광역시 해운대구 우동 101-12,부산광역시,4258,114,3000,신규,O,아반떼N,준중형,세단,2024.10.14,2024,가을,2024 4분기,0,평일,157,60,38020000,732690000,47520000,0,2,3,0,2,1,1,3,0.002,362681550,FMB,가을,0,47,이탈가능
187,김중수,1971.2.7,54,50대 중반,여,032-688-4921,jangyeongsun@seoian.org,개인,doyun38,2023.12.31,445,울산광역시 남구 달동 23-5,울산광역시,1041,26,7751,VIP,O,넥쏘,중형,SUV,2024.2.20,2024,겨울,2024 1분기,1,평일,394,53,70610000,934710000,53187500,2,3,7,1,3,1,4,1,0.021,2359208040,SPC,겨울,1,69,일반
188,김영호,1999.7.28,26,20대 중반,여,061-009-2153,ogim@yu.kr,개인,gimjeongsug,2022.9.21,911,인천광역시 남동구 구월동 88-10,인천광역시,2820,117,3000,VIP,O,싼타페,중형,SUV,2024.7.25,2024,여름,2024 3분기,3,평일,238,25,43570000,606310000,51586471,3,4,8,1,1,1,4,2,0.007,992529470,BVC,여름,3,83,vip
189,심동현,1999.1.19,26,20대 중반,여,070-6615-9710,kcoe@gmail.com,개인,yejun41,2024.7.23,240,서울특별시 강남구 역삼동 123-45,서울특별시,15533,548,5161,VIP,X,G70,중형,세단,2024.7.16,2024,여름,2024 3분기,1,평일,247,25,45880000,446340000,55721250,2,3,7,1,3,0,3,2,0.014,403491360,FMB,여름,1,69,일반
190,박민석,1957.8.8,68,60대 후반,남,053-382-8342,gohyeonji@live.com,개인,wi,2023.2.15,764,충청남도 천안시 동남구 성성동 22-3,충청남도 천안시,1036,143,5894,VIP,O,G80,대형,세단,2024.5.18,2024,봄,2024 2분기,5,주말,306,67,87490000,601350000,51764286,1,2,5,1,2,1,2,2,0.004,488296200,FMB,봄,5,53,일반
191,김병철,1969.1.4,56,50대 중반,남,041-324-1120,vgang@jusighoesa.kr,개인,seonghaeun,2023.12.8,468,서울특별시 종로구 청운동 67-89,서울특별시,15533,548,5161,VIP,X,G70,중형,세단,2023.8.7,2023,여름,2023 3분기,0,평일,591,54,50660000,964800000,61722917,0,3,5,1,2,1,2,1,0.01,1257134400,BVC,여름,0,54,일반
192,서영길,1972.4.13,53,50대 중반,여,043-531-1236,hi@dreamwiz.com,개인,pgo,2023.2.11,768,대구광역시 수성구 범어동 55-3,대구광역시,2666,90,2674,VIP,O,G80,대형,세단,2023.11.3,2023,가을,2023 4분기,4,평일,503,51,83350000,715170000,52958333,2,3,7,1,3,1,5,1,0.012,1726420380,SPC,가을,4,74,일반
193,홍현숙,1959.10.2,66,60대 중반,남,043-342-4176,jangjunhyeog@dreamwiz.com,개인,eunju52,2024.11.17,123,충청북도 청주시 상당구 낙실동 9-1,충청북도 청주시,907,54,3000,VIP,X,G80,대형,세단,2024.10.16,2024,가을,2024 4분기,2,평일,155,65,87700000,936170000,63099565,2,4,7,1,3,0,4,3,0.076,2366637760,SPC,가을,2,86,vip
194,박아름,1956.10.6,69,60대 후반,남,051-791-2267,yejin22@gimcoe.org,개인,qryu,2022.7.16,978,전라남도 목포시 부주동 77-8,전라남도 목포시,4093,73,3000,VIP,O,싼타페,중형,SUV,2023.12.28,2023,겨울,2023 4분기,3,평일,448,67,52470000,410980000,57152308,3,2,7,1,1,1,2,1,0.002,228093900,EVC,겨울,3,53,일반
195,김광수,1974.10.18,51,50대 초반,남,011-398-0609,yunogja@angim.com,개인,zgim,2022.9.3,929,대구광역시 수성구 범어동 55-3,대구광역시,2666,90,2674,VIP,O,넥쏘,중형,SUV,2024.1.11,2024,겨울,2024 1분기,3,평일,434,50,69660000,784830000,52958333,3,2,7,1,1,1,3,1,0.006,1247094870,BVC,겨울,3,58,일반
196,오민준,1988.5.29,37,30대 후반,남,064-731-2054,gimhyeonjeong@hwangbagryu.kr,개인,yeonggil14,2024.8.13,219,울산광역시 남구 달동 23-5,울산광역시,1041,26,7751,신규,O,싼타페,중형,SUV,2025.2.28,2025,겨울,2025 1분기,4,평일,20,37,47700000,982410000,53187500,0,2,3,1,3,1,1,5,0.011,651337830,FMB,겨울,4,58,신규
197,김성현,1973.9.24,52,50대 초반,남,062-326-6677,gimseoyeong@yu.org,개인,hayun28,2022.5.18,1037,경기도 수원시 영통구 원천동 12-34,경기도 수원시,9879,594,4649,VIP,O,G70,중형,세단,2025.3.5,2025,봄,2025 1분기,2,평일,15,52,45820000,778700000,53551538,1,2,6,1,2,1,2,5,0.004,818413700,FMB,봄,2,71,일반
198,김예진,1990.1.15,35,30대 중반,남,042-517-0040,ji@hotmail.com,개인,songjeonghyi,2024.3.17,368,광주광역시 서구 치평동 14-7,광주광역시,2921,52,3090,일반,O,아반떼N,준중형,세단,2024.5.16,2024,봄,2024 2분기,3,평일,308,34,36100000,933840000,61140833,3,1,5,0,1,1,1,2,0.006,588319200,FMB,봄,3,41,이탈가능
199,손준호,1986.3.5,39,30대 후반,남,070-0150-7134,xgim@yu.kr,개인,gimeunyeong,2023.3.5,746,인천광역시 남동구 구월동 88-10,인천광역시,2820,117,3000,신규,O,G80,대형,세단,2025.2.17,2025,겨울,2025 1분기,0,평일,31,39,85810000,692120000,51586471,2,2,5,1,3,0,1,4,0.002,323220040,EVC,겨울,0,58,신규
200,최현우,1962.3.29,63,60대 중반,남,063-354-7740,jihyeongim@jusighoesa.kr,개인,bagyujin,2024.2.19,395,인천광역시 남동구 구월동 88-10,인천광역시,2820,117,3000,VIP,O,싼타페,중형,SUV,2024.10.7,2024,가을,2024 4분기,0,평일,164,62,45300000,737420000,51586471,1,4,6,1,2,0,5,3,0.023,1835438380,SPC,가을,0,88,vip
201,배재현,2001.12.2,24,20대 중반,여,054-708-1976,dbag@daum.net,개인,hyeonju98,2024.2.29,385,경기도 수원시 영통구 원천동 12-34,경기도 수원시,9879,594,4649,VIP,X,G70,중형,세단,2023.5.9,2023,봄,2023 2분기,1,평일,681,22,50190000,828890000,53551538,2,4,7,1,3,1,5,1,0.027,2319234220,SPC,봄,1,81,일반
202,서지영,1964.7.21,61,60대 초반,여,044-741-1486,jihun48@ju.kr,개인,isujin,2023.3.16,735,충청남도 천안시 동남구 성성동 22-3,충청남도 천안시,1036,143,5894,VIP,O,G70,중형,세단,2023.10.8,2023,가을,2023 4분기,6,주말,529,59,48080000,649430000,51764286,3,2,6,1,2,0,2,1,0.004,569550110,FMB,가을,6,50,이탈가능
203,김진호,2002.6.4,23,20대 중반,여,018-315-1577,gimhyeonjun@gimgo.net,개인,haeunjo,2022.12.16,825,부산광역시 해운대구 우동 101-12,부산광역시,4258,114,3000,일반,O,싼타페,중형,SUV,2023.6.16,2023,여름,2023 2분기,4,평일,643,21,50200000,782890000,47520000,1,2,4,1,2,1,1,1,0.002,413365920,FMB,여름,4,40,이탈가능
204,이영철,1981.7.10,44,40대 중반,여,031-224-5926,iyeongsun@yu.org,개인,hgang,2023.5.23,667,인천광역시 남동구 구월동 88-10,인천광역시,2820,117,3000,VIP,X,G70,중형,세단,2023.3.20,2023,봄,2023 1분기,0,평일,731,42,45450000,782870000,51586471,2,3,7,1,3,0,5,1,0.015,2068342540,SPC,봄,0,74,이탈가능
205,서지원,1973.5.11,52,50대 초반,여,051-659-0158,gohyeonu@yuhanhoesa.com,개인,munjungsu,2023.6.29,630,전라남도 목포시 부주동 77-8,전라남도 목포시,4093,73,3000,VIP,O,G80,대형,세단,2025.1.22,2025,겨울,2025 1분기,2,평일,57,52,86290000,497270000,57152308,3,4,8,1,2,0,5,4,0.01,834419060,FMB,겨울,2,99,vip
206,조선영,1981.2.27,44,40대 중반,여,032-086-3570,gimeunseo@live.com,개인,sanghyeongo,2024.8.10,222,서울특별시 종로구 청운동 67-89,서울특별시,15533,548,5161,VIP,O,G70,중형,세단,2024.11.21,2024,가을,2024 4분기,3,평일,119,43,44660000,1009460000,61722917,3,2,8,1,2,0,2,3,0.023,1375893980,BVC,가을,3,65,일반
207,권영자,1968.1.7,57,50대 후반,여,017-445-8406,fi@yu.org,개인,jaehyeon94,2024.4.20,334,경기도 수원시 영통구 원천동 12-34,경기도 수원시,9879,594,4649,VIP,O,G80,대형,세단,2024.7.18,2024,여름,2024 3분기,3,평일,245,56,84710000,913600000,53551538,0,3,5,1,3,1,2,2,0.014,1126468800,BVC,여름,3,59,일반
208,정은지,1980.2.11,45,40대 중반,남,051-326-9405,ji@nate.com,개인,igim,2023.7.18,611,충청북도 청주시 상당구 낙실동 9-1,충청북도 청주시,907,54,3000,VIP,O,싼타페,중형,SUV,2025.1.16,2025,겨울,2025 1분기,3,평일,63,45,38660000,974830000,63099565,0,2,5,0,1,1,3,4,0.012,1924314420,SPC,겨울,3,68,일반
209,이경희,1968.9.13,57,50대 후반,남,019-031-6622,doyun69@gweonhwangseo.kr,개인,ogjabag,2022.6.14,1010,경상남도 창원시 의창구 봉곡동 48-6,경상남도 창원시,1338,127,3000,VIP,O,G70,중형,세단,2023.11.25,2023,가을,2023 4분기,5,주말,481,55,45080000,638870000,64562308,2,3,7,1,3,0,3,1,0.005,826697780,FMB,가을,5,64,일반
210,문승민,1970.5.23,55,50대 중반,여,054-470-5932,seojungim@ii.net,개인,hi,2025.1.10,69,전라북도 전주시 완산구 덕진동 33-7,전라북도 전주시,3099,88,3000,VIP,X,싼타페,중형,SUV,2024.7.19,2024,여름,2024 3분기,4,평일,244,54,39640000,350040000,58540000,2,3,7,0,3,0,4,2,0.051,330787800,EVC,여름,4,74,일반
211,서서윤,2002.6.10,23,20대 중반,여,032-125-4223,ogsun81@yuhanhoesa.net,개인,hyeonju95,2023.2.18,761,광주광역시 서구 치평동 14-7,광주광역시,2921,52,3090,VIP,O,아반떼N,준중형,세단,2024.2.12,2024,겨울,2024 1분기,0,평일,402,22,37220000,971060000,61140833,2,3,7,0,3,1,5,1,0.016,3183134680,RSC,겨울,0,74,일반
212,지현우,1997.12.18,28,20대 후반,남,063-702-1782,cunja82@yuhanhoesa.com,개인,ibyeongceol,2022.10.4,898,대구광역시 수성구 범어동 55-3,대구광역시,2666,90,2674,VIP,O,G70,중형,세단,2025.1.13,2025,겨울,2025 1분기,0,평일,66,28,48070000,832900000,52958333,1,3,6,1,2,0,3,4,0.007,1405102300,BVC,겨울,0,77,일반
213,김현주,1979.5.16,46,40대 중반,남,042-601-1611,sanghungweon@seoanbaeg.kr,개인,haeungim,2024.11.14,126,전라북도 전주시 완산구 덕진동 33-7,전라북도 전주시,3099,88,3000,VIP,X,넥쏘,중형,SUV,2023.8.25,2023,여름,2023 3분기,4,평일,573,44,72110000,422150000,58540000,1,3,6,1,1,0,4,1,0.034,481251000,FMB,여름,4,67,일반
214,박성수,1996.12.2,29,20대 후반,남,019-068-2325,seonghuni@nate.com,개인,gimyujin,2022.10.19,883,부산광역시 해운대구 우동 101-12,부산광역시,4258,114,3000,VIP,O,싼타페,중형,SUV,2024.12.9,2024,겨울,2024 4분기,0,평일,101,28,54300000,837190000,47520000,2,3,7,1,3,0,5,3,0.012,2365898940,SPC,겨울,0,85,vip
215,이진호,1998.7.17,27,20대 후반,여,02-8350-5965,eunjeong74@ihongbag.com,개인,gimsangceol,2022.12.15,826,서울특별시 강남구 역삼동 123-45,서울특별시,15533,548,5161,VIP,O,G70,중형,세단,2023.7.6,2023,여름,2023 3분기,3,평일,623,25,49700000,496040000,55721250,1,3,6,1,3,1,3,1,0.005,498520200,FMB,여름,3,62,일반
216,김영순,1978.6.28,47,40대 후반,여,018-144-0592,yeweonyu@live.com,개인,nha,2023.3.13,738,충청북도 청주시 상당구 낙실동 9-1,충청북도 청주시,907,54,3000,VIP,O,넥쏘,중형,SUV,2024.1.13,2024,겨울,2024 1분기,5,주말,432,46,72170000,1047000000,63099565,1,3,6,1,3,0,2,1,0.007,1480458000,BVC,겨울,5,56,일반
217,류민수,1958.7.6,67,60대 후반,여,042-329-9343,vgim@hanji.org,개인,ui,2022.10.26,876,충청북도 청주시 상당구 낙실동 9-1,충청북도 청주시,907,54,3000,VIP,O,넥쏘,중형,SUV,2023.8.4,2023,여름,2023 3분기,4,평일,594,65,71060000,1118060000,63099565,1,3,6,1,2,1,5,1,0.016,4219558440,RSC,여름,4,72,일반
218,장정훈,1996.1.21,29,20대 후반,남,018-700-2342,iujin@ju.com,개인,xgim,2023.10.21,516,광주광역시 서구 치평동 14-7,광주광역시,2921,52,3090,일반,O,G80,대형,세단,2024.1.24,2024,겨울,2024 1분기,2,평일,421,28,90020000,1061080000,61140833,0,2,3,1,2,1,1,1,0.005,759733280,FMB,겨울,2,37,이탈가능
219,정현지,1955.5.3,70,70대 초반,남,011-547-0199,jeongsu64@ju.kr,개인,hyeonsug49,2025.2.23,25,광주광역시 서구 치평동 14-7,광주광역시,2921,52,3090,신규,X,아반떼N,준중형,세단,2024.10.10,2024,가을,2024 4분기,3,평일,161,69,36070000,1097150000,61140833,1,2,4,0,2,0,1,3,0.11,812988150,FMB,가을,3,50,이탈가능
220,류영희,1973.7.4,52,50대 초반,여,054-653-1887,minjae88@gimi.org,개인,fgim,2022.12.25,816,경기도 성남시 분당구 정자동 56-78,경기도 성남시,6467,594,4649,VIP,O,G80,대형,세단,2024.7.22,2024,여름,2024 3분기,0,평일,241,51,85370000,566780000,55905263,0,3,5,1,3,0,2,2,0.003,433586700,FMB,여름,0,59,일반
221,김서현,1982.8.12,43,40대 중반,남,070-2225-9369,gimjunseo@jusighoesa.com,개인,boramo,2023.10.8,529,전라북도 전주시 완산구 덕진동 33-7,전라북도 전주시,3099,88,3000,일반,O,아반떼N,준중형,세단,2024.1.6,2024,겨울,2024 1분기,5,주말,439,42,41200000,463350000,58540000,2,1,4,1,1,0,1,1,0.002,145028550,EVC,겨울,5,33,이탈가능
222,김상철,1974.4.23,51,50대 초반,남,042-041-3141,xgim@hanmail.net,개인,yangseoyeong,2024.1.19,426,인천광역시 남동구 구월동 88-10,인천광역시,2820,117,3000,VIP,O,G70,중형,세단,2024.10.17,2024,가을,2024 4분기,3,평일,154,50,44380000,827250000,51586471,2,2,6,1,3,1,3,3,0.015,1385643750,BVC,가을,3,65,일반
223,김동현,1992.3.13,33,30대 중반,남,070-5521-8455,gyeongsuggim@hanmail.net,개인,pgim,2024.11.28,112,서울특별시 종로구 청운동 67-89,서울특별시,15533,548,5161,VIP,X,넥쏘,중형,SUV,2023.8.4,2023,여름,2023 3분기,4,평일,594,31,69780000,1079240000,61722917,2,2,7,1,3,1,3,1,0.072,2359218640,SPC,여름,4,58,일반
224,안선영,1961.10.15,64,60대 중반,남,017-590-7839,haeunnam@naver.com,개인,ii,2022.3.19,1097,부산광역시 해운대구 우동 101-12,부산광역시,4258,114,3000,일반,O,아반떼N,준중형,세단,2024.1.21,2024,겨울,2024 1분기,6,주말,424,63,35140000,872330000,47520000,2,1,4,0,3,0,1,1,0.002,513802370,FMB,겨울,6,33,이탈가능
225,김명숙,2001.11.13,24,20대 중반,여,011-811-5410,gwangsucoe@jusighoesa.kr,개인,vi,2022.8.3,960,경기도 수원시 영통구 원천동 12-34,경기도 수원시,9879,594,4649,VIP,O,넥쏘,중형,SUV,2025.2.10,2025,겨울,2025 1분기,0,평일,38,24,72140000,985740000,53551538,0,3,5,1,1,1,3,4,0.008,1967537040,SPC,겨울,0,74,일반
226,이은정,1985.4.1,40,40대 초반,여,043-660-2321,yangseoyeong@daum.net,개인,bagseungmin,2023.7.17,612,서울특별시 종로구 청운동 67-89,서울특별시,15533,548,5161,VIP,O,싼타페,중형,SUV,2024.6.21,2024,여름,2024 2분기,4,평일,272,39,48440000,1127680000,61722917,1,4,6,1,2,0,5,2,0.023,4291950080,RSC,여름,4,83,vip
227,이지영,1978.3.6,47,40대 후반,여,042-966-5944,donghyeoni@jusighoesa.kr,개인,yujingim,2023.12.20,456,전라북도 전주시 완산구 덕진동 33-7,전라북도 전주시,3099,88,3000,일반,X,G80,대형,세단,2023.7.5,2023,여름,2023 3분기,2,평일,624,45,89470000,552820000,58540000,3,2,6,1,3,1,1,1,0.003,206201860,EVC,여름,2,45,이탈가능
228,이진우,1969.10.25,56,50대 중반,여,032-874-1296,honggyeongsu@gmail.com,개인,jojaeho,2023.8.20,578,경기도 성남시 분당구 정자동 56-78,경기도 성남시,6467,594,4649,일반,O,넥쏘,중형,SUV,2024.3.29,2024,봄,2024 1분기,4,평일,356,55,69800000,636580000,55905263,3,1,5,1,2,0,1,2,0.003,273729400,EVC,봄,4,41,이탈가능
229,오서연,1995.7.7,30,30대 초반,여,032-366-4016,ojeonghun@yu.com,개인,caeweon59,2022.10.24,878,경기도 수원시 영통구 원천동 12-34,경기도 수원시,9879,594,4649,일반,O,아반떼N,준중형,세단,2023.6.9,2023,여름,2023 2분기,4,평일,650,28,41300000,1027040000,53551538,2,1,4,1,1,1,1,1,0.003,711738720,FMB,여름,4,33,이탈가능
230,김정희,1997.10.12,28,20대 후반,여,019-311-5666,hanjeongung@ju.com,개인,wi,2023.5.4,686,충청북도 청주시 상당구 낙실동 9-1,충청북도 청주시,907,54,3000,VIP,O,G70,중형,세단,2024.12.3,2024,겨울,2024 4분기,1,평일,107,27,49370000,1167430000,63099565,1,3,6,1,1,1,3,3,0.013,2759804520,SPC,겨울,1,72,일반
231,이지혜,2003.5.26,22,20대 초반,여,051-856-0687,ijinho@gmail.com,개인,ecoe,2023.12.25,451,전라북도 전주시 완산구 덕진동 33-7,전라북도 전주시,3099,88,3000,VIP,O,G70,중형,세단,2024.7.22,2024,여름,2024 3분기,0,평일,241,21,44210000,597030000,58540000,2,3,7,1,3,1,3,2,0.01,721809270,FMB,여름,0,69,일반
232,윤성훈,1955.6.23,70,70대 초반,여,052-366-0874,jjo@gmail.com,개인,gimjeongsug,2023.6.26,633,경기도 수원시 영통구 원천동 12-34,경기도 수원시,9879,594,4649,일반,X,G80,대형,세단,2023.3.25,2023,봄,2023 1분기,5,주말,726,68,83950000,1110990000,53551538,2,2,5,1,2,1,1,1,0.004,833242500,FMB,봄,5,42,이탈가능
233,김서연,1961.5.28,64,60대 중반,남,019-466-0745,yi@gmail.com,개인,dohyeonbae,2024.6.22,271,광주광역시 서구 치평동 14-7,광주광역시,2921,52,3090,VIP,X,G70,중형,세단,2023.8.27,2023,여름,2023 3분기,6,주말,571,62,44830000,1141980000,61140833,2,3,7,1,1,0,5,1,0.053,4402332900,RSC,여름,6,74,일반
234,손지후,1959.4.27,66,60대 중반,여,053-528-3443,qyun@hanmail.net,개인,seongjinbae,2022.8.15,948,경기도 수원시 영통구 원천동 12-34,경기도 수원시,9879,594,4649,VIP,O,아반떼N,준중형,세단,2025.2.10,2025,겨울,2025 1분기,0,평일,38,66,39990000,1150980000,53551538,2,2,6,0,3,1,2,4,0.006,1788622920,SPC,겨울,0,65,일반
235,전정수,2002.7.1,23,20대 중반,여,043-736-9120,yeongsuggim@live.com,개인,byeongceol79,2025.3.7,13,경기도 성남시 분당구 정자동 56-78,경기도 성남시,6467,594,4649,VIP,X,넥쏘,중형,SUV,2024.1.16,2024,겨울,2024 1분기,1,평일,429,22,70880000,707460000,55905263,0,2,5,1,1,0,2,1,0.273,675624300,FMB,겨울,1,47,이탈가능
236,구주원,1963.9.8,62,60대 초반,여,061-310-8327,gimyeeun@hanmail.net,개인,lgweon,2024.2.27,387,충청북도 청주시 상당구 낙실동 9-1,충청북도 청주시,907,54,3000,VIP,O,G70,중형,세단,2024.12.26,2024,겨울,2024 4분기,3,평일,84,61,49800000,1217230000,63099565,1,4,6,1,2,1,5,4,0.039,5001598070,EVS,겨울,3,94,vip
237,박영호,1995.1.9,30,30대 초반,남,042-918-1515,seojun75@hotmail.com,개인,gwangsu15,2024.4.20,334,경기도 수원시 영통구 원천동 12-34,경기도 수원시,9879,594,4649,VIP,X,넥쏘,중형,SUV,2023.6.11,2023,여름,2023 2분기,6,주말,648,28,69950000,1220930000,53551538,2,3,7,1,3,0,4,1,0.037,4025406210,RSC,여름,6,69,일반
238,박현정,1977.3.28,48,40대 후반,남,010-3801-5326,siusin@najeonggim.kr,개인,jeongjaryu,2023.6.24,635,서울특별시 종로구 청운동 67-89,서울특별시,15533,548,5161,일반,O,넥쏘,중형,SUV,2024.7.21,2024,여름,2024 3분기,6,주말,242,47,69680000,1197360000,61722917,3,1,5,1,2,0,1,2,0.005,967466880,BVC,여름,6,41,이탈가능
239,이유진,2001.9.1,24,20대 중반,여,055-054-3726,sangho57@yuhanhoesa.kr,개인,doyungim,2024.8.9,223,울산광역시 남구 달동 23-5,울산광역시,1041,26,7751,VIP,O,싼타페,중형,SUV,2025.3.7,2025,봄,2025 1분기,4,평일,13,24,37210000,1019620000,53187500,1,3,6,0,3,0,5,5,0.057,3509532040,RSC,봄,4,92,vip
240,한순옥,1967.9.1,58,50대 후반,여,053-765-5303,seongjin46@daum.net,개인,migyeong21,2022.8.25,938,경상북도 포항시 남구 대도동 19-2,경상북도 포항시,436,121,3000,VIP,O,싼타페,중형,SUV,2024.3.2,2024,봄,2024 1분기,5,주말,383,57,44560000,771760000,59402500,2,3,7,1,1,0,4,1,0.008,1608347840,BVC,봄,5,69,일반
241,이성수,1996.2.4,29,20대 후반,남,063-175-2716,minjinam@live.com,개인,jiweon44,2023.10.8,529,부산광역시 해운대구 우동 101-12,부산광역시,4258,114,3000,VIP,O,아반떼N,준중형,세단,2025.2.1,2025,겨울,2025 1분기,5,주말,47,29,37080000,909410000,47520000,2,3,7,0,3,1,5,4,0.022,2791888700,SPC,겨울,5,90,vip
242,박민수,1982.8.24,43,40대 중반,여,032-655-9227,xgim@nate.com,개인,gyeonghyi14,2024.10.11,160,서울특별시 강남구 역삼동 123-45,서울특별시,15533,548,5161,VIP,X,G80,대형,세단,2024.2.9,2024,겨울,2024 1분기,4,평일,405,42,89160000,585200000,55721250,0,4,5,1,3,1,4,1,0.037,924616000,BVC,겨울,4,71,일반
243,노지훈,1974.10.12,51,50대 초반,여,061-910-6439,misug04@hotmail.com,개인,sujin21,2023.3.30,721,경기도 성남시 분당구 정자동 56-78,경기도 성남시,6467,594,4649,VIP,O,넥쏘,중형,SUV,2023.8.7,2023,여름,2023 3분기,0,평일,591,49,70090000,777550000,55905263,3,2,7,1,1,0,3,1,0.008,1224641250,BVC,여름,0,58,일반
244,권민서,1963.12.17,62,60대 초반,남,017-025-2354,gimjunseo@hanmail.net,개인,dim,2022.12.6,835,울산광역시 남구 달동 23-5,울산광역시,1041,26,7751,신규,O,G70,중형,세단,2025.1.1,2025,겨울,2025 1분기,2,평일,78,62,44130000,1063750000,53187500,2,2,5,1,3,1,1,4,0.003,763772500,FMB,겨울,2,58,신규
245,최상철,1983.4.17,42,40대 초반,남,055-078-4271,gimeunjeong@dreamwiz.com,개인,bagdoyun,2025.1.2,77,서울특별시 종로구 청운동 67-89,서울특별시,15533,548,5161,VIP,X,G70,중형,세단,2024.9.25,2024,가을,2024 3분기,2,평일,176,41,48420000,1245780000,61722917,2,2,6,1,1,1,3,3,0.122,3143102940,RSC,가을,2,65,일반
246,최중수,1986.12.26,39,30대 후반,여,041-417-0559,yi@yuhanhoesa.com,개인,hyeonjun76,2024.10.2,169,경기도 성남시 분당구 정자동 56-78,경기도 성남시,6467,594,4649,일반,X,아반떼N,준중형,세단,2024.6.19,2024,여름,2024 2분기,2,평일,274,38,33540000,811090000,55905263,1,2,3,0,1,0,1,2,0.012,444477320,FMB,여름,2,42,이탈가능
247,임진우,1969.1.6,56,50대 중반,남,063-090-5344,hwangjeongho@ju.com,개인,obag,2022.8.7,956,전라북도 전주시 완산구 덕진동 33-7,전라북도 전주시,3099,88,3000,신규,O,G70,중형,세단,2025.2.8,2025,겨울,2025 1분기,5,주말,40,56,44710000,641740000,58540000,2,1,4,1,3,0,1,4,0.002,277873420,EVC,겨울,5,49,신규
248,나선영,1975.7.1,50,50대 초반,여,033-680-3642,jiyeongim@jogim.com,개인,songseoyun,2023.4.28,692,충청북도 청주시 상당구 낙실동 9-1,충청북도 청주시,907,54,3000,일반,O,싼타페,중형,SUV,2023.12.7,2023,겨울,2023 4분기,3,평일,469,48,52100000,1269330000,63099565,0,2,3,1,3,1,1,1,0.005,1087815810,BVC,겨울,3,37,이탈가능
249,이정식,1959.5.12,66,60대 중반,여,052-926-0479,jiyeong90@hagim.com,개인,gimjeongsig,2023.4.9,711,경상남도 창원시 의창구 봉곡동 48-6,경상남도 창원시,1338,127,3000,VIP,O,G80,대형,세단,2024.12.15,2024,겨울,2024 4분기,6,주말,95,65,84120000,722990000,64562308,0,3,5,1,1,0,3,3,0.008,1058457360,BVC,겨울,6,69,일반
250,김정숙,1972.4.8,53,50대 중반,남,061-830-4047,jimingim@yuhanhoesa.net,개인,fgim,2022.4.30,1055,서울특별시 강남구 역삼동 123-45,서울특별시,15533,548,5161,VIP,O,G80,대형,세단,2024.11.24,2024,가을,2024 4분기,6,주말,116,52,85260000,670460000,55721250,3,3,8,1,2,0,2,3,0.003,606766300,FMB,가을,6,72,일반
251,송수빈,1959.8.2,66,60대 중반,여,018-230-7846,caeweon00@yu.kr,개인,sangceolgim,2024.9.4,197,경기도 수원시 영통구 원천동 12-34,경기도 수원시,9879,594,4649,VIP,X,아반떼N,준중형,세단,2024.7.24,2024,여름,2024 3분기,2,평일,239,65,38540000,1259470000,53551538,3,2,8,0,1,1,2,2,0.032,2141099000,SPC,여름,2,60,일반
252,강승현,1986.5.25,39,30대 후반,남,055-686-9236,yujinjang@yungang.com,개인,gimhyeonsug,2022.3.24,1092,부산광역시 해운대구 우동 101-12,부산광역시,4258,114,3000,VIP,O,G70,중형,세단,2025.2.16,2025,겨울,2025 1분기,6,주말,32,39,49870000,959280000,47520000,0,3,5,1,1,1,4,4,0.009,2484535200,SPC,겨울,6,79,일반
253,황준혁,1964.4.14,61,60대 초반,여,032-823-3485,gca@hanmail.net,개인,gbag,2024.4.4,350,광주광역시 서구 치평동 14-7,광주광역시,2921,52,3090,VIP,X,G70,중형,세단,2023.8.28,2023,여름,2023 3분기,0,평일,570,59,47000000,1188980000,61140833,0,2,4,1,2,0,2,1,0.017,1908312900,SPC,여름,0,45,이탈가능
254,장건우,1981.5.10,44,40대 중반,남,070-8106-6622,seungminno@nate.com,개인,jiweoni,2025.1.9,70,대전광역시 유성구 봉명동 44-2,대전광역시,2731,64,3000,VIP,X,넥쏘,중형,SUV,2023.5.9,2023,봄,2023 2분기,1,평일,681,42,71680000,641610000,52128462,3,3,8,1,2,0,4,1,0.092,1111910130,BVC,봄,1,72,일반
255,김지은,1972.3.12,53,50대 중반,여,055-340-2117,sumin11@gimi.com,개인,sanghunhwang,2022.10.30,872,충청북도 청주시 상당구 낙실동 9-1,충청북도 청주시,907,54,3000,VIP,O,G80,대형,세단,2023.7.30,2023,여름,2023 3분기,6,주말,599,51,86610000,1355940000,63099565,1,2,6,1,1,1,3,1,0.012,3723411240,RSC,여름,6,55,일반
256,서춘자,1969.5.19,56,50대 중반,여,018-896-9405,fgim@dreamwiz.com,개인,obag,2022.9.13,919,서울특별시 종로구 청운동 67-89,서울특별시,15533,548,5161,일반,O,G70,중형,세단,2023.4.23,2023,봄,2023 2분기,6,주말,697,54,46970000,1292750000,61722917,2,1,4,1,1,1,1,1,0.004,1128570750,BVC,봄,6,33,이탈가능
257,윤병철,1966.5.4,59,50대 후반,여,042-205-5394,wyu@gmail.com,개인,yeongceol55,2025.2.3,45,경기도 성남시 분당구 정자동 56-78,경기도 성남시,6467,594,4649,일반,X,G80,대형,세단,2024.6.24,2024,여름,2024 2분기,0,평일,269,58,89270000,900360000,55905263,3,1,5,1,2,1,1,2,0.05,547418880,FMB,여름,0,41,이탈가능
258,서서현,1983.10.8,42,40대 초반,여,019-905-9908,gimjihye@yu.kr,개인,nhwang,2025.3.11,9,서울특별시 강남구 역삼동 123-45,서울특별시,15533,548,5161,VIP,X,싼타페,중형,SUV,2025.2.26,2025,겨울,2025 1분기,2,평일,22,42,48400000,718860000,55721250,3,3,8,1,3,1,5,5,1,1743954360,SPC,겨울,2,97,vip
259,오옥자,2002.7.29,23,20대 중반,여,032-529-6473,hanyeweon@daum.net,개인,hyeonjun11,2025.1.20,59,전라남도 목포시 부주동 77-8,전라남도 목포시,4093,73,3000,일반,X,아반떼N,준중형,세단,2023.6.22,2023,여름,2023 2분기,3,평일,637,21,40330000,537600000,57152308,3,2,6,1,2,1,1,1,0.023,195148800,EVC,여름,3,45,이탈가능
260,박건우,1990.12.9,35,30대 중반,남,062-698-5201,kgim@yu.org,개인,mgang,2023.2.16,763,전라남도 목포시 부주동 77-8,전라남도 목포시,4093,73,3000,VIP,O,싼타페,중형,SUV,2024.7.16,2024,여름,2024 3분기,1,평일,247,34,49440000,587040000,57152308,3,4,8,1,3,0,5,2,0.01,1162926240,BVC,여름,1,88,vip
261,허경수,1983.3.5,42,40대 초반,여,063-010-5636,hayungo@yuhanhoesa.com,개인,gimsanghyeon,2023.4.2,718,경기도 성남시 분당구 정자동 56-78,경기도 성남시,6467,594,4649,일반,O,G80,대형,세단,2023.8.8,2023,여름,2023 3분기,1,평일,590,40,86200000,986560000,55905263,0,2,3,1,3,1,1,1,0.003,657048960,FMB,여름,1,37,이탈가능
262,박도윤,1966.1.12,59,50대 후반,여,031-878-5882,sujin49@yunigim.com,개인,jeongsugang,2022.7.12,982,경기도 성남시 분당구 정자동 56-78,경기도 성남시,6467,594,4649,VIP,O,아반떼N,준중형,세단,2024.10.18,2024,가을,2024 4분기,4,평일,153,58,36410000,1022970000,55905263,0,3,5,0,1,1,5,3,0.013,3532315410,RSC,가을,4,79,일반
263,윤현지,1960.7.13,65,60대 중반,남,010-1347-0188,yeongja88@nate.com,개인,xson,2023.5.4,686,서울특별시 종로구 청운동 67-89,서울특별시,15533,548,5161,VIP,O,넥쏘,중형,SUV,2024.11.13,2024,가을,2024 4분기,2,평일,127,64,71940000,1364690000,61722917,2,3,7,1,1,1,5,3,0.025,6285762140,EVS,가을,2,85,vip
264,오승현,1984.11.30,41,40대 초반,여,017-025-3428,seoyeong20@nate.com,개인,hyeonugang,2023.1.29,781,경기도 수원시 영통구 원천동 12-34,경기도 수원시,9879,594,4649,VIP,O,G80,대형,세단,2025.1.18,2025,겨울,2025 1분기,5,주말,61,41,84560000,1344030000,53551538,0,2,4,1,3,0,2,4,0.009,2439414450,SPC,겨울,5,60,일반
265,권재호,1954.4.6,71,70대 초반,남,032-825-6328,sunja41@jusighoesa.com,개인,jeongyeji,2025.2.11,37,전라남도 목포시 부주동 77-8,전라남도 목포시,4093,73,3000,VIP,X,넥쏘,중형,SUV,2024.12.23,2024,겨울,2024 4분기,0,평일,87,70,70580000,657620000,57152308,3,3,8,1,1,0,3,4,0.134,875949840,BVC,겨울,0,82,일반
266,류경숙,1956.1.22,69,60대 후반,여,044-331-3217,ominjae@daum.net,개인,seoyun45,2023.7.28,601,경상남도 창원시 의창구 봉곡동 48-6,경상남도 창원시,1338,127,3000,VIP,O,G70,중형,세단,2024.9.9,2024,가을,2024 3분기,0,평일,192,68,45180000,768170000,64562308,1,2,5,1,3,1,3,2,0.01,1195272520,BVC,가을,0,58,일반
267,노상훈,1958.3.21,67,60대 후반,남,043-859-3755,seoyuncoe@ju.com,개인,xgim,2023.3.3,748,부산광역시 해운대구 우동 101-12,부산광역시,4258,114,3000,VIP,O,아반떼N,준중형,세단,2024.3.15,2024,봄,2024 1분기,4,평일,370,66,38640000,997920000,47520000,1,3,6,0,2,0,5,1,0.017,3360994560,RSC,봄,4,72,일반
268,양지훈,2003.11.14,22,20대 초반,남,051-075-1587,jeongeunjeong@yu.com,개인,mbag,2024.8.31,201,경기도 수원시 영통구 원천동 12-34,경기도 수원시,9879,594,4649,VIP,X,G70,중형,세단,2024.4.10,2024,봄,2024 2분기,2,평일,344,21,48310000,1392340000,53551538,3,4,8,1,1,0,5,2,0.087,6543998000,EVS,봄,2,88,vip
269,박지민,1975.10.13,50,50대 초반,남,054-964-0514,xi@gmail.com,개인,jihun46,2022.6.28,996,전라북도 전주시 완산구 덕진동 33-7,전라북도 전주시,3099,88,3000,VIP,O,G80,대형,세단,2024.11.9,2024,가을,2024 4분기,5,주말,131,49,88590000,730330000,58540000,2,3,7,1,1,1,5,3,0.009,1800263450,SPC,가을,5,85,vip
270,박정훈,1985.7.18,40,40대 초반,여,016-296-2255,ujin05@ju.com,개인,gangyeongsig,2022.4.28,1057,광주광역시 서구 치평동 14-7,광주광역시,2921,52,3090,VIP,O,넥쏘,중형,SUV,2024.7.2,2024,여름,2024 3분기,1,평일,261,39,69550000,1258530000,61140833,1,4,6,1,2,1,5,2,0.015,5346235440,EVS,여름,1,83,vip
271,최영일,1977.5.21,48,40대 후반,여,064-720-8444,jihye76@daum.net,개인,bagjeonghun,2024.10.3,168,충청남도 천안시 동남구 성성동 22-3,충청남도 천안시,1036,143,5894,VIP,X,아반떼N,준중형,세단,2024.1.22,2024,겨울,2024 1분기,0,평일,423,47,36580000,686010000,51764286,3,2,7,0,3,0,3,1,0.031,952867890,BVC,겨울,0,58,일반
272,곽도윤,1955.3.14,70,70대 초반,여,062-521-4695,bagseojun@dreamwiz.com,개인,ygo,2023.7.29,600,경상북도 포항시 남구 대도동 19-2,경상북도 포항시,436,121,3000,VIP,X,G80,대형,세단,2023.4.18,2023,봄,2023 2분기,1,평일,702,68,86560000,858320000,59402500,0,2,4,1,2,1,2,1,0.007,994792880,BVC,봄,1,45,이탈가능
273,양은주,1999.2.28,26,20대 중반,남,053-833-2005,cyun@hanmail.net,개인,rjang,2022.3.18,1098,서울특별시 강남구 역삼동 123-45,서울특별시,15533,548,5161,일반,O,G80,대형,세단,2023.7.19,2023,여름,2023 3분기,2,평일,610,24,86860000,805720000,55721250,2,1,4,1,2,1,1,1,0.002,438311680,FMB,여름,2,33,이탈가능
274,김영식,1982.7.15,43,40대 중반,남,042-839-6549,dgim@bagbaggim.kr,개인,ihyeonji,2023.10.8,529,광주광역시 서구 치평동 14-7,광주광역시,2921,52,3090,VIP,O,싼타페,중형,SUV,2024.1.7,2024,겨울,2024 1분기,6,주말,438,42,40620000,1299150000,61140833,2,2,7,1,3,1,2,1,0.012,2278709100,SPC,겨울,6,53,일반
275,장지현,1969.12.24,56,50대 중반,여,044-634-4611,donghyeon73@nate.com,개인,byeongceoljang,2023.7.14,615,경기도 성남시 분당구 정자동 56-78,경기도 성남시,6467,594,4649,VIP,O,싼타페,중형,SUV,2024.10.25,2024,가을,2024 4분기,4,평일,146,55,39230000,1062200000,55905263,3,2,7,0,3,1,3,3,0.013,2284792200,SPC,가을,4,68,일반
276,김영숙,1962.1.28,63,60대 중반,여,041-558-6978,eungyeonghan@yuhanhoesa.com,개인,jgim,2023.6.5,654,서울특별시 종로구 청운동 67-89,서울특별시,15533,548,5161,VIP,O,G70,중형,세단,2023.12.14,2023,겨울,2023 4분기,3,평일,462,61,45740000,1410430000,61722917,3,2,8,1,3,0,2,1,0.011,2685458720,SPC,겨울,3,55,일반
277,홍영철,1964.12.10,61,60대 초반,여,017-267-0446,bagjihu@gimcoe.com,개인,gimseohyeon,2024.2.18,396,서울특별시 강남구 역삼동 123-45,서울특별시,15533,548,5161,VIP,O,G80,대형,세단,2024.6.3,2024,여름,2024 2분기,0,평일,290,60,85820000,891540000,55721250,1,3,6,1,3,1,5,2,0.028,2682643860,SPC,여름,0,77,일반
278,박상철,1997.1.18,28,20대 후반,여,055-438-8408,kji@naver.com,개인,iyeongho,2024.5.26,298,충청북도 청주시 상당구 낙실동 9-1,충청북도 청주시,907,54,3000,VIP,X,G70,중형,세단,2024.1.19,2024,겨울,2024 1분기,4,평일,426,27,47820000,1403760000,63099565,0,2,4,1,1,1,3,1,0.035,3990889680,RSC,겨울,4,50,이탈가능
279,이영희,1999.12.3,26,20대 중반,여,017-626-0398,obag@daum.net,개인,minjaesin,2022.7.10,984,인천광역시 남동구 구월동 88-10,인천광역시,2820,117,3000,VIP,O,싼타페,중형,SUV,2023.12.27,2023,겨울,2023 4분기,2,평일,449,24,49720000,876970000,51586471,0,3,5,1,3,0,3,1,0.007,1557498720,BVC,겨울,2,59,일반
280,박영일,1990.6.2,35,30대 중반,여,018-747-7038,ogim@jusighoesa.com,개인,sunja59,2023.5.8,682,경상북도 포항시 남구 대도동 19-2,경상북도 포항시,436,121,3000,VIP,O,G70,중형,세단,2024.4.12,2024,봄,2024 2분기,4,평일,342,34,49650000,907970000,59402500,2,2,7,1,2,0,2,2,0.007,1113171220,BVC,봄,4,58,일반
281,최유진,1975.1.29,50,50대 초반,남,010-8612-4722,jeongnami@dreamwiz.com,개인,nson,2024.8.29,203,광주광역시 서구 치평동 14-7,광주광역시,2921,52,3090,VIP,X,G80,대형,세단,2023.6.4,2023,여름,2023 2분기,6,주말,655,48,83590000,1382740000,61140833,0,2,5,1,1,1,4,1,0.068,5163151160,EVS,여름,6,58,일반
282,김지민,1961.2.6,64,60대 중반,여,011-053-0263,cson@ju.net,개인,songseongjin,2025.1.11,68,충청북도 청주시 상당구 낙실동 9-1,충청북도 청주시,907,54,3000,VIP,X,G70,중형,세단,2023.3.13,2023,봄,2023 1분기,0,평일,738,62,47530000,1451290000,63099565,3,3,8,1,2,0,5,1,0.267,7109869710,EVS,봄,0,77,이탈가능
283,한옥순,1958.6.16,67,60대 후반,남,070-2258-4070,fbag@gmail.com,개인,seoyun92,2022.3.31,1085,경상북도 포항시 남구 대도동 19-2,경상북도 포항시,436,121,3000,VIP,O,싼타페,중형,SUV,2023.10.27,2023,가을,2023 4분기,4,평일,510,65,42470000,950440000,59402500,1,3,6,1,2,1,4,1,0.009,2438829040,SPC,가을,4,67,일반
284,최옥순,1978.10.17,47,40대 후반,여,070-4742-4824,jeongungu@ju.com,개인,baeggyeongja,2023.8.13,585,대전광역시 유성구 봉명동 44-2,대전광역시,2731,64,3000,VIP,O,싼타페,중형,SUV,2024.5.17,2024,봄,2024 2분기,4,평일,307,46,36060000,677670000,52128462,3,2,8,0,1,1,2,2,0.006,620068050,FMB,봄,4,60,일반
285,이예진,1973.6.5,52,50대 초반,남,031-240-3953,seojun19@daum.net,개인,mjo,2022.7.13,981,서울특별시 종로구 청운동 67-89,서울특별시,15533,548,5161,VIP,O,넥쏘,중형,SUV,2023.12.31,2023,겨울,2023 4분기,6,주말,445,50,70920000,1481350000,61722917,0,2,5,1,2,1,4,1,0.015,5925400000,EVS,겨울,6,58,일반
286,노예은,1981.6.21,44,40대 중반,남,019-021-0653,jieunbag@gmail.com,개인,kgim,2023.6.20,639,광주광역시 서구 치평동 14-7,광주광역시,2921,52,3090,일반,O,G80,대형,세단,2024.1.31,2024,겨울,2024 1분기,2,평일,414,43,84640000,1467380000,61140833,0,1,2,1,2,0,1,1,0.006,1454173580,BVC,겨울,2,28,이탈가능
287,최영길,1984.5.27,41,40대 초반,남,053-283-1629,jaeho60@ju.com,개인,yeongsigi,2022.5.11,1044,대구광역시 수성구 범어동 55-3,대구광역시,2666,90,2674,VIP,O,싼타페,중형,SUV,2024.6.5,2024,여름,2024 2분기,2,평일,288,40,36400000,869300000,52958333,2,4,7,0,3,1,4,2,0.008,2040247100,SPC,여름,2,81,vip
288,신시우,1958.7.11,67,60대 후반,여,042-207-6955,gyeonghyi78@gmail.com,개인,jihungim,2023.3.6,745,전라북도 전주시 완산구 덕진동 33-7,전라북도 전주시,3099,88,3000,VIP,O,G80,대형,세단,2024.12.20,2024,겨울,2024 4분기,4,평일,90,66,89230000,819560000,58540000,1,3,6,1,1,1,2,4,0.006,907252920,BVC,겨울,4,72,일반
289,최춘자,1976.6.27,49,40대 후반,여,031-170-7739,hancunja@yu.kr,개인,jinho50,2024.8.26,206,충청남도 천안시 동남구 성성동 22-3,충청남도 천안시,1036,143,5894,VIP,X,아반떼N,준중형,세단,2023.8.24,2023,여름,2023 3분기,3,평일,574,47,38690000,724700000,51764286,1,3,6,0,3,0,3,1,0.026,1063859600,BVC,여름,3,62,일반
290,차서준,1968.1.22,57,50대 후반,여,064-741-3740,qgim@simryujo.com,개인,jihun41,2023.1.2,808,경상남도 창원시 의창구 봉곡동 48-6,경상남도 창원시,1338,127,3000,VIP,O,넥쏘,중형,SUV,2024.1.12,2024,겨울,2024 1분기,4,평일,433,56,71140000,839310000,64562308,3,2,6,1,2,1,2,1,0.005,950938230,BVC,겨울,4,50,이탈가능
291,안정희,1984.1.10,41,40대 초반,남,051-406-1803,donghyeonbae@joyunson.com,개인,yeongil47,2023.4.8,712,대구광역시 수성구 범어동 55-3,대구광역시,2666,90,2674,VIP,O,G80,대형,세단,2024.1.30,2024,겨울,2024 1분기,1,평일,415,40,83950000,953250000,52958333,1,2,4,1,3,1,2,1,0.007,1226832750,BVC,겨울,1,45,이탈가능
292,최민수,1960.6.24,65,60대 중반,여,041-028-3477,ihyejin@jusighoesa.kr,개인,gyeongsugson,2022.11.8,863,전라남도 목포시 부주동 77-8,전라남도 목포시,4093,73,3000,VIP,O,G80,대형,세단,2024.6.28,2024,여름,2024 2분기,4,평일,265,64,85360000,742980000,57152308,3,3,8,1,3,0,5,2,0.011,1863393840,SPC,여름,4,82,vip