계정항목,측정항목,2016-01,2016-02,2016-03,2016-04,2016-05,2016-06,2016-07,2016-08,2016-09,2016-10,2016-11,2016-12,2017-01,2017-02,2017-03,2017-04,2017-05,2017-06,2017-07,2017-08,2017-09,2017-10,2017-11,2017-12,2018-01,2018-02,2018-03,2018-04,2018-05,2018-06,2018-07,2018-08,2018-09,2018-10,2018-11,2018-12,2019-01,2019-02,2019-03,2019-04,2019-05,2019-06,2019-07,2019-08,2019-09,2019-10,2019-11,2019-12,2020-01,2020-02,2020-03,2020-04,2020-05,2020-06,2020-07,2020-08,2020-09,2020-10,2020-11,2020-12,2021-01,2021-02,2021-03,2021-04,2021-05,2021-06,2021-07,2021-08,2021-09,2021-10,2021-11,2021-12,2022-01,2022-02,2022-03,2022-04,2022-05,2022-06,2022-07,2022-08,2022-09,2022-10,2022-11,2022-12,2023-01,2023-02,2023-03,2023-04,2023-05,2023-06,2023-07,2023-08,2023-09,2023-10,2023-11,2023-12,2024-01,2024-02,2024-03,2024-04,2024-05,2024-06,2024-07,2024-08,2024-09,2024-10,2024-11,2024-12,2025-01,2025-02
원/미국달러,평균자료,1201.67,1217.35,1188.21,1147.51,1171.51,1170.5,1144.09,1111.68,1107.49,1125.28,1161.64,1182.28,1185.1,1144.92,1134.77,1132.73,1125.28,1130.04,1134.4,1130.79,1131.59,1131.57,1105.04,1085.78,1066.7,1079.58,1071.89,1067.76,1076.39,1092.8,1122.8,1121.15,1120.6,1130.81,1128.58,1122.9,1122,1122.45,1130.72,1140.95,1183.29,1175.62,1175.31,1208.98,1197.55,1184.13,1167.45,1175.84,1164.28,1193.79,1220.09,1225.23,1228.67,1210.01,1198.9,1186.85,1178.8,1144.68,1116.76,1095.13,1097.49,1111.72,1131.02,1119.4,1123.28,1121.3,1143.98,1160.34,1169.54,1182.82,1182.91,1183.7,1194.01,1198.34,1221.03,1232.34,1269.88,1277.35,1307.4,1318.44,1391.59,1426.66,1364.1,1296.22,1247.25,1270.74,1305.73,1320.01,1328.21,1296.71,1286.3,1318.47,1329.47,1350.69,1310.39,1303.98,1323.57,1331.74,1330.69,1367.83,1365.39,1380.13,1383.38,1354.15,1334.82,1361,1393.38,1434.42,1455.79,1445.56
원/미국달러,말일자료,1208.4,1235.4,1153.5,1143.9,1190.6,1164.7,1125.7,1118.5,1096.3,1145.2,1168.5,1208.5,1157.8,1132.1,1116.1,1130.1,1123.9,1139.6,1119.1,1122.8,1146.7,1125,1082.4,1071.4,1071.5,1071,1066.5,1076.2,1081.3,1121.7,1116.7,1108.8,1112.7,1140.6,1121.8,1118.1,1117.2,1117.8,1137.8,1158.2,1190,1156.8,1182,1215.2,1201.3,1168.4,1179.3,1157.8,1183.5,1215.9,1222.6,1225.2,1239.4,1200.7,1191.4,1185.1,1173.5,1133.4,1104.4,1088,1114.6,1108.4,1133.5,1107.4,1116,1130,1147.4,1164.4,1184.9,1171.7,1193.4,1185.5,1202.4,1202.7,1210.8,1269.4,1245.8,1292.9,1304,1347.5,1434.8,1419.3,1331.5,1267.3,1228.7,1317.4,1303.8,1339.9,1322.2,1312.8,1280,1321.4,1344.8,1352.8,1289,1289.4,1330.6,1334,1346.8,1378.7,1376.5,1389.2,1384.6,1335.3,1319.6,1383.3,1394.7,1470,1433.3,1439.6
원/위안,평균자료,181.55,185.71,182.56,176.93,179.13,177.26,171.09,167.04,165.72,167.04,169.49,170.71,172.43,167.21,164.84,164.49,163.52,166.14,167.47,169.16,172.34,171.08,166.82,164.53,165.58,170.94,169.64,169.77,169.16,169.14,167.13,163.73,163.43,163.3,162.66,162.94,164.93,166.36,168.38,169.82,172.15,170.04,170.86,171.03,168.17,166.89,166.27,167.58,168.01,170.48,173.78,172.92,172.52,170.65,170.92,171.14,172.98,170.51,169.07,167.63,169.61,172.34,173.76,171.44,174.55,174.66,176.6,179.13,181.18,184.06,185.11,185.74,187.75,188.81,192.16,191.82,188.78,190.68,194.13,193.75,198.19,198.37,189.53,185.47,183.16,185.97,189.1,191.6,190.02,180.99,178.6,181.78,182.11,184.62,180.86,182.29,184.41,184.82,184.48,188.52,188.54,189.8,189.91,189.07,188.53,191.63,193.27,196.93,198.71,198.43
원/위안,말일자료,182.78,189,177.69,175.95,180.77,174.67,168.94,167.18,163.97,168.65,168.98,173.26,169.7,165.04,162.27,163.71,164.59,167.79,165.85,170.23,172.35,169.25,164.01,163.65,168.99,170.2,169.68,169.94,168.27,169.41,163.32,162.29,161.78,163.59,161.73,162.76,165.89,167.14,168.74,171.93,171.77,168.08,171.57,169.48,168.52,165.45,167.87,165.74,169.55,173.08,172.43,172.83,172.63,169.66,170.26,172.31,171.9,168.81,168.02,166.96,171.45,171.86,172.35,171.2,175.22,174.84,177.12,180.09,183.03,183.08,186.8,186.26,189.34,190.41,190.02,192.03,186.4,192.75,193.35,194.84,199.66,195.94,184.64,181.44,182.09,188.79,189.13,193.37,186.31,181.05,178.49,181.09,184.27,184.51,180.91,180.84,185.15,184.86,185.75,190.05,189.18,190.43,190.39,187.56,188.74,193.56,192.42,201.27,197.26,197.58
원/일본엔(100엔),평균자료,1017.44,1060.15,1051.68,1044.3,1074.8,1107.53,1099.08,1097.61,1087.49,1084.08,1074.17,1019.36,1029.58,1012.77,1004.41,1029.02,1002.87,1019.24,1008.68,1029.7,1022.47,1001.7,978.92,961.24,960.65,998.14,1010.98,993.5,981.28,993.26,1007.84,1009.76,1002.78,1002.97,996.02,999.21,1030.47,1016.48,1017.35,1021.89,1075.9,1087.71,1085.91,1137.45,1115.69,1094.19,1072.87,1077.22,1065.25,1084.95,1134.75,1135.31,1145.65,1124.69,1122.38,1119.52,1116,1088.09,1069.4,1054.81,1058.52,1055.14,1040.86,1025.98,1029.14,1018.5,1037.25,1056.31,1061.22,1044.91,1036.36,1039.51,1039.55,1039.85,1028.59,977.38,985.49,951.34,955.93,975.17,973.2,969.36,956.51,959.12,956.76,956.68,977.31,990.52,969.37,918.39,911.74,911.4,901.65,903.72,874.28,904.83,906.71,891.08,889.12,889.97,875.88,874.32,875.3,925.99,929.25,906.77,907.16,934.25,927.97,952.59
원/일본엔(100엔),말일자료,1017.13,1085.83,1026.02,1058.19,1072.76,1132.15,1073.68,1086.29,1083.68,1094.42,1038.81,1036.81,1017.89,1004.04,998.52,1015.96,1014.3,1017.55,1012.26,1017.44,1020.42,994.17,966.51,949.11,985.02,997.25,1001.46,985.94,993.98,1014.79,1005.95,998.65,981.17,1008.89,988.98,1013.18,1024.81,1007.62,1028.24,1037.02,1085.82,1073.35,1088.45,1140.66,1113.4,1074.05,1076.89,1063.47,1086.68,1109.95,1130.83,1147.14,1150.63,1116.05,1137.32,1123,1112.06,1083.5,1061.57,1054.26,1069.26,1043.15,1027.33,1016.9,1015.7,1022.12,1048.48,1058.88,1058.18,1031.65,1049.56,1030.24,1042.8,1041.52,992.74,970.16,975.61,946.45,970.53,970.65,993.25,961.19,959.54,953.18,942.22,967.36,981.44,1000.63,945.98,906.97,908.28,905.07,902.22,907.04,877.29,912.66,901.89,885.76,889.48,882.68,877.84,864.31,905.44,921.75,924.51,902.2,920.87,936.48,927.88,961.82
원/유로,평균자료,1306.27,1348.77,1322.22,1300.69,1323.56,1315.43,1265.39,1245.95,1241.09,1240.57,1254.4,1245.51,1257.71,1219.46,1213.1,1213.41,1245.11,1268.83,1305.93,1336.51,1347.86,1331.28,1296.16,1284.44,1299.57,1332.23,1322.89,1311.84,1271.8,1275.06,1312.03,1296.08,1304.74,1299.55,1282.44,1277,1281.52,1272.47,1278.47,1281.77,1323.65,1327.32,1319.42,1345.55,1318.51,1309.03,1290.56,1306.33,1293.7,1302.33,1350.35,1331.71,1338.74,1361.77,1372.98,1403.36,1391.02,1347.55,1320.66,1331.75,1336.31,1344.6,1346.74,1338.47,1363.91,1351.94,1352.72,1365.63,1378.19,1372.24,1350.43,1338.19,1353.2,1359.89,1345.33,1334.08,1342.43,1348.96,1332.91,1334.53,1377.09,1404.83,1388.29,1371.13,1342.37,1361.65,1398.5,1446.41,1444.2,1405.98,1421.87,1439.04,1422.61,1427.31,1415.59,1422.28,1444.12,1437.52,1447.27,1466.77,1476.24,1485.57,1499.68,1491.48,1481.6,1481.35,1482.93,1502.63,1504.11,1505.44
원/유로,말일자료,1322.17,1348.32,1307.43,1298.38,1326.8,1295.5,1246.71,1246.85,1230.32,1257.14,1244.34,1267.6,1239.48,1198.55,1192.61,1228.14,1255.56,1303.99,1315.67,1335.63,1350.87,1310.06,1282.7,1279.25,1329.09,1310.42,1311.95,1304.46,1261.34,1297.02,1307.43,1293.19,1294.57,1294.01,1277.67,1279.16,1283.05,1271.5,1277.46,1295.33,1324.83,1315.11,1318.82,1343.83,1314.64,1303.17,1298.47,1297.43,1305.76,1337.61,1348.65,1326.4,1372.57,1350.19,1411.21,1411.22,1369.42,1323.07,1321.58,1338.24,1351.12,1349.86,1328.29,1342.33,1360.91,1344.42,1364.6,1373.7,1374.31,1368.78,1347.59,1342.34,1340.07,1342.09,1351.13,1332.74,1342.29,1350.05,1329.3,1350.26,1408.83,1413.34,1374.31,1351.2,1332.83,1397.76,1421.53,1477.64,1418.99,1426.55,1411.33,1444.36,1421.72,1435.86,1414.16,1426.59,1443.1,1445.92,1452.93,1477.48,1491.09,1487.07,1497.51,1479.58,1474.06,1502.19,1472.04,1528.73,1488.84,1496.97
원/영국파운드,평균자료,1731.99,1740.18,1692.7,1641.17,1702.37,1667.49,1504.52,1458.21,1456.14,1385.04,1443.39,1474.54,1459,1431.03,1399.98,1429.89,1453.64,1445.72,1473.63,1466.61,1504.79,1493.41,1460.65,1455.32,1471.78,1508.7,1498.42,1503.82,1450.05,1451.16,1478.9,1445.36,1461.3,1472.13,1456.07,1421.7,1446.36,1459.48,1490.71,1486.31,1518.85,1489.82,1467.71,1469.75,1479.05,1498.73,1504.57,1540.72,1522.28,1548.43,1508.45,1518.93,1509.08,1515.68,1517.33,1558.09,1530.44,1486.27,1474.01,1470.91,1496.93,1540.94,1568.03,1549.38,1581.05,1574.02,1580,1601.11,1608.1,1619.52,1593.19,1575.26,1620.01,1622.91,1608.01,1596.83,1580.34,1572.84,1568.94,1580.55,1574.82,1614.25,1597.94,1577.49,1522.9,1536.58,1584.81,1642.03,1658.03,1638.27,1656.51,1676.1,1652.78,1644.58,1626.1,1650.23,1681.56,1682.4,1692.21,1711.96,1726.09,1755.05,1778.05,1751.71,1763.75,1774.08,1777.61,1813.97,1795.49,1811.97
원/영국파운드,말일자료,1735.08,1712.51,1658.44,1670.95,1741.97,1566.93,1481.7,1463.28,1422.28,1396,1459.63,1480.17,1446.9,1408.22,1392.45,1457.26,1439.1,1482.73,1471.28,1450.71,1540.53,1485.51,1451.82,1439.53,1516.12,1489.65,1496.78,1482.2,1436.51,1466.85,1466.9,1442.38,1454.74,1449.36,1434,1420.32,1465.49,1488.52,1485.45,1497.73,1500.77,1465.84,1437.37,1480.72,1476.58,1507.82,1522.71,1518.69,1549.02,1567.66,1512.66,1522.62,1527,1477.4,1560.38,1582.23,1507.42,1466.17,1471.72,1482.4,1529.96,1553.2,1557.66,1544.55,1583.21,1564.03,1603.03,1602.16,1591.14,1616.42,1588.53,1600.25,1609.53,1605.12,1590.81,1581.86,1575.69,1567.32,1587.36,1570.65,1598.37,1645.96,1591.14,1527.67,1517.32,1589.31,1614.95,1674.41,1640.72,1655.51,1645.38,1681.15,1634.54,1645.82,1636.39,1641.79,1689.6,1688.98,1700.34,1731.85,1752.15,1755.95,1777.48,1757.99,1765.56,1792.76,1769.6,1843.67,1779.87,1814.4
원/캐나다달러,평균자료,845.06,882.3,898.37,893.35,905.89,908.06,877.97,855.24,847.18,849.9,864.34,885.3,895.5,874.09,847.85,844.08,828.21,849.3,891.64,897.22,920.68,897.7,865.63,849.44,857.35,859,829.06,838.67,836.42,832.01,854.62,860.11,858.16,869.25,855.29,836.39,842.59,848.98,845.91,853.03,879.28,884.09,897.45,911.41,903.94,898.22,882.26,892.21,890.94,898.99,875.69,870.53,879.14,892.46,887.57,896.17,893.17,867,853.49,854.31,862.93,875.53,899.66,894.96,926.24,918.25,914.11,921.34,924.67,950.63,942.7,924.96,946.46,941.86,965.2,976.64,987.55,996.14,1010.83,1020.79,1044.02,1041.87,1013.94,954.09,927.91,945.81,954.08,979.32,983.21,975.76,972.88,979.04,981.52,985.5,955.06,970.73,986.67,986.86,983.04,1000.83,998.82,1007.31,1009.16,990.53,986.36,988.4,997.77,1007.47,1011.82,1010.78
원/캐나다달러,말일자료,860.99,912.64,889.63,911.33,912.23,899.8,855.66,854.4,833.97,853.86,870.07,894.72,883.24,858.5,836.84,828.7,834.43,877.19,900.07,889.45,922.08,876.75,841.48,852.69,868.46,838.59,827.64,837.84,838.8,846.12,857.12,854.01,853.49,869.56,844.63,820.35,849.84,850.13,846.92,860.96,881.84,883.09,898.89,914.41,907.57,887.88,888.16,886.56,895.95,908.61,862.08,875.39,899.75,879.12,887.71,905.42,877.91,851.09,850.59,853.3,868.98,879.19,897.72,901.75,924.22,911.25,922.24,923.83,928.57,948.71,936.81,930.61,944.1,942.96,970.15,991.06,984.28,1003.03,1018.19,1029.49,1048.83,1042.91,979.8,935.38,917.49,970.57,964.24,985.51,972.17,990.72,966,976.28,994.56,978.52,948.56,974.64,992.95,982.58,994.83,1008.93,1006.03,1013.76,999.71,990.1,976.58,994.64,995.22,1023.96,988.07,997.44
원/스위스프랑,평균자료,1194.8,1223.96,1209.61,1189.46,1196.42,1206.85,1164.55,1145.39,1136.79,1140.11,1166.29,1158.86,1173.28,1143.84,1132.29,1131.56,1141.11,1167.06,1181.95,1171.76,1176.44,1150.98,1113.95,1099.38,1108.28,1154.57,1131.41,1104.31,1079.04,1103.48,1129.06,1134.22,1157.09,1138.38,1127.21,1131.08,1134.74,1119.99,1130.44,1132.63,1170.9,1188.97,1190.42,1234.71,1209.56,1192.1,1176.2,1195.39,1200.66,1222.73,1273.93,1262.27,1266.35,1270.68,1282.45,1303.22,1289.61,1255.36,1225.47,1231.54,1237.98,1238.41,1217.25,1212.62,1244.06,1236.1,1245.89,1269.16,1269.36,1281.21,1283.08,1285.73,1300.72,1298.66,1312.98,1306.58,1295.54,1315.51,1348.73,1377.12,1428.92,1433.43,1410.98,1389.31,1348.82,1374.5,1410.57,1468.17,1480.94,1440.27,1470.81,1501.65,1483.99,1497.17,1468.74,1505.26,1542.97,1519.54,1498.89,1503.99,1500.93,1544.96,1549.31,1578.12,1574.63,1578.86,1583.85,1610.14,1599.05,1599.37
원/스위스프랑,말일자료,1191.36,1238.06,1195.09,1182.81,1200.2,1189.2,1147.97,1137.21,1135.06,1159.11,1154.87,1181.33,1164.38,1121.72,1115.54,1136.29,1151.71,1192.74,1155.32,1165.64,1181.37,1130.26,1099.5,1094.72,1146.23,1140.45,1115.12,1088.89,1093.11,1124.29,1130.09,1144.45,1138.84,1134.64,1126.02,1136.22,1123.89,1116.91,1143.63,1136.21,1180.85,1184.09,1193.88,1231.7,1212.33,1181.34,1180.95,1195.52,1220.8,1255.84,1273.81,1257.26,1285.15,1262.23,1310.24,1310.95,1269.4,1237.47,1221.01,1234.33,1254.33,1225.09,1203.1,1217.99,1240.28,1226.79,1267.08,1269.38,1267.82,1285.04,1293.1,1297.47,1291.58,1296.71,1311.74,1305.77,1300.28,1354.03,1365.45,1383.54,1470.53,1424.28,1395.19,1372.87,1327.61,1407.85,1427.41,1498.69,1458.98,1459.72,1471.52,1505.01,1468.76,1499.28,1475.67,1526.82,1544.07,1518.07,1493.79,1513.56,1523.86,1545.79,1568.42,1576.23,1569.36,1596.51,1580.04,1626.38,1574.97,1599.82
원/호주달러,평균자료,842.33,869.77,890.85,879.4,856.69,866.14,860.52,847.71,841.92,856.96,875.73,867.72,880.8,877.19,864.84,854.5,836.36,853.29,883.43,895.45,902.05,881.03,842.72,828.81,847.36,850.09,831.94,821.09,809.84,818.1,831.1,822.8,805.67,803.72,816.91,806.15,801.05,800.65,800.96,811.63,821.31,816.11,821.18,818.7,814.48,804.73,797.37,808.39,799.79,796.61,758.44,768.77,800.3,833.7,842.35,853.62,853.83,815.23,811.39,823.45,848.05,861.82,872.03,861.52,871.86,857.78,849.98,847.17,857.31,875.79,865.71,847.1,859.05,858.32,900.69,909.6,894.04,896.57,896.51,916.61,929.6,907.42,898.07,874.34,864.78,878.31,871.75,883.79,883.39,870.63,866.22,856.15,854.3,857.19,850.54,871.56,879.9,869.49,872.97,889.49,904.8,916.76,923.83,900.26,903.75,910.96,911.08,909.94,905.35,910.99
원/호주달러,말일자료,855.73,879.6,884.16,872.22,855.86,867.7,845.01,840.44,837.08,869.21,875.15,872.05,875.07,869.11,853.37,844.02,838.32,875.55,893.66,887.74,900.04,864.9,819.27,835.16,866.41,834.58,819.23,815.06,818.92,824.45,827.31,805.38,801.42,810.17,820.82,787.81,809.47,798.72,805.16,817.34,822.59,810.28,812.57,817.71,812.5,806.14,798.27,810.34,795.02,799.94,752.57,795.71,821.78,825.12,857.27,872.65,831.31,797.29,816.54,836.56,855.51,873.09,861.35,860.62,860.77,848.86,849.36,849.37,850.34,882.64,852.45,858.89,846.43,862.94,909.01,901.78,896.1,889.52,912.34,924.12,933.12,908.49,889.64,858.41,866.54,887.8,874.59,887.95,861.74,869.01,851.97,856.14,860,861.6,853.51,880.08,878.2,866.57,877.44,904.98,912.69,923.4,905.6,907.67,912.44,909.45,906.62,913.68,889.79,897.73
원/뉴질랜드달러,평균자료,785.43,807.57,800.02,790.54,796.62,823.35,815.58,803.68,809.99,805.01,830.76,831.41,840.9,827.41,794.54,790.95,781.54,815.91,833.89,827.36,820.34,794.76,761.37,754.68,772.76,788.54,777.88,774.48,747.66,758.23,762.06,748.91,738.08,738.85,763.3,766.06,759.78,766.03,773.3,766.69,775.96,774.88,785.55,778.68,758.86,750.14,746.66,774.31,770.12,764.04,737.15,734.36,747.57,778.79,789.28,783.12,786.81,759.73,765.29,776.23,789.58,805.33,807.46,797.04,811.32,797.9,799.3,808.81,826.45,834.54,831.33,803.74,807.61,799.68,838.52,834.62,812.13,810.7,810.41,825.07,825.03,812.23,824.34,822.46,796.48,800.5,810.19,820.19,826.61,795.39,801.05,791.47,787.49,796,784.31,810.27,817.64,816,809.6,814.68,828.89,847.2,835.09,823.16,831.35,825.71,824.21,825.49,818.09,821.53
원/뉴질랜드달러,말일자료,782.2,814.38,797.13,795.87,797.64,829.03,797.67,807.95,795.04,819.73,833.61,841,843.92,813.81,781.27,777.4,796.51,832.42,840.89,808.87,829.29,773.55,744.75,759.68,785.57,774.87,771.29,761.84,755.18,757.71,762.26,737.63,735.72,748.23,769.67,750.64,770.2,765.47,770.97,772.52,774.57,775.11,781.95,767.03,755.86,748.94,757.05,779.08,768.03,767.66,734.42,742.78,768.92,771.51,797.46,798.64,769.7,751.33,777,784.45,799.73,817.56,791.69,802.2,808.6,789.93,805.07,815.2,813.55,842.92,814.26,809.64,792.14,804.49,844.59,823.97,816.81,804.96,821,826.56,823.07,823.62,825.13,804.23,794.11,812.31,816.24,823.5,799.47,796.67,787.97,787.22,799.75,790.17,793.77,816.45,816.26,813.47,804.65,824.19,841.73,844.7,817.54,836.3,837.75,826.31,821.34,828.27,806.8,810.71
원/홍콩달러,평균자료,154.44,156.42,153.11,147.95,150.89,150.79,147.49,143.33,142.79,145.06,149.77,152.38,152.8,147.55,146.13,145.71,144.5,144.91,145.27,144.59,144.81,144.99,141.58,138.99,136.42,138.02,136.71,136.05,137.14,139.26,143.07,142.83,142.87,144.29,144.14,143.59,143.09,143.03,144.06,145.44,150.77,150.19,150.45,154.18,152.82,151,149.13,150.62,149.76,153.56,157.12,158.06,158.49,156.12,154.67,153.14,152.1,147.7,144.05,141.27,141.56,143.39,145.66,144.08,144.65,144.46,147.23,149.08,150.33,152.04,151.86,151.78,153.24,153.66,156.09,157.17,161.79,162.75,166.57,168.02,177.29,181.75,174.18,166.45,159.55,161.96,166.37,168.17,169.48,165.57,164.52,168.49,169.8,172.63,167.84,166.99,169.33,170.27,170.1,174.67,174.8,176.7,177.14,173.67,171.3,175.16,179.11,184.51,187.05,185.73
원/홍콩달러,말일자료,155.07,158.91,148.77,147.46,153.24,150.1,145.13,144.18,141.35,147.68,150.65,155.83,149.23,145.86,143.63,145.24,144.22,145.99,143.31,143.48,146.79,144.24,138.63,137.07,137.01,136.82,135.89,137.14,137.79,142.93,142.28,141.26,142.37,145.42,143.42,142.77,142.43,142.41,144.95,147.66,151.64,148.01,151.08,154.88,153.2,149.02,150.67,148.66,152.38,155.99,157.66,158.08,159.86,154.92,153.73,152.91,151.42,146.21,142.49,140.35,143.76,142.94,145.79,142.64,143.79,145.55,147.66,149.53,152.19,150.64,153.01,152.03,154.35,154.03,154.69,161.78,158.73,164.77,166.12,171.68,182.78,180.83,170.48,162.55,156.82,167.94,166.09,170.7,168.77,167.48,164.18,168.41,171.95,172.98,165.15,165.06,170.21,170.42,172.1,176.19,176.09,177.9,177.22,171.25,169.76,177.99,179.19,189.3,183.92,185.1
원/대만달러,평균자료,35.95,36.62,36.43,35.48,35.98,36.19,35.6,35.22,35.22,35.64,36.61,36.96,37.29,37.04,37.02,37.28,37.34,37.35,37.28,37.38,37.56,37.43,36.7,36.21,36.23,36.91,36.7,36.38,36.07,36.32,36.78,36.55,36.47,36.64,36.65,36.5,36.42,36.44,36.64,36.98,37.87,37.63,37.87,38.56,38.52,38.63,38.35,38.84,38.81,39.6,40.51,40.72,41.04,40.77,40.76,40.43,40.33,39.89,39.13,38.8,39.21,39.8,40.08,39.64,40.24,40.4,40.9,41.64,42.27,42.39,42.54,42.73,43.22,43.02,43,42.43,42.93,43.15,43.82,43.82,44.62,44.67,43.39,42.23,40.99,42.02,42.74,43.21,43.23,42.07,41.26,41.46,41.56,41.85,41.05,41.66,42.42,42.36,42.02,42.32,42.28,42.61,42.4,41.96,41.72,42.39,43.1,44.04,44.3,44.06
원/대만달러,말일자료,36.02,37.04,35.85,35.54,36.47,35.94,35.22,35.25,34.92,36.21,36.73,37.41,36.89,36.93,36.82,37.47,37.22,37.53,36.94,37.24,37.74,37.25,36.1,35.92,36.65,36.57,36.63,36.41,36.15,36.67,36.51,36.13,36.49,36.84,36.6,36.58,36.35,36.3,36.86,37.47,37.69,37.35,38.07,38.8,38.69,38.48,38.74,38.48,39.16,40.25,40.37,40.92,41.39,40.74,40.67,40.38,40.31,39.94,38.73,38.67,39.88,39.76,39.83,39.72,40.27,40.51,41.18,41.97,42.59,42.22,42.99,42.84,43.3,42.99,42.48,43.07,42.98,43.48,43.65,44.25,45.34,44.19,43.02,41.27,40.83,43,42.77,43.72,43.23,42.18,40.81,41.47,41.76,41.93,41.23,41.98,42.67,42.13,42.13,42.44,42.52,42.71,42.19,41.88,41.77,43.38,42.89,44.81,43.49,43.74
원/몽골투그릭,평균자료,0.6,0.6,0.58,0.57,0.58,0.6,0.57,0.51,0.49,0.49,0.48,0.48,0.48,0.46,0.46,0.47,0.47,0.48,0.47,0.46,0.46,0.46,0.45,0.45,0.44,0.45,0.45,0.45,0.45,0.45,0.46,0.46,0.45,0.44,0.44,0.43,0.42,0.43,0.43,0.43,0.45,0.44,0.44,0.45,0.45,0.44,0.43,0.43,0.42,0.43,0.44,0.44,0.44,0.43,0.42,0.41,0.41,0.4,0.39,0.38,0.39,0.39,0.4,0.39,0.39,0.39,0.4,0.41,0.41,0.42,0.41,0.41,0.42,0.42,0.42,0.4,0.41,0.41,0.42,0.41,0.43,0.42,0.4,0.38,0.36,0.36,0.37,0.38,0.38,0.37,0.37,0.38,0.38,0.39,0.38,0.38,0.39,0.39,0.39,0.4,0.4,0.41,0.41,0.4,0.39,0.4,0.41,0.42,0.43,0.42
원/몽골투그릭,말일자료,0.6,0.61,0.56,0.57,0.6,0.59,0.55,0.5,0.48,0.48,0.47,0.49,0.47,0.46,0.45,0.47,0.47,0.49,0.46,0.46,0.47,0.45,0.44,0.44,0.44,0.45,0.45,0.45,0.45,0.46,0.45,0.45,0.44,0.44,0.43,0.42,0.43,0.42,0.43,0.44,0.45,0.43,0.44,0.45,0.45,0.44,0.44,0.42,0.43,0.44,0.44,0.44,0.44,0.42,0.42,0.41,0.41,0.4,0.39,0.38,0.39,0.39,0.4,0.39,0.39,0.4,0.4,0.41,0.41,0.41,0.42,0.41,0.42,0.42,0.41,0.41,0.4,0.41,0.41,0.42,0.43,0.42,0.39,0.37,0.35,0.37,0.37,0.38,0.38,0.38,0.37,0.38,0.39,0.39,0.37,0.38,0.39,0.39,0.4,0.41,0.41,0.41,0.41,0.39,0.39,0.41,0.41,0.43,0.42,0.41
원/카자흐스탄텡게,평균자료,3.3,3.4,3.44,3.4,3.52,3.48,3.35,3.23,3.27,3.39,3.42,3.54,3.57,3.58,3.59,3.63,3.59,3.54,3.48,3.4,3.33,3.38,3.32,3.25,3.26,3.35,3.34,3.28,3.28,3.24,3.26,3.14,3.03,3.08,3.04,3.02,2.96,2.98,2.99,3.01,3.11,3.07,3.06,3.12,3.09,3.04,3.01,3.06,3.07,3.16,2.93,2.82,2.94,3,2.91,2.83,2.78,2.67,2.6,2.6,2.61,2.65,2.69,2.6,2.63,2.62,2.68,2.73,2.75,2.78,2.74,2.71,2.74,2.76,2.43,2.72,2.94,2.87,2.75,2.78,2.93,3.02,2.94,2.77,2.69,2.81,2.89,2.92,2.98,2.89,2.89,2.91,2.85,2.83,2.83,2.85,2.93,2.96,2.96,3.06,3.09,3.03,2.91,2.83,2.78,2.8,2.81,2.75,2.76,2.86
원/카자흐스탄텡게,말일자료,3.26,3.54,3.36,3.45,3.54,3.44,3.18,3.3,3.27,3.43,3.43,3.63,3.55,3.63,3.55,3.59,3.6,3.54,3.42,3.35,3.36,3.37,3.27,3.24,3.33,3.36,3.34,3.29,3.28,3.29,3.22,3.05,3.07,3.09,3.02,2.91,2.93,2.97,2.98,3.03,3.12,3.04,3.07,3.14,3.1,3.01,3.05,3.03,3.12,3.2,2.73,2.84,3,2.97,2.82,2.82,2.73,2.62,2.6,2.58,2.63,2.67,2.67,2.59,2.6,2.63,2.7,2.73,2.78,2.74,2.73,2.71,2.77,2.61,2.6,2.84,2.94,2.76,2.72,2.84,3.01,3.03,2.85,2.75,2.67,2.94,2.89,2.94,2.96,2.89,2.88,2.86,2.81,2.87,2.81,2.84,2.97,2.96,3,3.12,3.09,2.98,2.92,2.77,2.74,2.83,2.72,2.8,2.76,2.88
원/태국바트,평균자료,33.23,34.17,33.74,32.71,33.07,33.17,32.63,32.01,31.92,32.09,32.87,33.03,33.38,32.69,32.52,32.89,32.66,33.24,33.61,34,34.14,34.1,33.55,33.26,33.4,34.27,34.28,34.12,33.68,33.64,33.75,33.95,34.32,34.51,34.24,34.3,35.26,35.88,35.63,35.83,37.21,37.76,38.15,39.28,39.16,38.99,38.59,38.91,38.32,38.12,38.08,37.52,38.29,38.79,38.19,38.02,37.62,36.63,36.63,36.39,36.57,37.06,36.76,35.73,35.92,35.7,35.08,35.04,35.48,35.38,35.76,35.26,35.95,36.76,36.73,36.51,36.9,36.54,36.01,36.76,37.57,37.6,37.4,37.26,37.38,37.41,37.88,38.56,38.86,37.17,37.13,37.67,37.23,37.07,36.95,37.25,37.65,37.14,37.03,37.2,37.29,37.59,38.13,38.93,39.98,40.74,40.48,41.98,42.37,42.82
원/태국바트,말일자료,33.74,34.58,32.73,32.68,33.32,33.15,32.3,32.31,31.63,32.67,32.75,33.63,32.89,32.49,32.37,32.65,32.93,33.52,33.57,33.8,34.34,33.87,33.22,32.77,34.12,34.03,34.13,34.12,33.75,33.83,33.53,33.84,34.3,34.26,34.08,34.35,35.73,35.55,35.73,36.28,37.44,37.56,38.37,39.67,39.21,38.63,39,38.66,37.98,38.4,37.44,37.75,38.88,38.88,38,38.11,37.1,36.3,36.46,36.34,37.18,36.64,36.2,35.5,35.72,35.2,34.92,35.87,34.91,35.3,35.39,35.57,36.11,36.73,36.34,36.86,36.57,36.73,35.78,36.95,37.83,37.45,37.59,36.66,37.48,37.65,38.2,39.28,38.12,36.84,37.37,37.73,36.95,37.67,37.05,37.62,37.61,37.06,36.91,37.27,37.49,37.71,38.6,39.36,40.75,41,40.51,43,42.59,42.29
원/싱가포르달러,평균자료,838.62,865.84,865.5,849.85,854.97,864.28,846.84,825.25,815.48,813.41,823.95,823.07,828.57,809.27,807.34,810.16,806.89,816.35,826.87,830.98,838.03,832.88,814.81,806.06,806.3,817.81,815.11,811.79,803.52,810.2,823.63,819.5,816.56,819.98,820.36,819.06,826.95,828.97,835.11,841.46,862.85,862.54,863.84,873.13,867.41,864.08,857.44,866.17,862.04,859.68,861.79,860.04,865.86,867.66,863.85,866.41,863.14,841.93,828.42,821.46,828.05,837.3,842.52,838.37,844.78,841.27,844.57,856.07,868.24,875.42,872.05,868.34,884.09,890.01,898.73,902.77,918.26,922.4,936.7,952.36,984.46,1002.29,982.23,958.18,940.01,954.91,973.81,991.34,991.74,963.39,963.32,976.83,975.74,986.72,971.15,978.24,991.21,990.48,992.81,1008.2,1010.76,1020.85,1027.05,1028.58,1029.11,1037.41,1043.45,1062.53,1067.22,1073.32
원/싱가포르달러,말일자료,846.34,877.01,853.56,850.8,862.19,864.6,831.94,820.23,803.39,822.79,820.03,834.6,815.12,806.17,798.7,808.92,810.92,826.43,824.99,827.02,844.28,826.81,803.44,800.63,816.75,808.94,813.22,812.78,807.51,819.72,820.47,810.85,813.14,823.42,818.83,818.28,829.4,829.11,838.78,850.74,863.1,854.7,862.55,875.41,869.81,858.23,863.48,858.55,868.91,871.52,858.36,864.55,874.08,861.74,868.4,872.33,855.35,829.33,825.35,822.22,838.8,836.18,840.97,834.89,843.57,839.96,848.45,865.5,870.13,871.64,871.89,877.14,888.79,884.63,895.13,915.31,911.64,927.97,945.3,963.84,1001.92,1005.92,968.19,943.11,934.76,978.13,982.04,1003.56,978.94,967.96,961.18,978.96,982.07,991.17,967.17,976.86,993.47,990.97,997.67,1013.82,1019.67,1022.75,1031.71,1024.95,1030.37,1046.33,1038.53,1081.08,1059.15,1067.79
원/인도네시아루피아(100루피아),평균자료,8.65,9.01,9.01,8.71,8.74,8.77,8.72,8.45,8.45,8.65,8.74,8.82,8.86,8.58,8.5,8.52,8.45,8.49,8.5,8.48,8.51,8.36,8.17,8.01,7.97,7.95,7.79,7.74,7.67,7.81,7.79,7.71,7.54,7.46,7.68,7.75,7.92,8,7.96,8.07,8.22,8.26,8.37,8.5,8.49,8.39,8.3,8.39,8.48,8.69,8.07,7.75,8.28,8.55,8.26,8.08,7.97,7.79,7.85,7.75,7.83,7.93,7.86,7.7,7.85,7.83,7.89,8.06,8.21,8.35,8.3,8.26,8.33,8.35,8.51,8.57,8.7,8.69,8.73,8.88,9.29,9.24,8.71,8.31,8.16,8.4,8.54,8.88,8.97,8.68,8.56,8.65,8.67,8.57,8.39,8.41,8.48,8.51,8.48,8.53,8.5,8.45,8.51,8.58,8.71,8.74,8.81,8.95,8.96,8.85
원/인도네시아루피아(100루피아),말일자료,8.71,9.24,8.69,8.67,8.73,8.85,8.59,8.42,8.45,8.78,8.61,8.98,8.68,8.48,8.38,8.49,8.44,8.55,8.4,8.41,8.48,8.28,8.02,7.9,7.98,7.83,7.75,7.75,7.73,7.79,7.75,7.55,7.46,7.49,7.8,7.68,7.91,7.97,7.99,8.16,8.26,8.18,8.43,8.54,8.48,8.33,8.37,8.31,8.67,8.66,7.48,7.94,8.42,8.43,8.16,8.1,7.88,7.75,7.84,7.74,7.92,7.87,7.83,7.66,7.81,7.8,7.92,8.1,8.29,8.27,8.33,8.31,8.36,8.37,8.44,8.76,8.56,8.71,8.73,9.08,9.4,9.13,8.46,8.09,8.21,8.63,8.66,9.11,8.82,8.76,8.48,8.67,8.68,8.51,8.37,8.36,8.43,8.5,8.49,8.48,8.47,8.47,8.49,8.66,8.72,8.81,8.79,9.11,8.81,8.75
원/말레이지아링깃,평균자료,276.26,291.27,291.54,294.14,290.16,286.89,284.94,276.16,270.14,269.5,268.83,265.13,265.49,257.73,255.7,256.92,260.74,264.17,264.42,263.98,268.42,267.63,264.71,266.15,269.39,276.06,274.49,274.87,271.77,273.33,277.33,274.03,270.69,271.99,269.65,269.06,272.43,275.33,277.21,277.46,283.76,282.35,285,288.94,286.01,282.8,280.84,283.27,285.41,287.18,283.99,281.5,283.09,282.84,281.07,283.32,284.04,275.7,271.35,269.84,271.79,274.8,275.27,271.4,272.2,271.28,272.43,274.92,280.91,284.01,283.26,281.02,285.05,286.22,290.68,289.16,289.83,290.24,294.57,295.21,306.4,303.88,295.14,293.62,287.5,291.65,292.17,298.44,294.44,279.97,279.76,286.34,284.28,284.4,279.22,279.6,282.79,279.37,282.17,287.11,289.53,293,295.34,305.9,312.72,316.32,314.42,321.71,324.65,325.42
원/말레이지아링깃,말일자료,286.76,293.34,292.62,293.87,289.19,288.58,277.98,276.14,265.8,272.7,261.64,269.48,261.27,255.06,252.48,260,262.44,265.42,261.38,262.92,270.99,265.49,265.2,263.47,274.67,274.05,275.72,274.63,271.1,277.48,275.22,269.81,268.67,272.74,268.02,269.26,271.99,274.88,279.01,280.2,283.87,279.15,286.55,288.13,286.84,279.52,282.5,281.94,289.61,288.78,282.19,280.91,284.89,280.21,281.02,284.5,281.04,272.68,271.38,269.51,275.52,274.39,273.07,269.93,269.99,272.19,270.71,280.11,283.15,282.34,281.56,283.85,286.46,286.36,287.98,290.98,285.32,293.86,292.85,301.08,309.52,300.54,295.33,286.49,289.51,294.16,294.81,300.22,287.34,281.02,281.04,284.78,286.74,284.05,277.07,279.85,281.46,279.72,284.56,289.19,292.62,294.35,299.53,309.74,319.9,315.89,313.63,329.23,326.27,323.91
원/필리핀페소,평균자료,25.28,25.57,25.5,24.77,25.05,25.19,24.3,23.84,23.33,23.28,23.62,23.75,23.83,22.91,22.58,22.75,22.58,22.65,22.41,22.21,22.19,21.98,21.7,21.57,21.11,20.83,20.57,20.5,20.59,20.57,21.02,21.05,20.78,20.96,21.38,21.27,21.4,21.51,21.53,21.92,22.64,22.72,22.98,23.19,22.98,23.02,23.01,23.15,22.91,23.51,23.92,24.17,24.29,24.16,24.26,24.32,24.29,23.6,23.13,22.78,22.84,23.04,23.28,23.09,23.43,23.3,22.87,23.14,23.32,23.32,23.5,23.53,23.31,23.37,23.43,23.7,24.25,23.79,23.4,23.63,24.15,24.28,23.71,23.29,22.67,23.18,23.85,23.89,23.82,23.23,23.44,23.45,23.42,23.78,23.46,23.46,23.64,23.76,23.82,24.02,23.62,23.5,23.66,23.73,23.8,23.65,23.74,24.56,24.92,24.9
원/필리핀페소,말일자료,25.3,26.01,25.14,24.42,25.45,24.82,23.89,24.03,22.69,23.57,23.5,24.38,23.24,22.52,22.23,22.62,22.55,22.54,22.14,21.95,22.54,21.78,21.54,21.42,20.85,20.5,20.42,20.84,20.58,20.97,21.03,20.74,20.59,21.29,21.41,21.29,21.42,21.57,21.59,22.22,22.81,22.62,23.23,23.29,23.15,22.96,23.23,22.8,23.22,23.85,23.97,24.22,24.52,24.15,24.24,24.5,24.22,23.4,22.93,22.66,23.16,22.64,23.36,22.92,23.37,23.28,22.87,23.39,23.31,23.3,23.74,23.23,23.46,23.44,23.29,24.23,23.82,23.49,23.36,23.99,24.51,24.47,23.54,22.7,22.53,23.72,23.96,24.05,23.47,23.68,23.31,23.28,23.54,23.78,23.24,23.19,23.59,23.7,23.96,23.92,23.5,23.65,23.64,23.75,23.58,23.75,23.76,25.41,24.58,24.82
원/베트남동(100동),평균자료,5.36,5.45,5.33,5.14,5.25,5.23,5.13,4.98,4.96,5.04,5.17,5.2,5.24,5.04,4.98,4.99,4.96,4.97,4.99,4.98,4.98,4.98,4.87,4.78,4.7,4.75,4.71,4.69,4.72,4.78,4.86,4.81,4.81,4.84,4.84,4.82,4.84,4.84,4.87,4.92,5.07,5.04,5.06,5.21,5.16,5.1,5.03,5.07,5.03,5.14,5.23,5.22,5.26,5.21,5.17,5.12,5.09,4.94,4.82,4.74,4.76,4.83,4.9,4.85,4.87,4.88,4.97,5.08,5.14,5.2,5.22,5.17,5.26,5.27,5.34,5.38,5.5,5.5,5.59,5.63,5.89,5.86,5.49,5.45,5.31,5.38,5.53,5.62,5.66,5.52,5.43,5.52,5.49,5.51,5.38,5.37,5.41,5.44,5.38,5.44,5.37,5.42,5.45,5.41,5.41,5.43,5.49,5.64,5.75,5.69
원/베트남동(100동),말일자료,5.44,5.54,5.18,5.13,5.31,5.22,5.05,5.01,4.92,5.13,5.15,5.31,5.12,4.97,4.9,4.97,4.95,5.01,4.92,4.94,5.05,4.95,4.76,4.72,4.72,4.71,4.68,4.73,4.73,4.89,4.8,4.76,4.77,4.89,4.81,4.82,4.81,4.82,4.9,4.97,5.08,4.96,5.09,5.24,5.18,5.04,5.08,5,5.11,5.23,5.17,5.23,5.32,5.18,5.14,5.11,5.06,4.89,4.77,4.71,4.83,4.81,4.91,4.8,4.84,4.91,5,5.11,5.21,5.15,5.26,5.21,5.31,5.27,5.3,5.53,5.37,5.56,5.58,5.75,6.02,5.72,5.38,5.37,5.23,5.53,5.55,5.71,5.63,5.57,5.4,5.48,5.51,5.51,5.31,5.32,5.45,5.42,5.43,5.44,5.41,5.46,5.48,5.37,5.36,5.47,5.5,5.77,5.71,5.64
원/브루나이달러,평균자료,838.6,865.77,865.33,849.84,854.95,864.21,846.84,825.23,815.47,813.42,823.96,823.02,828.56,809.27,807.32,810.15,806.89,816.36,826.86,830.99,838.13,832.67,814.8,805.84,801.46,814.77,812.03,809.14,807.58,814.4,827.42,821.81,816.56,819.98,820.36,819.06,826.95,828.97,835.11,841.46,862.85,862.54,863.84,873.13,867.41,864.08,857.44,866.17,862.05,859.68,861.79,860.04,865.87,867.66,862.21,865.55,863.14,841.93,828.41,821.46,828.05,837.3,842.52,838.37,844.78,841.27,844.57,856.07,868.24,875.42,872.05,868.34,884.09,890.01,898.73,902.77,918.26,922.4,936.7,952.36,984.46,1002.29,982.23,958.18,940.01,954.91,973.81,991.34,991.74,963.39,963.32,976.83,975.74,986.72,971.15,978.24,991.21,990.49,992.81,1008.2,1010.76,1020.85,1027.05,1028.58,1029.11,1037.41,1043.45,1062.53,1067.22,1073.32
원/브루나이달러,말일자료,846.34,876.61,853.5,850.42,862.19,864.6,831.94,820.2,803.39,822.82,819.94,834.6,815.18,806.17,798.7,809.01,810.95,826.4,824.87,826.99,845.31,826.78,803.44,797.59,804.52,808.45,808.48,818.53,811.45,824.14,824.25,810.85,813.14,823.42,818.83,818.28,829.4,829.11,838.78,850.74,863.1,854.7,862.55,875.41,869.81,858.23,863.48,858.55,868.91,871.52,858.36,864.55,874.08,861.74,860.99,872.33,855.35,829.33,825.35,822.22,838.8,836.18,840.97,834.89,843.57,839.96,848.45,865.5,870.13,871.64,871.89,877.14,888.79,884.63,895.13,915.31,911.64,927.97,945.3,963.88,1001.92,1005.92,968.19,943.11,934.76,978.13,982.04,1003.56,978.94,967.96,961.18,978.96,982.07,991.17,967.17,976.86,993.47,990.97,997.67,1013.82,1019.67,1022.75,1031.71,1024.95,1030.37,1046.33,1038.53,1081.08,1059.15,1067.79
원/인도루피,평균자료,17.85,17.83,17.74,17.27,17.5,17.4,17.03,16.61,16.6,16.86,17.19,17.43,17.41,17.09,17.23,17.54,17.46,17.53,17.59,17.67,17.57,17.41,17.04,16.89,16.76,16.77,16.48,16.27,15.94,16.11,16.35,16.13,15.55,15.38,15.69,15.86,15.88,15.79,16.26,16.44,16.95,16.93,17.1,17.01,16.77,16.68,16.34,16.52,16.34,16.7,16.39,16.07,16.23,15.98,16,15.9,16.04,15.57,15.04,14.86,15.01,15.28,15.54,15.03,15.34,15.26,15.35,15.64,15.9,15.78,15.88,15.7,16.05,15.99,16.02,16.18,16.42,16.36,16.43,16.58,17.35,17.34,16.7,15.73,15.24,15.39,15.87,16.1,16.14,15.78,15.66,15.92,16.01,16.23,15.74,15.66,15.92,16.05,16.03,16.4,16.38,16.53,16.55,16.14,15.93,16.19,16.52,16.89,16.89,16.62
원/인도루피,말일자료,17.74,17.97,17.38,17.22,17.73,17.27,16.8,16.66,16.41,17.15,17.03,17.79,17.07,16.97,17.21,17.63,17.39,17.62,17.45,17.55,17.51,17.35,16.82,16.72,16.82,16.5,16.38,16.15,16.03,16.29,16.28,15.67,15.33,15.48,16.08,15.99,15.68,15.7,16.44,16.58,17.04,16.75,17.17,16.95,17.04,16.47,16.49,16.23,16.54,16.97,16.21,16.11,16.37,15.9,15.91,16.21,15.91,15.24,14.94,14.86,15.28,15.24,15.43,14.94,15.41,15.21,15.45,15.89,15.95,15.67,15.9,15.93,15.99,16.02,15.97,16.56,16.06,16.38,16.37,16.91,17.61,17.25,16.31,15.31,15.07,15.94,15.88,16.4,15.99,16,15.56,15.99,16.14,16.25,15.47,15.5,16.01,16.09,16.15,16.52,16.52,16.65,16.53,15.92,15.76,16.45,16.51,17.19,16.56,16.48
원/파키스탄루피,평균자료,11.46,11.62,11.35,10.96,11.19,11.19,10.92,10.62,10.59,10.75,11.09,11.28,11.31,10.93,10.83,10.81,10.74,10.78,10.77,10.74,10.75,10.75,10.5,10.02,9.63,9.75,9.53,9.22,9.3,9.18,9,9.09,9.08,8.65,8.41,8.05,8.02,8.04,8.09,8.07,8.14,7.65,7.38,7.58,7.66,7.58,7.51,7.6,7.53,7.73,7.7,7.44,7.66,7.32,7.17,7.06,7.1,7.03,7.01,6.83,6.84,6.96,7.24,7.31,7.33,7.17,7.15,7.05,6.95,6.87,6.82,6.66,6.76,6.82,6.78,6.68,6.55,6.22,6.05,5.94,6.01,6.45,6.13,5.75,5.37,4.76,4.66,4.64,4.66,4.53,4.57,4.49,4.45,4.82,4.59,4.6,4.73,4.77,4.78,4.92,4.9,4.95,4.97,4.86,4.8,4.9,5.01,5.16,5.22,5.18
원/파키스탄루피,말일자료,11.53,11.79,11.02,10.91,11.36,11.12,10.74,10.67,10.44,10.94,11.14,11.53,11.05,10.8,10.65,10.79,10.72,10.87,10.62,10.67,10.88,10.68,10.27,9.68,9.67,9.67,9.22,9.3,9.34,9.21,9.18,9.01,9.03,8.53,8.34,7.99,8,7.99,8.09,8.18,8.09,7.08,7.36,7.74,7.72,7.52,7.6,7.48,7.66,7.88,7.39,7.6,7.71,7.16,7.11,7.08,7.06,7.06,6.94,6.78,6.95,7,7.4,7.22,7.22,7.14,7.07,7.04,6.93,6.81,6.76,6.65,6.8,6.8,6.63,6.83,6.27,6.31,5.43,6.12,6.25,6.41,5.93,5.59,4.67,5.07,4.6,4.72,4.64,4.58,4.52,4.34,4.7,4.81,4.51,4.57,4.76,4.77,4.84,4.95,4.94,4.99,4.97,4.79,4.75,4.98,5.02,5.28,5.14,5.15
원/방글라데시타카,평균자료,15.31,15.5,15.15,14.64,14.9,14.89,14.59,14.18,14.11,14.34,14.73,14.91,14.95,14.33,14.15,13.91,13.86,13.98,14.01,13.95,13.9,13.78,13.34,13.15,12.87,13.01,12.9,12.8,12.76,12.96,13.34,13.32,13.37,13.42,13.47,13.41,13.39,13.37,13.46,13.55,14.03,13.91,13.91,14.31,14.17,13.98,13.76,13.86,13.72,14.06,14.37,14.43,14.45,14.25,14.14,13.99,13.9,13.5,13.18,12.92,12.95,13.13,13.35,13.21,13.25,13.23,13.49,13.66,13.73,13.82,13.8,13.8,13.9,13.94,14.18,14.28,14.55,13.8,13.92,13.89,13.9,13.91,13.3,12.47,11.88,11.94,12.34,12.42,12.39,11.98,11.84,12.06,12.11,12.25,11.86,11.86,12.06,12.13,12.13,12.46,11.85,11.75,11.77,11.45,11.17,11.39,11.66,12,11.97,11.89
원/방글라데시타카,말일자료,15.4,15.75,14.72,14.58,15.16,14.84,14.34,14.27,13.95,14.6,14.72,15.3,14.57,14.15,13.91,13.73,13.91,14.1,13.87,13.83,13.99,13.57,13.19,12.94,12.91,12.9,12.84,12.72,12.8,13.39,13.22,13.23,13.28,13.38,13.39,13.37,13.33,13.33,13.54,13.71,14.1,13.69,14,14.38,14.22,13.79,13.89,13.64,13.95,14.33,14.41,14.43,14.61,14.14,14.05,13.96,13.81,13.35,13.02,12.85,13.16,13.07,13.37,13.07,13.16,13.34,13.51,13.68,13.85,13.68,13.91,13.83,13.99,13.99,14.04,14.67,13.99,13.84,13.77,14.18,14.16,13.99,13.1,12.29,11.58,12.35,12.16,12.62,12.32,12.14,11.8,12.1,12.2,12.27,11.69,11.75,12.12,12.15,12.27,12.56,11.72,11.82,11.78,11.17,11.04,11.58,11.67,12.3,11.75,11.85
원/멕시코 페소,평균자료,66.6,66.07,67.36,65.63,64.58,62.82,61.61,60.08,57.81,59.62,58.19,57.63,55.34,56.39,58.81,60.44,60.03,62.25,63.62,63.5,63.48,59.64,58.34,56.73,56.3,57.85,57.6,58.17,55.12,53.9,58.96,59.53,58.84,59,55.76,55.81,58.49,58.45,58.81,60.13,61.96,61.02,61.67,61.46,61.06,61.3,60.48,61.45,61.91,63.49,55.16,50.57,52.31,54.3,53.47,53.41,54.58,53.89,54.62,54.84,55.16,54.75,54.44,55.77,56.22,56,57.27,57.79,58.43,57.85,56.78,56.57,58.29,58.56,59.48,61.46,63.31,63.82,63.72,65.41,69.3,71.37,70.04,66.18,65.6,68.26,70.95,72.98,74.88,75.17,75.98,77.66,77.03,74.57,75.27,75.77,77.53,77.9,79.32,81.46,81.35,75.84,76.44,70.68,67.84,69.04,68.69,70.82,70.76,70.57
원/멕시코 페소,말일자료,65.86,67.56,66.78,66.31,64.39,62.88,59.58,59.42,56.09,60.19,56.64,58.31,55.71,56.85,59.61,59.31,60,63.15,63.08,63.28,63.14,58.42,58.29,54.36,57.07,56.83,58.66,57.71,54.63,56.78,60.26,58.05,59.19,56.81,55.43,56.91,58.42,58.32,58.81,60.93,62.05,60.33,61.98,60.31,60.99,61.19,60.5,61.11,62.98,62.32,51.24,50.37,55.76,52.05,54.08,54.45,52.38,53.03,55.07,54.71,55.13,53.15,55.06,55.23,55.99,57.01,57.76,57.82,57.74,57.52,55.09,57.94,57.9,58.45,60.91,62.05,63.73,64.2,64.25,66.87,71.2,71.58,69.25,65.15,65.43,71.71,72.04,74.29,74.86,76.66,76.72,78.85,76.64,74.9,74.56,75.97,77.57,78,81.09,81.02,80.94,75.22,73.82,67.26,67.07,68.56,68.29,71.17,69.21,70.28
원/브라질 헤알,평균자료,296.34,306.13,321.49,322.32,331.97,341.24,349.02,346.33,341.81,353.2,347.38,352.08,369.63,368.76,362.96,361.24,350.87,343.32,353.56,358.98,361.21,353.38,338.85,329.77,331.96,332.39,327.04,314.13,296.67,289.32,293.3,286.48,272.33,300.18,298.58,288.89,299.62,301.15,294.85,292.79,295.69,304.45,310.72,301.66,290.18,289.59,281.38,285.59,281.41,275,251.28,230.93,217.77,233.58,226.57,217.95,219.07,203.6,204.88,212.56,205.25,205.6,200.36,200.85,211.9,222.67,222.04,220.85,222.42,213.55,212.86,209.29,215.28,230.95,245.47,260.41,255.96,252.45,243.39,256.2,266.09,271.24,258.77,247.14,239.75,245.81,250.69,263,267,266.95,267.69,269.35,269.55,266.95,267.17,266.09,269.44,268.47,267.21,266.97,265.62,256.36,249.65,243.59,240.39,241.78,240.51,235.24,240.28,250.76
원/브라질 헤알,말일자료,296.82,309.14,320.28,328.08,333.45,359.35,342.68,345.37,336.26,357.36,338.13,371.31,370.26,364.14,354.42,355.1,344.99,344.89,357.24,355.27,360.34,342.07,333.45,323.45,336.82,329.38,322.7,311.28,290.38,290.39,299.43,267.17,277.27,308.58,291.17,288.08,303.18,299.78,291.65,293.54,298.86,302.87,311.82,291.47,288.76,292.99,281.5,288.05,278.88,271.02,235.37,222.87,229.31,222.2,231.1,219.92,207.28,196.12,206.66,209.47,204.84,200.4,196.34,207.44,213.58,227.97,225.78,224.59,218.79,207.51,213.02,212.78,222.38,232.91,253.79,257.02,262.06,249.47,251.54,263,265.81,267.98,252.66,239.72,240.14,253.29,255.94,269.19,262.52,270.3,270.36,270.18,269.65,268.01,262.74,265.73,268.8,268.52,268.53,269.38,264.53,252.52,246.7,237.22,242.81,240.04,231.85,237.94,243.96,246.48
원/아르헨티나페소,평균자료,88.47,82.66,79.65,79.66,82.97,82.99,76.86,74.89,73.35,74.14,75.84,74.63,74.51,73.41,73.04,73.88,71.48,70.18,66.23,64.83,65.64,64.84,63.17,61.64,56.2,54.46,53,52.81,45.84,41.14,40.59,37.9,29.08,30.4,31.05,29.69,29.99,29.17,27.43,26.51,26.37,26.86,27.71,23.71,21.13,20.28,19.57,19.66,19.43,19.49,19.34,18.72,18.17,17.44,16.82,16.22,15.72,14.76,14.01,13.28,12.79,12.56,12.43,12.08,11.95,11.78,11.89,11.95,11.91,11.93,11.8,11.63,11.5,11.27,11.17,10.9,10.79,10.41,10.2,9.77,9.72,9.38,8.44,7.53,6.87,6.64,6.44,6.13,5.76,5.23,4.85,4.18,3.8,3.86,3.71,2.51,1.62,1.6,1.57,1.58,1.54,1.53,1.5,1.44,1.39,1.39,1.39,1.41,1.4,1.37
원/아르헨티나페소,말일자료,87.35,79.89,78.97,79.85,85.32,77.85,74.88,74.49,71.36,75.42,74.48,75.93,72.75,73.16,72.37,73.36,69.61,69.11,62.88,64.55,65.42,63.58,62.13,55.86,54.58,52.97,52.97,52.42,43.38,39.98,40.98,28.63,27.93,31.05,29.73,29.67,29.79,28.83,26.08,26.12,26.71,27.09,26.94,21,20.96,19.59,19.73,19.34,19.67,19.59,18.99,18.4,18.23,17.07,16.49,16.03,15.43,14.48,13.64,12.93,12.79,12.35,12.33,11.84,11.8,11.82,11.88,11.93,12.01,11.76,11.83,11.54,11.48,11.19,10.92,11.02,10.38,10.34,9.94,9.72,9.76,9.1,7.97,7.17,6.59,6.69,6.25,6.04,5.54,5.12,4.68,3.78,3.84,3.87,3.58,1.6,1.61,1.58,1.57,1.57,1.54,1.52,1.49,1.41,1.37,1.4,1.38,1.43,1.36,1.36
원/스웨덴크로나,평균자료,140.72,143.57,142.37,141.17,142.4,141.11,133.64,131.2,129.71,127.81,127.35,128.21,132.04,128.71,127.27,126.44,128.21,130.08,136.15,139.91,141.49,138.33,131.82,129.26,132.35,134.23,130.19,126.55,122.89,124.02,127.19,123.91,124.72,125.15,124.52,124.19,124.88,121.05,121.79,122.38,123.24,124.89,124.99,125.42,123.26,121.27,121.12,124.58,122.65,123.25,124.27,122.09,126.23,129.9,132.5,136.14,133.59,129.65,129.05,130.84,132.41,133.36,132.53,131.59,134.49,133.66,132.68,133.67,135.48,136.45,134.53,130.28,130.86,128.88,127.71,129.1,127.74,127.18,125.95,127.09,127.6,128.28,127.52,124.75,119.87,121.73,124.57,127.51,127.13,120.45,122.19,121.96,119.75,122.55,122.46,126.91,127.92,127.84,127.97,126.51,127.05,131.62,130.15,130.17,130.4,129.76,128.03,130.56,131,133.73
원/스웨덴크로나,말일자료,142.12,144.26,141.82,141.74,142.91,137.75,130.34,131.04,127.96,127.04,127.35,132.4,131.23,124.91,124.93,127.87,128.68,134.77,138.14,140.78,141.28,134.65,129.37,129.9,135.83,130.21,127.58,124.12,122.78,124.17,127.59,121.56,125.68,124.31,123.64,124.58,123.62,120.57,122.45,121.77,124.85,124.71,123.56,124.24,122.69,121.12,123.43,123.86,122.76,125.89,121.72,123.86,130.13,128.72,136.94,137.34,129.79,127.03,129.9,132.77,133.67,133.65,129.76,132.3,134.37,132.53,134.16,134.96,134.56,137.57,131.59,131.04,128.04,125.33,130.83,128.52,127.66,126.31,127.7,126.19,128.65,129.23,125.72,121.17,118.15,126.78,125.81,130.2,121.67,120.82,121.53,121.94,122.28,121.38,124.42,129,127.82,129.06,125.82,126.15,129.9,130.72,128.58,130.66,130.92,129.55,127.62,133.23,129.52,133.84
원/덴마크크로나,평균자료,175.01,180.72,177.31,174.76,177.94,176.87,170.1,167.45,166.64,166.75,168.58,167.49,169.15,164.02,163.15,163.14,167.35,170.61,175.61,179.68,181.16,178.86,174.17,172.56,174.54,178.93,177.59,176.12,170.75,171.16,176.07,173.84,174.95,174.2,171.88,171.06,171.64,170.52,171.32,171.69,177.26,177.75,176.73,180.36,176.66,175.25,172.72,174.83,173.12,174.31,180.76,178.46,179.52,182.67,184.38,188.47,186.92,181.07,177.35,178.96,179.64,180.8,181.11,179.98,183.41,181.8,181.89,183.63,185.34,184.45,181.57,179.96,181.86,182.76,180.82,179.34,180.43,181.33,179.1,179.38,185.18,188.85,186.63,184.34,180.47,182.9,187.83,194.11,193.9,188.74,190.84,193.1,190.79,191.32,189.8,190.77,193.66,192.83,194.1,196.63,197.89,199.16,201.02,199.89,198.61,198.6,198.82,201.46,201.61,201.81
원/덴마크크로나,말일자료,177.15,180.73,175.44,174.46,178.4,174.17,167.64,167.49,165.08,169.03,167.25,170.52,166.65,161.24,160.34,165.11,168.77,175.36,176.93,179.54,181.51,176.05,172.3,171.82,178.58,175.98,176,175.09,169.49,174.03,175.53,173.43,173.62,173.42,171.22,171.31,171.87,170.42,171.12,173.51,177.4,176.19,176.61,180.23,176.07,174.43,173.8,173.58,174.72,179.01,180.59,177.9,184.12,181.17,189.56,189.62,183.93,177.7,177.56,179.85,181.67,181.52,178.6,180.52,183,180.78,183.46,184.73,184.81,184,181.21,180.48,180.04,180.37,181.66,179.1,180.42,181.47,178.58,181.55,189.44,189.88,184.81,181.7,179.17,187.77,190.85,198.23,190.53,191.56,189.4,193.81,190.66,192.35,189.67,191.38,193.58,193.98,194.8,198.13,199.91,199.37,200.67,198.37,197.68,201.38,197.39,204.98,199.52,200.7
원/노르웨이크로나,평균자료,136.25,141.39,140.17,139.38,142.31,140.96,135.14,133.73,134.91,137.83,138.1,137.97,139.51,137.57,133.42,131.97,132.56,133.48,138.84,143.32,144.56,141.58,135.07,130.48,134.62,137.82,138.08,136.23,132.85,134.53,138.07,134.66,135.38,137.03,133.18,130.19,131.15,130.5,131.53,133.23,135.33,136.16,136.59,134.98,132.84,129.45,127.6,130.05,130.37,128.56,119.71,117.32,121.72,126.92,128.81,132.48,129.48,123.34,122.7,125.69,128.95,130.76,132.72,133.32,135.17,133.3,130.43,130.92,135.15,139.79,135.72,131.94,135.1,135.01,138.24,138.63,132.08,130.83,130.67,135.69,135.54,135.28,134.29,131.25,125.47,124.38,123.99,125.84,123.11,120.12,125.09,126.19,123.93,122.66,119.96,123.31,127.29,126.28,125.53,125.46,127.2,130.16,128.28,126.52,125.68,125.51,126.18,127.9,128.17,129.1
원/노르웨이크로나,말일자료,140.34,142.01,138.81,140.53,142.73,138.89,131.58,134.04,136.22,138.52,137.05,139.75,139.35,135.27,130.36,131.91,132.99,136.05,141.53,143.9,144.38,137.95,131.17,129.86,138.77,136.14,136.05,135.02,132.14,136.96,137.3,132.8,136.42,135.62,131.39,128.51,132.65,130.74,131.7,133.87,135.74,135.87,134.98,133.59,132.43,127.33,128.66,131.31,128.84,129.41,116.07,117.52,126.78,124.16,131.27,134.83,123.85,118.79,125.14,127.48,129.62,130.58,132.57,135.17,133.51,132.04,131.45,134.28,135.07,140.56,132.32,134.29,134.43,133.59,141.26,134.78,132.41,130.69,133.96,137.35,134.11,137.51,132.95,128.12,123.07,127.45,125.45,126.25,118.22,121.52,125.61,124.72,124.26,121.4,120.93,126.41,127.45,125.95,124.03,125.37,130.48,130.32,126.42,127.17,125.67,126.21,126.32,129.62,126.54,128.06
원/러시아루블,평균자료,15.61,15.82,16.96,17.21,17.82,17.97,17.8,17.12,17.2,17.98,18.05,19.06,19.78,19.58,19.6,20.06,19.75,19.48,19.02,19.01,19.61,19.62,18.74,18.52,18.82,18.98,18.76,17.64,17.26,17.39,17.86,16.94,16.48,17.18,16.98,16.66,16.79,17.04,17.37,17.66,18.24,18.33,18.59,18.4,18.43,18.42,18.29,18.67,18.83,18.65,16.46,16.25,16.89,17.47,16.79,16.07,15.57,14.76,14.52,14.75,14.76,14.92,15.18,14.71,15.18,15.44,15.46,15.76,16.05,16.59,16.27,16.03,15.63,15.46,11.37,15.29,19.47,22.35,22.17,21.63,23.06,23.05,22.31,19.73,17.81,17.41,17.11,16.28,16.81,15.58,14.2,13.82,13.82,13.93,14.47,14.34,14.82,14.52,14.55,14.71,15.01,15.67,15.84,15.22,14.67,14.12,13.86,13.83,14.04,15.6
원/러시아루블,말일자료,15.76,16.2,16.92,17.71,18.11,18.25,16.89,17.13,17.38,18.16,17.96,19.99,19.34,19.45,19.92,19.82,19.87,19.16,18.78,19.18,19.8,19.42,18.46,18.6,19.03,19.04,18.62,17.29,17.41,17.82,17.94,16.25,16.97,17.42,16.94,16.08,17.07,17,17.54,17.95,18.26,18.34,18.61,18.27,18.58,18.32,18.4,18.67,18.7,18.32,15.36,16.55,17.59,17.11,16.24,15.98,14.82,14.37,14.54,14.62,14.63,14.85,14.94,14.79,15.25,15.53,15.68,15.86,16.26,16.68,16.01,15.85,15.36,14.33,14.5,17.45,19.47,24.86,20.86,22.46,24.95,23.07,21.88,16.9,17.57,17.65,16.87,16.37,17.59,15.11,13.9,13.72,14.13,14.62,14.53,14.57,14.85,14.57,14.55,14.8,15.25,16.34,16.15,14.59,13.99,14.27,12.91,13.3,14.55,16.42
원/헝가리포린트,평균자료,4.15,4.35,4.25,4.18,4.21,4.19,4.02,4.02,4.02,4.04,4.06,3.99,4.07,3.95,3.91,3.89,4.02,4.12,4.26,4.39,4.37,4.3,4.16,4.1,4.2,4.28,4.24,4.21,4.02,3.95,4.04,4.02,4.02,4.02,3.98,3.96,4.01,4,4.05,3.99,4.07,4.11,4.06,4.12,3.97,3.95,3.87,3.95,3.88,3.86,3.92,3.73,3.82,3.92,3.91,4.03,3.87,3.71,3.66,3.71,3.72,3.76,3.68,3.71,3.85,3.87,3.79,3.88,3.92,3.8,3.71,3.64,3.77,3.82,3.58,3.56,3.49,3.4,3.31,3.32,3.41,3.37,3.41,3.37,3.4,3.54,3.63,3.85,3.88,3.79,3.76,3.73,3.69,3.7,3.73,3.73,3.78,3.71,3.66,3.73,3.81,3.77,3.82,3.78,3.75,3.69,3.62,3.65,3.65,3.73
원/헝가리포린트,말일자료,4.22,4.33,4.15,4.17,4.23,4.09,4,4.03,3.99,4.06,3.99,4.08,3.99,3.9,3.86,3.94,4.08,4.21,4.32,4.37,4.34,4.21,4.11,4.13,4.28,4.17,4.2,4.17,3.95,3.95,4.07,3.95,4,3.98,3.95,3.98,4.06,4.02,3.99,4.01,4.08,4.06,4.03,4.05,3.92,3.96,3.87,3.92,3.87,3.94,3.76,3.71,3.93,3.79,4.09,3.99,3.74,3.6,3.65,3.67,3.76,3.73,3.65,3.73,3.91,3.82,3.82,3.95,3.82,3.79,3.67,3.64,3.76,3.71,3.68,3.52,3.41,3.42,3.28,3.35,3.35,3.43,3.38,3.38,3.42,3.7,3.74,3.96,3.83,3.84,3.67,3.8,3.64,3.75,3.74,3.73,3.73,3.67,3.69,3.78,3.83,3.75,3.79,3.77,3.71,3.68,3.55,3.72,3.66,3.74
원/폴란트즈워티,평균자료,296.57,306.85,308.13,302,300.49,299.34,287.83,289.54,287.4,288,286.02,280.82,287.65,283.02,283.02,286.25,296.54,301.19,308.36,313.33,315.67,313.1,306.56,305.53,312.17,319.79,314.28,312.98,296.77,296.16,303.25,302.67,303.4,301.98,298.15,297.76,298.63,294.46,297.56,299,308.03,311.46,309.82,309.78,302.81,304.49,301.33,305.65,304.65,304.5,304.93,292.88,295.59,306.58,308.54,318.8,311.58,296.89,293.54,297.67,294.56,299.13,292.97,293.13,301.39,300.47,296.63,298.96,302.26,298.87,290.82,289.83,297.37,298.95,283.85,286.88,288.65,290.3,279.69,282.73,290.41,292.72,295.55,292.99,285.85,287.2,298.19,311.72,318.44,315.08,319.9,322.84,309.79,317.05,321.55,328.52,330.95,332.31,336.1,340.74,344.91,344.01,350.09,347.51,346.5,343.09,342.08,351.91,353.42,360.8
원/폴란트즈워티,말일자료,296.74,308.7,306.05,295.25,301.86,293.16,285.76,286.06,285.89,289.9,280.58,287.62,285.94,277.94,283.16,290.94,300.71,307.37,309.02,313.97,312.96,308.23,305.22,306.07,319.63,314,311.79,309.99,292.94,297.32,306.23,300.59,303.13,298.77,297.98,297.33,299.4,294.76,297.35,301.77,308.9,309.3,306.81,306.32,300.21,306.05,300.58,304.87,304.1,309.31,296.9,291.64,308.06,303.09,319.92,321.7,298.51,286.07,294.46,292.02,297.5,298.71,285.19,293.89,303.55,297.46,298.58,301.25,296.63,296.01,287.87,292.11,293.91,285.73,291.07,284.1,292.67,289.1,278.97,285.79,290.22,299.41,293.88,288.7,282.89,296.47,304.09,322.79,312.76,320.46,319.69,323.36,308.46,322.76,325.64,329.11,331.72,334.79,337.35,342.44,348.3,344.82,349.02,345.32,344.83,344.98,341.79,357.33,354.26,359.47
원/체코코루나,평균자료,48.33,49.89,48.88,48.12,48.97,48.61,46.8,46.1,45.93,45.91,46.41,46.08,46.55,45.13,44.87,45.23,46.9,48.31,50.06,51.18,51.68,51.72,50.73,50.09,51.07,52.62,52.02,51.73,49.62,49.43,50.74,50.45,50.93,50.32,49.45,49.41,49.98,49.46,49.8,49.9,51.36,51.84,51.65,52.14,50.98,50.96,50.54,51.24,51.29,51.97,50.91,48.79,49.03,51.04,51.78,53.63,52.13,49.49,49.84,50.64,51.09,51.97,51.44,51.59,53.38,53.12,52.77,53.62,54.27,53.81,53.18,52.99,55.26,55.65,53.9,54.6,54.2,54.57,54.2,54.32,56.04,57.27,56.98,56.5,56,57.4,59.04,61.73,61.2,59.32,59.53,59.68,58.37,58.03,57.83,58.15,58.43,57.01,57.21,58.03,59.49,59.97,59.33,59.21,59.07,58.56,58.6,59.79,59.75,60.03
원/체코코루나,말일자료,48.89,49.88,48.32,48.02,49.1,47.79,46.12,46.14,45.53,46.51,45.99,46.9,45.87,44.36,43.92,45.44,47.43,49.68,50.49,51.27,51.94,51.04,50.32,50,52.5,51.55,51.69,51.23,48.79,50.01,51.09,50.18,50.42,49.98,49.21,49.68,49.79,49.59,49.48,50.48,51.28,51.68,51.39,51.9,50.85,51.05,50.78,51.05,51.71,52.84,49.42,48.79,50.82,50.38,53.81,54.06,50.32,48.37,50.44,51.04,51.84,51.57,50.78,51.93,53.44,52.71,53.56,53.72,53.87,53.16,52.7,53.98,54.84,53.67,55.29,54.27,54.32,54.58,54.1,54.99,57.42,57.65,56.44,55.85,55.9,59.11,60.4,62.93,59.87,60.17,58.85,59.93,58.21,58.49,58.28,57.76,58.24,57.16,57.45,58.78,60.29,59.36,58.92,59.03,58.64,59.21,58.25,60.68,59.25,59.9
원/사우디아라비아리얄,평균자료,320.29,324.6,316.83,305.98,312.36,312.11,305.04,296.43,295.26,300,309.72,315.19,315.98,305.28,302.59,302.04,300.05,301.32,302.49,301.53,301.74,301.73,294.65,289.52,284.43,287.87,285.82,284.72,287.01,291.39,299.39,298.93,298.77,301.47,300.83,299.3,299.13,299.29,301.5,304.23,315.53,313.47,313.37,322.32,319.27,315.71,311.31,313.49,310.34,318.23,324.97,325.85,327.04,322.45,319.65,316.46,314.28,305.19,297.77,291.91,292.55,296.39,301.53,298.43,299.49,298.96,304.99,309.38,311.81,315.36,315.36,315.42,318.16,319.4,325.46,328.57,338.54,340.46,348.18,350.95,370.11,379.58,362.94,344.73,332.02,338.69,347.73,351.89,354.17,345.74,342.95,351.49,354.45,360.1,349.35,347.66,352.92,355.11,354.81,364.68,364.05,367.93,368.79,360.87,355.74,362.43,371.01,381.83,387.85,385.44
원/사우디아라비아리얄,말일자료,322.21,329.4,307.55,305.01,317.47,310.55,300.17,298.24,291.88,305.36,311.52,322.2,308.71,301.88,297.61,301.34,299.68,303.89,298.42,299.4,305.77,299.98,288.62,285.68,285.71,285.57,284.4,286.97,288.32,299.09,297.76,295.63,296.7,304.07,299.01,298.03,297.88,298.05,303.39,308.84,317.32,308.47,315.13,324.03,320.25,311.55,314.49,308.64,315.45,323.97,325.42,325.87,329.93,320.1,317.64,315.98,312.87,302.2,294.47,290,297.16,295.53,302.23,295.22,297.51,301.3,305.88,310.46,315.9,312.36,318.12,315.76,320.48,320.57,322.73,338.43,332.13,344.58,347.18,358.71,381.77,377.61,354.29,337.07,327.3,351.03,347.33,357.22,352.58,350.03,341.28,352.25,358.49,360.58,343.61,343.85,354.82,355.67,359.1,367.59,367,370.4,369.07,355.84,351.79,368.32,371.26,391.43,382.1,383.85
원/카타르리얄,평균자료,330.02,334.33,326.31,315.13,321.79,321.53,314.18,305.32,304.14,309.01,319.04,324.68,325.49,314.43,311.64,311.1,309.02,307.19,308.53,308.64,306.46,303.16,297.64,298.18,292.96,296.5,294.38,293.25,295.62,300.12,308.34,307.91,307.77,310.59,309.96,308.39,308.15,308.27,310.5,313.16,324.76,322.51,322.65,331.28,328.19,324.94,320.06,322.12,318.83,327.76,333.63,335,335.34,330.42,329.06,325.12,323.14,314.36,306.47,299.74,301.19,305.18,309.64,307.41,306.76,305.81,311.93,316.98,320.09,323.89,324.05,324.46,327.63,328.17,334.23,337.31,347.52,349.42,356.42,358.98,379.5,391.43,372.96,353.89,341.08,348.1,357.22,361.03,364.25,355.8,352.98,361.73,364.56,370.34,359.46,357.67,363.11,365.22,364.71,375.04,374.53,378.55,379.38,371.37,366.18,373.31,382.2,393.46,399.32,396.54
원/카타르리얄,말일자료,331.92,339.29,316.83,314.14,327.02,319.85,309.12,307.17,301.04,314.55,320.91,331.89,317.97,310.91,306.52,310.34,308.64,305.11,307.38,305.25,308.67,292.62,297.3,294.26,294.29,294.15,292.91,295.5,296.98,308.07,306.7,304.53,305.6,313.29,308.08,307.04,306.84,306.98,312.52,318.08,326.81,316.2,324.57,333.69,328.13,320.9,321.72,316.08,323.13,333.92,331.66,334.69,337.84,329.77,327.22,325.42,322.24,311.23,303.26,298.82,306.06,304.36,311.32,304.15,306.45,305.27,315.13,315.18,322.83,321.81,325.26,325.53,330.24,329.44,331.36,347.81,341.24,352.03,354.29,366.82,391.62,386.13,364.46,346.81,335.62,360.79,356.68,367.62,362.68,360.09,351.2,362.51,368.87,370.12,353.51,353.95,365,365.83,369.29,378.04,377.63,381.05,379.7,366.34,362.03,379.4,382.61,403.24,393.14,395.01
원/이스라엘셰켈,평균자료,304.38,311.06,307.41,304.12,307.27,303.56,296.53,292.87,294.37,294.62,302.39,308.71,309.79,306.96,310.62,310.21,313.23,320.02,319.87,314.26,320.24,322.93,314.21,309.89,311.51,309.4,309.23,302.21,300.01,303.25,308.23,306.12,312.24,309.27,304.59,299.16,304.14,309.52,312.76,317.3,329.43,326.79,331.38,344.62,339.96,336.71,334.99,338.3,336.5,347.84,340.03,343.23,349.18,349.91,349.15,348.85,344.93,337.35,331.95,336.92,340.41,339.75,341.35,341.19,344.38,344.73,349.6,359.75,364.82,367.87,379.08,377.68,381.65,372.51,377.02,380.51,375.74,374.26,377.34,399.35,403.92,403.35,391.92,375.73,361.55,359.86,360.62,363.19,362.4,356.26,350.77,352.61,348.51,338.23,344.04,354.9,356.68,365.53,366.56,364.53,369.12,370.55,376.01,362.8,357.94,361.88,374.41,396.31,402.37,405.37
원/이스라엘셰켈,말일자료,305.85,315.88,305,304.03,309.29,302.43,294.29,295,292.19,297.8,304.88,314.18,306.99,308.95,307.31,311.02,316.94,326.49,314.35,312.77,324.77,319.2,308.96,308.93,313.31,307.37,304.16,300.01,302.91,306.76,305,307.14,308.41,307.58,302.51,297.02,305.62,309.11,313.85,320.96,327.97,323.75,338.56,344.04,344.99,331.22,339.18,334.72,343.29,351.68,342.61,349.82,353.01,347.64,349.72,352.54,338.77,331.69,332.91,338.43,339.18,336.18,339.72,340.99,343.26,347.16,354.16,361.95,368.14,370.21,377.79,381.71,376.25,368.5,380.74,382.11,373.18,373.7,382.85,404.84,402.98,402.05,387.34,360.23,354.94,359.4,362.56,368.44,356.65,355.38,345.8,349.31,351.48,336.72,349.91,355.5,363.72,371.23,366.99,366.98,371.58,369.75,369.7,364.73,356.99,373.32,381.63,401.91,400.08,402.43
원/요르단디나르,평균자료,1695.1,1718.94,1677.71,1619.96,1653.82,1652.46,1615.2,1569.03,1563.19,1588.65,1640.53,1669.46,1673.31,1616.17,1600.86,1596.72,1585.73,1591.9,1599.08,1595.49,1596.27,1596.01,1558.25,1530.71,1503.14,1521.65,1511.26,1505.08,1517.25,1539.38,1582.17,1579.87,1579.23,1593.6,1590.62,1582.39,1581.14,1582.28,1594.59,1609.69,1669.46,1658.05,1658,1705.5,1689.74,1670.59,1647.05,1658.15,1642.11,1683.97,1720.76,1728.1,1732.91,1706.55,1690.81,1673.97,1662.62,1614.45,1575.14,1544.86,1548.16,1568.28,1595.42,1578.72,1584.29,1581.54,1613.58,1636.58,1649.63,1668.29,1668.41,1669.62,1684.05,1690.09,1722.17,1738.01,1790.87,1801.47,1844,1859.46,1962.75,2011.98,1923.71,1827.4,1758.08,1791.26,1840.6,1860.75,1872.16,1827.67,1813.66,1859.86,1875.42,1904.58,1846.9,1837.66,1865.65,1877.61,1876.92,1929.42,1925.85,1946.65,1951.36,1910.2,1882.68,1919.64,1964.63,2022.19,2051.16,2037.06
원/요르단디나르,말일자료,1706.42,1740.37,1631.2,1615.34,1680.45,1643.9,1588.85,1578.69,1548.12,1617.17,1650.31,1706.8,1632.2,1598.67,1572.3,1592.81,1582.96,1603.83,1579.53,1583.64,1617.35,1586.74,1525.04,1509.01,1510.22,1509.09,1503.17,1516.84,1524.03,1578.75,1573.93,1562.79,1568.29,1607.61,1581.11,1575.68,1574.41,1576.03,1604.8,1633.57,1678.42,1631.59,1667.14,1713.96,1694.36,1649,1663.33,1633,1669.25,1714.95,1724.4,1728.07,1748.1,1693.51,1680.39,1671.51,1655.15,1598.59,1557.69,1534.56,1572.07,1563.22,1598.73,1561.92,1574.05,1593.79,1618.34,1642.31,1671.23,1652.61,1683.22,1672.07,1695.91,1695.02,1707.76,1789.78,1757.12,1823.55,1839.21,1900.56,2023.7,2000.28,1878,1786.82,1732.39,1857.19,1838.02,1888.78,1863.57,1850.45,1806.51,1863.75,1896.76,1907.37,1816.64,1817.59,1875.8,1881.26,1899.58,1944.57,1941.47,1959.38,1952.89,1883.36,1861.21,1949.68,1965.06,2072.17,2020.16,2028.32
원/쿠웨이트디나르,평균자료,3952.59,4056.17,3946.68,3803.33,3885.21,3882.08,3785.81,3686.68,3672.93,3719.5,3822.53,3868.84,3878.27,3751.66,3719.14,3716.56,3701.95,3724.54,3746.1,3746.01,3754.44,3743.87,3655.52,3596.02,3546.47,3600.24,3574.83,3559.35,3566.55,3614.29,3708.38,3700.29,3700.24,3729.01,3712.5,3693.02,3700.65,3696.32,3722.34,3749.01,3888.59,3868.65,3862.54,3975.54,3941.17,3897.93,3843.73,3873.51,3836.13,3911.53,3948.16,3934.82,3975.95,3930.93,3901.59,3881.97,3853.91,3741.9,3652.24,3594.27,3619.42,3672.82,3740.41,3712,3732.54,3725.07,3802.3,3858.09,3887.93,3921.4,3914.05,3909.72,3947.85,3961.85,4018.84,4038.29,4143.18,4164.61,4251.84,4292.75,4500.99,4602.17,4421.24,4227.29,4080.23,4151.95,4256.47,4307.56,4327.49,4219.29,4191.06,4282.77,4306.6,4367.86,4246.41,4234.66,4303.18,4326.02,4327.96,4442.43,4444.35,4500.32,4521.99,4431.06,4372.72,4440.45,4535.08,4661.02,4719.68,4683.35
원/쿠웨이트디나르,말일자료,3982.6,4113.89,3819.54,3789.88,3942.12,3854.96,3720.95,3705.24,3637.36,3779.54,3829.77,3948.7,3793.45,3705.12,3662.95,3712.55,3703.74,3756.96,3705.02,3724.66,3805.08,3716.92,3588.5,3547.92,3575.12,3569.76,3562.72,3575.77,3575.73,3708.71,3686.57,3663.03,3674.82,3754.69,3688.31,3685.23,3683.97,3681.33,3742.52,3804.49,3908.17,3807.77,3881.14,4000,3955.55,3846.33,3878.38,3819.11,3894.37,3971.58,3884.72,3955.45,4015.55,3901.04,3899.58,3879.47,3830.59,3709.01,3615.06,3577.18,3681.22,3663.77,3751.08,3678.46,3707.03,3752.66,3813.23,3871.65,3928.45,3885.59,3942.26,3918.75,3968.32,3969.18,3986.17,4136.2,4072.97,4216.21,4246.17,4372.87,4630.93,4581.79,4326.28,4139.2,4023.64,4289.81,4251.89,4377.33,4300.4,4268.44,4170.06,4290.96,4349.99,4376.01,4180.45,4195.22,4324.9,4336.24,4377.28,4478.04,4486.64,4528.33,4531.8,4372.01,4324.86,4511.74,4536.35,4770.56,4644.98,4663.43
원/바레인디나르,평균자료,3189.21,3229.83,3151.93,3043.58,3107.38,3104.01,3032.03,2947.57,2937.68,2984.36,3081.49,3136.82,3143.6,3036.68,3010.06,3004.68,2984.7,2995.83,3007.52,2998.85,3000.67,2999.51,2926.7,2879.65,2829.68,2864,2842.99,2831.68,2852.62,2890.13,2966.17,2971.02,2971.72,2999.59,2993.89,2978.63,2976.13,2977.53,2999.42,3026.09,3138.81,3118.31,3117.58,3206.8,3176.33,3140.92,3096.48,3118.53,3088.13,3166.87,3234.51,3241.83,3253.29,3205.57,3179.58,3148.24,3126.33,3035.77,2961.77,2904.46,2911.11,2948.59,2999.4,2969.24,2979.53,2974.26,3034.43,3077.82,3102.31,3137.46,3137.64,3139.45,3166.89,3178.31,3238.46,3268.45,3368.03,3388.02,3467.71,3497.01,3691.03,3783.04,3618.01,3437.97,3308.09,3370.39,3463.01,3501.13,3522.8,3439.55,3412.04,3497.37,3528.15,3585.89,3478.71,3460.18,3510.86,3532.72,3531.59,3628.39,3621.77,3661.7,3669.58,3593.12,3542.69,3609.78,3696.21,3803.18,3861.69,3835.07
원/바레인디나르,말일자료,3204.37,3276.84,3059.52,3033.98,3157.92,3086.52,2982.78,2966.69,2908.03,3037.42,3100.62,3207.02,3070.27,3001.17,2960.48,2997.61,2981.01,3020.81,2967.49,2977.85,3040.43,2982.82,2867.36,2842.74,2842.4,2841,2828.31,2854.19,2863.61,2967.46,2952.44,2939.55,2951.54,3026.35,2975.68,2965.78,2963.24,2965.07,3018.04,3072.31,3156.5,3068.44,3135.28,3223.09,3186.47,3099.12,3127.87,3070.6,3139.34,3228.2,3245.55,3244.27,3282.31,3179.82,3160.21,3143.58,3111.66,3006.05,2929.21,2885.71,2956.42,2939.59,3006.63,2937.4,2960.21,2997.35,3043.5,3088.59,3142.97,3107.96,3165.18,3144.23,3189.05,3190.02,3211.33,3366.75,3304.16,3429.26,3458.7,3574.08,3805.63,3764.42,3531.55,3361.27,3258.89,3494.15,3458.08,3553.83,3506.88,3482.32,3395.32,3505.13,3570.9,3592.14,3422.73,3420.25,3529.07,3541.28,3572.32,3657.13,3651.29,3689.77,3672.78,3546.61,3500.36,3668.74,3699.57,3896.62,3801.96,3819.58
원/아랍에미리트디르함,평균자료,327.17,331.43,323.5,312.41,318.95,318.68,311.48,302.66,301.52,306.36,316.26,321.89,322.65,311.73,308.96,308.39,306.37,307.66,308.85,307.86,308.08,308.07,300.86,295.62,290.42,293.92,291.83,290.7,293.05,297.51,305.68,305.23,305.08,307.86,307.25,305.71,305.46,305.58,307.84,310.62,322.15,320.06,319.98,329.14,326.03,322.39,317.84,320.12,316.97,325.01,332.17,333.57,334.51,329.42,326.4,323.12,320.93,311.64,304.04,298.15,298.79,302.66,307.92,304.76,305.81,305.27,311.45,315.9,318.4,322.02,322.05,322.27,325.08,326.25,332.43,335.51,345.73,347.76,355.94,358.95,378.86,388.41,371.38,352.91,339.57,345.96,355.51,359.43,361.69,353.04,350.21,358.97,361.96,367.74,356.77,355.06,360.36,362.58,362.32,372.44,371.74,375.75,376.63,368.68,363.42,370.54,379.36,390.53,396.35,393.57
원/아랍에미리트디르함,말일자료,329,336.35,314.05,311.44,324.14,317.1,306.47,304.51,298.48,311.8,318.13,329.02,315.23,308.26,303.87,307.67,305.98,310.27,304.68,305.69,312.21,306.31,294.7,291.7,291.74,291.6,290.37,292.99,294.38,305.38,304.02,301.87,302.94,310.52,305.41,304.4,304.15,304.32,309.76,315.32,323.97,314.93,321.79,330.83,327.06,318.12,321.06,315.21,322.2,331.02,332.85,333.56,337.42,326.89,324.35,322.65,319.48,308.56,300.67,296.2,303.45,301.77,308.59,301.49,303.83,307.64,312.37,317,322.58,318.99,324.9,322.75,327.37,327.45,329.64,345.6,339.17,351.99,355.01,366.86,390.62,386.41,362.5,345.06,334.51,358.66,354.98,364.86,359.99,357.42,348.49,359.75,366.13,368.31,350.99,351.07,362.28,363.2,366.76,375.36,374.76,378.22,376.97,363.56,359.27,376.61,379.72,400.22,390.24,391.97
원/튀르키예리라,평균자료,399.09,413.38,412.11,404.8,398.64,401.54,385.68,375.39,373.74,365.95,354.52,337.92,318.62,312.04,308.79,310.18,315.19,321.02,318.66,322.31,326.05,305.45,284.49,282.51,282.49,285.17,275.5,262.86,243.51,236.02,235.7,193.38,176.1,194.73,210.23,211.25,208.8,212.51,207.11,198.44,195.48,202.2,206.98,214.1,209.34,204.34,203.36,201.14,196.58,197.14,192.71,179.32,177.6,177.57,174.48,163.53,156.73,144.12,139.94,141.89,148.22,156.65,147.02,136.88,134,130.01,132.89,136.9,137.25,128.27,112.44,89.33,88.25,87.76,83.58,83.84,81.5,75.07,75.14,73.19,75.98,76.76,73.35,69.48,66.42,67.41,68.69,68.26,67.28,54.95,48.65,49,49.36,48.36,45.75,44.87,44.01,43.23,41.47,42.25,42.33,42.34,42.04,40.19,39.18,39.73,40.45,41,41.01,39.94
원/튀르키예리라,말일자료,406.6,413.03,406.86,406.47,402.84,402.93,373.33,377.44,365.66,368.21,342.63,342.82,306.43,313.78,305.45,317.08,316.24,323.22,316.8,325.11,322.09,297.45,273.56,283.55,283.59,280.69,270.34,265.68,242.39,244.29,228.42,164.95,185.19,208.24,216.85,210.87,213.28,210.3,204.17,194.65,201.87,200.4,212.61,208.09,211.93,204.92,204.78,194.67,198.04,195.84,186.03,175.36,181.8,175.16,170.53,161.69,150.55,136.64,140.78,147.34,151.74,151.02,136.04,134.9,130.14,129.44,135.63,138.96,132.77,122.85,93.09,89.81,88.38,85.48,82.57,85.77,76.03,77.8,72.64,74.06,77.56,76.26,71.41,67.72,65.32,69.75,67.98,68.92,64.1,50.42,47.53,49.52,49.18,47.86,44.53,43.69,43.82,42.73,41.57,42.51,42.68,42.23,41.82,39.17,38.61,40.35,40.22,41.61,39.98,39.41
원/남아프리카공화국랜드,평균자료,73.27,77.42,77.21,78.51,76.52,77.63,79.23,80.78,78.92,80.76,83.5,85.22,87.11,86.76,87.78,84.3,85.09,87.55,86.34,85.45,86.1,82.62,78.48,82.53,87.41,91.18,90.57,88.46,85.92,82.15,83.74,79.92,75.37,78.02,79.96,78.81,80.95,80.99,78.61,80.62,82.04,80.61,83.69,79.88,80.45,79.53,78.84,81.49,80.97,79.53,73.43,65.94,67.68,70.63,71.47,68.83,70.46,69.59,71.79,73.44,72.59,75.25,75.46,77.61,79.9,80.66,78.83,78.46,80.53,79.67,76.26,74.59,76.98,78.72,81.67,82.3,79.79,80.76,77.71,78.92,79.22,78.83,77.84,75.03,73.08,71.12,71.43,72.64,69.81,69.23,70.63,70.42,70.07,70.96,70.72,69.88,70.45,70.12,70.59,72.34,74.27,75.01,75.83,74.99,75.75,77.36,77.79,78.86,77.64,78.16
원/남아프리카공화국랜드,말일자료,74.57,76.41,77.28,80.02,75.28,78.82,79.64,77.11,78.68,83.04,84.18,88.75,85.72,87.03,83.27,84.69,85.63,87.59,86.01,86.26,84.85,80,79.15,86.86,89.39,91.43,90.08,87.3,86.3,81.29,84.93,75.35,78.8,78.07,82.07,77.48,83.73,80.29,77.97,80.84,80.8,81.63,83.21,79.29,79.39,78.06,80.11,82.05,80.15,78.48,68.08,65.83,70.79,69.56,71.08,71.41,68.81,69.14,72.42,74.42,73.4,73.88,76.01,77.48,80.98,78.71,78.74,79.46,78.04,77.45,73.98,74.45,77.77,78.16,83.56,79.43,80.41,79.59,78.85,79.42,79.69,78.33,78.32,74.83,70.68,71.52,73.14,73.22,67.18,69.96,72.52,70.78,70.53,71.76,68.74,69.47,70.82,69.25,71.15,73.97,73.48,75.26,75.62,75.25,77.1,78.34,76.99,78.2,77.09,77.98
원/이집트파운드,평균자료,153.47,155.47,141.17,129.23,132,131.89,128.91,125.26,124.72,126.72,77.57,63.96,63.68,67.38,64.16,62.62,62.18,62.41,63.31,63.66,64.14,64.15,62.55,60.96,60.26,61.09,60.81,60.4,60.42,61.13,62.72,62.7,62.58,63.13,63,62.66,62.8,63.89,65.08,66.08,69.55,70.24,70.73,72.94,73.04,72.98,72.4,73.07,73.19,76.15,77.64,77.76,77.82,74.92,74.88,74.47,74.7,72.9,71.33,69.78,69.91,70.93,71.99,71.33,71.67,71.54,72.92,73.9,74.44,75.28,75.27,75.32,75.95,76.24,73.44,66.91,68.89,68.2,69.2,68.89,71.77,71.3,55.9,52.54,44.19,41.7,42.31,42.72,42.99,41.96,41.64,42.67,43,43.72,42.4,42.19,42.84,43.09,30.11,28.62,28.9,28.91,28.72,27.68,27.53,28.01,28.22,28.39,28.83,28.63
원/이집트파운드,말일자료,154.33,157.78,129.9,128.82,134.08,131.16,126.77,125.96,123.46,128.96,64.92,66.66,61.26,70.76,61.19,62.61,62.44,62.89,62.54,63.65,65.01,63.74,61.21,60.29,60.73,60.73,60.49,60.84,60.34,62.7,62.39,62.19,62.09,63.69,62.64,62.26,63.23,63.76,65.65,67.44,70.92,69.29,71.37,73.43,73.86,72.39,73.16,72.14,74.91,77.78,77.5,77.79,78.24,74.3,74.6,74.82,74.46,72.19,70.52,69.17,70.95,70.6,72.11,70.72,71.17,72.11,73.06,74.17,75.42,74.58,75.92,75.46,76.39,76.56,66.27,68.65,66.96,68.77,68.92,70.05,73.43,59.51,54.24,51.19,40.84,43.01,42.19,43.36,42.93,42.49,41.42,42.76,43.49,43.78,41.65,41.69,43.01,43.12,28.41,28.81,29.13,28.92,28.58,27.46,27.26,28.38,28.12,28.91,28.53,28.42