공장명(국가),차종,거래 구분,2016-01,2016-02,2016-03,2016-04,2016-05,2016-06,2016-07,2016-08,2016-09,2016-10,2016-11,2016-12,2017-01,2017-02,2017-03,2017-04,2017-05,2017-06,2017-07,2017-08,2017-09,2017-10,2017-11,2017-12,2018-01,2018-02,2018-03,2018-04,2018-05,2018-06,2018-07,2018-08,2018-09,2018-10,2018-11,2018-12,2019-01,2019-02,2019-03,2019-04,2019-05,2019-06,2019-07,2019-08,2019-09,2019-10,2019-11,2019-12,2020-01,2020-02,2020-03,2020-04,2020-05,2020-06,2020-07,2020-08,2020-09,2020-10,2020-11,2020-12,2021-01,2021-02,2021-03,2021-04,2021-05,2021-06,2021-07,2021-08,2021-09,2021-10,2021-11,2021-12,2022-01,2022-02,2022-03,2022-04,2022-05,2022-06,2022-07,2022-08,2022-09,2022-10,2022-11,2022-12,2023-01,2023-02,2023-03,2023-04,2023-05,2023-06,2023-07,2023-08,2023-09,2023-10,2023-11,2023-12,2024-01,2024-02,2024-03,2024-04,2024-05,2024-06,2024-07,2024-08,2024-09,2024-10,2024-11,2024-12,2025-01,2025-02
인도,Xcent (AI3 4DR),내수,0.0,0.0,0.0,0.0,0.0,0.0,0.0,0.0,0.0,0.0,0.0,0.0,0.0,0.0,0.0,0.0,0.0,0.0,0.0,0.0,0.0,0.0,0.0,0.0,0.0,0.0,0.0,0.0,0.0,0.0,0.0,0.0,0.0,0.0,0.0,0.0,0.0,0.0,0.0,0.0,0.0,0.0,0.0,0.0,0.0,0.0,0.0,0.0,690.0,72.0,0.0,0.0,0.0,0.0,0.0,111.0,200.0,37.0,73.0,48.0,43.0,141.0,108.0,59.0,10.0,38.0,50.0,144.0,208.0,346.0,387.0,30.0,316.0,262.0,358.0,232.0,165.0,3.0,0.0,0.0,0.0,0.0,0.0,0.0,0.0,0.0,0.0,0.0,0.0,0.0,0.0,0.0,0.0,0.0,0.0,0.0,5516.0,5053.0,4883.0,4526.0,4433.0,4299.0,4757.0,4304.0,4462.0,4805.0,4248.0,3852.0,5388.0,4797.0
인도,Grand i10 (AI3 5DR),내수,0.0,0.0,0.0,0.0,0.0,0.0,0.0,0.0,0.0,0.0,0.0,0.0,0.0,0.0,0.0,0.0,0.0,0.0,0.0,0.0,0.0,0.0,0.0,0.0,0.0,0.0,0.0,0.0,0.0,0.0,0.0,0.0,0.0,0.0,0.0,0.0,0.0,0.0,0.0,0.0,0.0,0.0,0.0,0.0,0.0,0.0,0.0,0.0,0.0,0.0,0.0,0.0,0.0,0.0,0.0,0.0,0.0,0.0,0.0,0.0,0.0,0.0,0.0,0.0,0.0,0.0,0.0,0.0,0.0,0.0,0.0,0.0,0.0,0.0,0.0,0.0,0.0,0.0,0.0,0.0,0.0,0.0,0.0,0.0,0.0,0.0,0.0,0.0,0.0,0.0,0.0,0.0,0.0,0.0,0.0,0.0,6865.0,4947.0,5034.0,5117.0,5328.0,4948.0,4922.0,5365.0,5103.0,6235.0,5667.0,4489.0,5311.0,4940.0
인도,i20 (BI3 5DR),내수,0.0,0.0,0.0,0.0,0.0,0.0,0.0,0.0,0.0,0.0,0.0,0.0,0.0,0.0,0.0,0.0,0.0,0.0,0.0,0.0,0.0,0.0,0.0,0.0,0.0,0.0,0.0,0.0,0.0,0.0,0.0,0.0,0.0,0.0,0.0,0.0,0.0,0.0,0.0,0.0,0.0,0.0,0.0,0.0,0.0,0.0,0.0,0.0,0.0,0.0,0.0,0.0,0.0,0.0,0.0,0.0,0.0,8205.0,9096.0,8000.0,8505.0,9001.0,9045.0,5002.0,3440.0,6333.0,6518.0,7340.0,5153.0,4414.0,4391.0,3150.0,6505.0,5830.0,4693.0,4707.0,4463.0,7921.0,6873.0,7558.0,7275.0,7814.0,7236.0,4697.0,8185.0,9287.0,6596.0,6472.0,6094.0,6162.0,5001.0,4896.0,6481.0,7212.0,5727.0,4574.0,7083.0,5131.0,5155.0,5199.0,5169.0,5315.0,4937.0,4913.0,4428.0,5354.0,3925.0,3453.0,4741.0,3627.0
인도,Verna (BN7i),내수,0.0,0.0,0.0,0.0,0.0,0.0,0.0,0.0,0.0,0.0,0.0,0.0,0.0,0.0,0.0,0.0,0.0,0.0,0.0,0.0,0.0,0.0,0.0,0.0,0.0,0.0,0.0,0.0,0.0,0.0,0.0,0.0,0.0,0.0,0.0,0.0,0.0,0.0,0.0,0.0,0.0,0.0,0.0,0.0,0.0,0.0,0.0,0.0,0.0,0.0,0.0,0.0,0.0,0.0,0.0,0.0,0.0,0.0,0.0,0.0,0.0,0.0,0.0,0.0,0.0,0.0,0.0,0.0,0.0,0.0,0.0,0.0,0.0,0.0,0.0,0.0,0.0,0.0,0.0,0.0,0.0,0.0,0.0,0.0,0.0,0.0,3755.0,4001.0,3687.0,4001.0,2858.0,2576.0,2610.0,2313.0,1701.0,712.0,2168.0,1678.0,1712.0,1571.0,1381.0,1424.0,1420.0,1194.0,1198.0,1272.0,1213.0,872.0,1477.0,1207.0
인도,Exter (AI3 SUV),내수,0.0,0.0,0.0,0.0,0.0,0.0,0.0,0.0,0.0,0.0,0.0,0.0,0.0,0.0,0.0,0.0,0.0,0.0,0.0,0.0,0.0,0.0,0.0,0.0,0.0,0.0,0.0,0.0,0.0,0.0,0.0,0.0,0.0,0.0,0.0,0.0,0.0,0.0,0.0,0.0,0.0,0.0,0.0,0.0,0.0,0.0,0.0,0.0,0.0,0.0,0.0,0.0,0.0,0.0,0.0,0.0,0.0,0.0,0.0,0.0,0.0,0.0,0.0,0.0,0.0,0.0,0.0,0.0,0.0,0.0,0.0,0.0,0.0,0.0,0.0,0.0,0.0,0.0,0.0,0.0,0.0,0.0,0.0,0.0,0.0,0.0,0.0,0.0,0.0,0.0,7000.0,7430.0,8647.0,8097.0,8325.0,7514.0,8229.0,7582.0,8475.0,7756.0,7697.0,6908.0,6037.0,6632.0,6908.0,7127.0,5747.0,5270.0,6068.0,5361.0
인도,Venue (QXi),내수,0.0,0.0,0.0,0.0,0.0,0.0,0.0,0.0,0.0,0.0,0.0,0.0,0.0,0.0,0.0,0.0,0.0,0.0,0.0,0.0,0.0,0.0,0.0,0.0,0.0,0.0,0.0,0.0,0.0,0.0,0.0,0.0,0.0,0.0,0.0,0.0,0.0,0.0,0.0,0.0,0.0,0.0,0.0,0.0,0.0,0.0,0.0,0.0,6733.0,10321.0,6127.0,0.0,1242.0,4129.0,6734.0,8267.0,8469.0,8828.0,9265.0,12313.0,11779.0,11224.0,10722.0,11245.0,4840.0,4865.0,8185.0,8377.0,7924.0,10554.0,7932.0,10360.0,11377.0,10212.0,9220.0,8392.0,8300.0,10321.0,12000.0,11240.0,11033.0,9585.0,10738.0,8285.0,10738.0,9997.0,10024.0,10342.0,10213.0,11606.0,10062.0,10948.0,12204.0,11581.0,11180.0,10383.0,11831.0,8933.0,9614.0,9120.0,9327.0,9890.0,8840.0,9085.0,10259.0,10901.0,9754.0,10265.0,11106.0,10125.0
인도,Creta (GSi),내수,6589.0,8196.0,8163.0,7900.0,7057.0,7700.0,7981.0,8450.0,8835.0,8670.0,6822.0,6563.0,7918.0,9002.0,10001.0,9213.0,8377.0,6436.0,10556.0,10158.0,9292.0,9248.0,8528.0,114.0,9284.0,9278.0,10011.0,9390.0,11004.0,11111.0,10423.0,10394.0,11000.0,11702.0,9677.0,7631.0,10314.0,10206.0,11448.0,10487.0,9054.0,8334.0,6585.0,6001.0,6641.0,7269.0,6684.0,6713.0,6900.0,188.0,3.0,0.0,0.0,0.0,0.0,0.0,0.0,0.0,0.0,0.0,0.0,0.0,0.0,0.0,0.0,0.0,0.0,0.0,0.0,0.0,0.0,0.0,9869.0,9606.0,10532.0,12651.0,10973.0,13790.0,12625.0,12577.0,12866.0,11880.0,13321.0,10205.0,0.0,0.0,0.0,0.0,0.0,0.0,0.0,0.0,0.0,0.0,0.0,0.0,13212.0,15276.0,16458.0,15447.0,14662.0,16293.0,17350.0,16762.0,15902.0,17497.0,15452.0,12608.0,16787.0,15356.0
인도,Creta (SU2i EV),내수,0.0,0.0,0.0,0.0,0.0,0.0,0.0,0.0,0.0,0.0,0.0,0.0,0.0,0.0,0.0,0.0,0.0,0.0,0.0,0.0,0.0,0.0,0.0,0.0,0.0,0.0,0.0,0.0,0.0,0.0,0.0,0.0,0.0,0.0,0.0,0.0,0.0,0.0,0.0,0.0,0.0,0.0,0.0,0.0,0.0,0.0,0.0,0.0,0.0,0.0,0.0,0.0,0.0,0.0,0.0,0.0,0.0,0.0,0.0,0.0,0.0,0.0,0.0,0.0,0.0,0.0,0.0,0.0,0.0,0.0,0.0,0.0,0.0,0.0,0.0,0.0,0.0,0.0,0.0,0.0,0.0,0.0,0.0,0.0,0.0,0.0,0.0,0.0,0.0,0.0,0.0,0.0,0.0,0.0,0.0,0.0,0.0,0.0,0.0,0.0,0.0,0.0,0.0,0.0,0.0,0.0,0.0,0.0,1735.0,961.0
인도,Creta (SU2i LWB),내수,0.0,0.0,0.0,0.0,0.0,0.0,0.0,0.0,0.0,0.0,0.0,0.0,0.0,0.0,0.0,0.0,0.0,0.0,0.0,0.0,0.0,0.0,0.0,0.0,0.0,0.0,0.0,0.0,0.0,0.0,0.0,0.0,0.0,0.0,0.0,0.0,0.0,0.0,0.0,0.0,0.0,0.0,0.0,0.0,0.0,0.0,0.0,0.0,0.0,0.0,0.0,0.0,0.0,0.0,0.0,0.0,0.0,0.0,0.0,0.0,0.0,0.0,0.0,0.0,1360.0,3103.0,3001.0,3468.0,1929.0,1392.0,2453.0,1002.0,3168.0,2516.0,2502.0,2422.0,1947.0,1986.0,2888.0,2304.0,2643.0,2847.0,2566.0,1478.0,1537.0,1559.0,2519.0,2037.0,2443.0,2119.0,1443.0,1493.0,1977.0,1837.0,1913.0,954.0,1827.0,1290.0,1420.0,1219.0,944.0,882.0,585.0,1105.0,2712.0,2204.0,2134.0,1342.0,1310.0,1264.0
인도,IONIQ5 (NEi),내수,0.0,0.0,0.0,0.0,0.0,0.0,0.0,0.0,0.0,0.0,0.0,0.0,0.0,0.0,0.0,0.0,0.0,0.0,0.0,0.0,0.0,0.0,0.0,0.0,0.0,0.0,0.0,0.0,0.0,0.0,0.0,0.0,0.0,0.0,0.0,0.0,0.0,0.0,0.0,0.0,0.0,0.0,0.0,0.0,0.0,0.0,0.0,0.0,0.0,0.0,0.0,0.0,0.0,0.0,0.0,0.0,0.0,0.0,0.0,0.0,0.0,0.0,0.0,0.0,0.0,0.0,0.0,0.0,0.0,0.0,0.0,0.0,0.0,0.0,0.0,0.0,0.0,0.0,0.0,0.0,0.0,0.0,0.0,0.0,0.0,33.0,21.0,189.0,160.0,100.0,125.0,130.0,176.0,117.0,96.0,81.0,95.0,66.0,65.0,45.0,42.0,30.0,35.0,40.0,31.0,32.0,22.0,24.0,16.0,16.0
인도,Tucson (NX4i),내수,0.0,0.0,0.0,0.0,0.0,0.0,0.0,0.0,0.0,0.0,0.0,0.0,0.0,0.0,0.0,0.0,0.0,0.0,0.0,0.0,0.0,0.0,0.0,0.0,0.0,0.0,0.0,0.0,0.0,0.0,0.0,0.0,0.0,0.0,0.0,0.0,0.0,0.0,0.0,0.0,0.0,0.0,0.0,0.0,0.0,0.0,0.0,0.0,0.0,0.0,0.0,0.0,0.0,0.0,0.0,0.0,0.0,0.0,0.0,0.0,0.0,0.0,0.0,0.0,0.0,0.0,0.0,0.0,0.0,0.0,0.0,0.0,0.0,0.0,0.0,0.0,0.0,0.0,170.0,343.0,419.0,487.0,247.0,12.0,180.0,498.0,581.0,550.0,379.0,263.0,239.0,236.0,237.0,202.0,118.0,209.0,183.0,157.0,110.0,201.0,168.0,114.0,129.0,125.0,98.0,141.0,84.0,33.0,64.0,73.0
인도,Xcent (AI3 4DR),수출,0.0,0.0,0.0,0.0,0.0,0.0,0.0,0.0,0.0,0.0,0.0,0.0,0.0,0.0,0.0,0.0,0.0,0.0,0.0,0.0,0.0,0.0,0.0,0.0,0.0,0.0,0.0,0.0,0.0,0.0,0.0,0.0,0.0,0.0,0.0,0.0,0.0,0.0,0.0,0.0,0.0,0.0,0.0,0.0,0.0,0.0,0.0,3379.0,0.0,0.0,0.0,0.0,0.0,0.0,0.0,0.0,0.0,0.0,0.0,0.0,0.0,0.0,0.0,0.0,0.0,0.0,0.0,0.0,0.0,0.0,0.0,0.0,0.0,0.0,0.0,0.0,0.0,0.0,0.0,0.0,0.0,0.0,0.0,0.0,0.0,0.0,0.0,0.0,0.0,0.0,0.0,0.0,0.0,0.0,0.0,0.0,1452.0,1394.0,2701.0,3407.0,2950.0,2700.0,2685.0,2564.0,2537.0,2173.0,2153.0,2423.0,2776.0,2590.0
인도,Grand i10 (AI3 5DR),수출,0.0,0.0,0.0,0.0,0.0,0.0,0.0,0.0,0.0,0.0,0.0,0.0,0.0,0.0,0.0,0.0,0.0,0.0,0.0,0.0,0.0,0.0,0.0,0.0,0.0,0.0,0.0,0.0,0.0,0.0,0.0,0.0,0.0,0.0,0.0,0.0,0.0,0.0,0.0,0.0,0.0,0.0,0.0,0.0,0.0,0.0,0.0,0.0,0.0,0.0,0.0,0.0,0.0,0.0,0.0,0.0,0.0,0.0,0.0,0.0,0.0,0.0,0.0,0.0,0.0,0.0,0.0,0.0,0.0,0.0,0.0,0.0,0.0,0.0,0.0,0.0,0.0,0.0,0.0,0.0,0.0,0.0,0.0,0.0,0.0,0.0,0.0,0.0,0.0,0.0,0.0,0.0,0.0,0.0,0.0,0.0,2821.0,3480.0,2675.0,2925.0,3671.0,3704.0,4564.0,4395.0,3388.0,4707.0,3376.0,4072.0,2846.0,3357.0
인도,i20(IB 5DR),수출,224.0,87.0,352.0,411.0,904.0,591.0,381.0,441.0,553.0,567.0,1122.0,1303.0,591.0,493.0,356.0,558.0,581.0,1047.0,1342.0,1447.0,845.0,1511.0,1372.0,498.0,65.0,1482.0,1748.0,1530.0,1124.0,883.0,1759.0,1247.0,1176.0,1094.0,513.0,214.0,135.0,976.0,2142.0,2048.0,428.0,1977.0,2266.0,772.0,752.0,716.0,423.0,0.0,16.0,10.0,5.0,0.0,528.0,551.0,49.0,291.0,591.0,1577.0,680.0,1.0,0.0,0.0,0.0,0.0,0.0,0.0,0.0,0.0,0.0,0.0,0.0,0.0,280.0,301.0,606.0,696.0,138.0,751.0,872.0,680.0,639.0,547.0,524.0,1699.0,1117.0,427.0,276.0,286.0,410.0,851.0,856.0,1169.0,675.0,880.0,39.0,83.0,226.0,407.0,577.0,265.0,887.0,410.0,375.0,587.0,532.0,512.0,1045.0,95.0,157.0,404.0
인도,Verna (BN7i),수출,0.0,0.0,0.0,0.0,0.0,0.0,0.0,0.0,0.0,0.0,0.0,0.0,0.0,0.0,0.0,0.0,0.0,0.0,0.0,0.0,0.0,0.0,0.0,0.0,0.0,0.0,0.0,0.0,0.0,0.0,0.0,0.0,0.0,0.0,0.0,0.0,0.0,0.0,0.0,0.0,0.0,0.0,0.0,0.0,0.0,0.0,0.0,0.0,0.0,0.0,0.0,0.0,0.0,0.0,0.0,0.0,0.0,0.0,0.0,0.0,0.0,0.0,0.0,0.0,0.0,0.0,0.0,0.0,0.0,0.0,0.0,0.0,0.0,0.0,0.0,0.0,0.0,0.0,0.0,0.0,0.0,0.0,0.0,0.0,0.0,0.0,0.0,0.0,1.0,2485.0,5100.0,5403.0,5482.0,3663.0,6977.0,5886.0,4845.0,3475.0,4730.0,4499.0,4047.0,5416.0,4673.0,3563.0,4863.0,4641.0,4031.0,4054.0,4435.0,3105.0
인도,Exter(AI3 SUV),수출,0.0,0.0,0.0,0.0,0.0,0.0,0.0,0.0,0.0,0.0,0.0,0.0,0.0,0.0,0.0,0.0,0.0,0.0,0.0,0.0,0.0,0.0,0.0,0.0,0.0,0.0,0.0,0.0,0.0,0.0,0.0,0.0,0.0,0.0,0.0,0.0,0.0,0.0,0.0,0.0,0.0,0.0,0.0,0.0,0.0,0.0,0.0,0.0,0.0,0.0,0.0,0.0,0.0,0.0,0.0,0.0,0.0,0.0,0.0,0.0,0.0,0.0,0.0,0.0,0.0,0.0,0.0,0.0,0.0,0.0,0.0,0.0,0.0,0.0,0.0,0.0,0.0,0.0,0.0,0.0,0.0,0.0,0.0,0.0,0.0,0.0,0.0,0.0,0.0,0.0,0.0,1.0,0.0,0.0,0.0,0.0,29.0,26.0,40.0,13.0,2.0,5.0,1008.0,1009.0,733.0,919.0,1165.0,553.0,54.0,97.0
인도,Venue(QXi),수출,0.0,0.0,0.0,0.0,0.0,0.0,0.0,0.0,0.0,0.0,0.0,0.0,0.0,0.0,0.0,0.0,0.0,0.0,0.0,0.0,0.0,0.0,0.0,0.0,0.0,0.0,0.0,0.0,0.0,0.0,0.0,0.0,0.0,0.0,0.0,0.0,0.0,0.0,0.0,0.0,0.0,0.0,0.0,0.0,0.0,0.0,0.0,0.0,1260.0,1072.0,394.0,465.0,346.0,46.0,374.0,81.0,519.0,559.0,508.0,479.0,407.0,644.0,979.0,921.0,110.0,748.0,874.0,735.0,1016.0,253.0,246.0,765.0,499.0,1051.0,907.0,942.0,553.0,2.0,0.0,459.0,554.0,498.0,1335.0,879.0,1249.0,1021.0,498.0,1006.0,1025.0,1511.0,1176.0,1912.0,1812.0,1096.0,671.0,397.0,172.0,701.0,929.0,1449.0,1279.0,1015.0,591.0,1104.0,719.0,501.0,264.0,429.0,381.0,481.0
인도,Creta(SU2i),수출,0.0,0.0,0.0,0.0,0.0,0.0,0.0,0.0,0.0,0.0,0.0,0.0,0.0,0.0,0.0,0.0,0.0,0.0,0.0,0.0,0.0,0.0,0.0,0.0,0.0,0.0,0.0,0.0,0.0,0.0,0.0,0.0,0.0,0.0,0.0,0.0,0.0,0.0,0.0,0.0,0.0,0.0,0.0,0.0,0.0,0.0,0.0,0.0,0.0,0.0,3.0,0.0,11.0,60.0,198.0,1219.0,2712.0,2902.0,2912.0,5647.0,1600.0,3138.0,3572.0,3145.0,914.0,4141.0,2633.0,1994.0,2879.0,1662.0,2472.0,4649.0,1891.0,1534.0,1833.0,2763.0,1517.0,2439.0,2018.0,2404.0,2587.0,1697.0,1342.0,2753.0,2236.0,3101.0,1902.0,513.0,329.0,193.0,616.0,435.0,427.0,205.0,358.0,200.0,279.0,292.0,12.0,1.0,375.0,406.0,308.0,268.0,306.0,654.0,172.0,386.0,261.0,375.0
인도,Creta(SU2i LWB),수출,0.0,0.0,0.0,0.0,0.0,0.0,0.0,0.0,0.0,0.0,0.0,0.0,0.0,0.0,0.0,0.0,0.0,0.0,0.0,0.0,0.0,0.0,0.0,0.0,0.0,0.0,0.0,0.0,0.0,0.0,0.0,0.0,0.0,0.0,0.0,0.0,0.0,0.0,0.0,0.0,0.0,0.0,0.0,0.0,0.0,0.0,0.0,0.0,0.0,0.0,0.0,0.0,0.0,0.0,0.0,0.0,0.0,0.0,0.0,0.0,0.0,0.0,0.0,0.0,0.0,1.0,7.0,238.0,151.0,332.0,403.0,609.0,455.0,257.0,434.0,434.0,485.0,535.0,831.0,767.0,939.0,819.0,1472.0,1738.0,1233.0,906.0,1175.0,775.0,691.0,1193.0,833.0,1241.0,1077.0,756.0,1276.0,846.0,676.0,525.0,936.0,941.0,1189.0,1044.0,1346.0,160.0,22.0,403.0,800.0,858.0,690.0,571.0
튀르키예,i10(AC3),내수,0.0,0.0,0.0,0.0,0.0,0.0,0.0,0.0,0.0,0.0,0.0,0.0,0.0,0.0,0.0,0.0,0.0,0.0,0.0,0.0,0.0,0.0,0.0,0.0,0.0,0.0,0.0,0.0,0.0,0.0,0.0,0.0,0.0,0.0,0.0,0.0,0.0,0.0,0.0,0.0,0.0,0.0,0.0,0.0,0.0,0.0,0.0,0.0,0.0,0.0,126.0,36.0,42.0,43.0,30.0,279.0,199.0,233.0,93.0,41.0,50.0,30.0,66.0,145.0,54.0,46.0,97.0,30.0,85.0,100.0,2.0,61.0,75.0,56.0,50.0,48.0,63.0,90.0,45.0,20.0,7.0,20.0,65.0,80.0,70.0,63.0,71.0,0.0,0.0,210.0,302.0,60.0,69.0,51.0,238.0,359.0,114.0,181.0,179.0,217.0,20.0,3.0,270.0,206.0,106.0,177.0,259.0,142.0,0.0,0.0
튀르키예,i20 (BC3),내수,0.0,0.0,0.0,0.0,0.0,0.0,0.0,0.0,0.0,0.0,0.0,0.0,0.0,0.0,0.0,0.0,0.0,0.0,0.0,0.0,0.0,0.0,0.0,0.0,0.0,0.0,0.0,0.0,0.0,0.0,0.0,0.0,0.0,0.0,0.0,0.0,0.0,0.0,0.0,0.0,0.0,0.0,0.0,0.0,0.0,0.0,0.0,0.0,0.0,0.0,0.0,0.0,0.0,0.0,0.0,0.0,0.0,1928.0,1942.0,1344.0,530.0,707.0,2669.0,1246.0,1701.0,1708.0,1485.0,1548.0,1886.0,891.0,1017.0,1088.0,1452.0,1300.0,850.0,905.0,929.0,1351.0,1416.0,1092.0,1255.0,1077.0,1081.0,1380.0,2422.0,2004.0,2243.0,1756.0,1679.0,1276.0,983.0,347.0,2334.0,1586.0,2681.0,1915.0,1279.0,966.0,1529.0,1903.0,2207.0,1774.0,1043.0,1457.0,2021.0,2020.0,2195.0,3308.0,0.0,0.0
튀르키예,Bayon (BC3 CUV),내수,0.0,0.0,0.0,0.0,0.0,0.0,0.0,0.0,0.0,0.0,0.0,0.0,0.0,0.0,0.0,0.0,0.0,0.0,0.0,0.0,0.0,0.0,0.0,0.0,0.0,0.0,0.0,0.0,0.0,0.0,0.0,0.0,0.0,0.0,0.0,0.0,0.0,0.0,0.0,0.0,0.0,0.0,0.0,0.0,0.0,0.0,0.0,0.0,0.0,0.0,0.0,0.0,0.0,0.0,0.0,0.0,0.0,0.0,0.0,0.0,0.0,0.0,0.0,0.0,0.0,1002.0,778.0,850.0,706.0,351.0,981.0,860.0,1730.0,1011.0,929.0,900.0,896.0,1080.0,850.0,598.0,925.0,1090.0,1110.0,1257.0,985.0,1257.0,1257.0,985.0,1701.0,1701.0,2164.0,1743.0,947.0,1287.0,1726.0,1776.0,1186.0,1441.0,1200.0,1157.0,1061.0,1536.0,1182.0,1141.0,1271.0,1227.0,2496.0,2686.0,0.0,0.0
튀르키예,i20 N (BC3 N),내수,0.0,0.0,0.0,0.0,0.0,0.0,0.0,0.0,0.0,0.0,0.0,0.0,0.0,0.0,0.0,0.0,0.0,0.0,0.0,0.0,0.0,0.0,0.0,0.0,0.0,0.0,0.0,0.0,0.0,0.0,0.0,0.0,0.0,0.0,0.0,0.0,0.0,0.0,0.0,0.0,0.0,0.0,0.0,0.0,0.0,0.0,0.0,0.0,0.0,0.0,0.0,0.0,0.0,0.0,0.0,0.0,0.0,0.0,0.0,0.0,0.0,0.0,0.0,0.0,0.0,0.0,0.0,0.0,0.0,0.0,0.0,0.0,0.0,0.0,23.0,8.0,4.0,15.0,50.0,22.0,13.0,21.0,35.0,10.0,21.0,19.0,20.0,30.0,15.0,26.0,32.0,33.0,49.0,20.0,10.0,60.0,49.0,51.0,50.0,50.0,0.0,174.0,76.0,50.0,0.0,0.0,0.0,0.0,0.0,0.0
튀르키예,i10(AC3),수출,0.0,0.0,0.0,0.0,0.0,0.0,0.0,0.0,0.0,0.0,0.0,0.0,0.0,0.0,0.0,0.0,0.0,0.0,0.0,0.0,0.0,0.0,0.0,0.0,0.0,0.0,0.0,0.0,0.0,0.0,0.0,0.0,0.0,0.0,0.0,0.0,0.0,0.0,0.0,0.0,0.0,0.0,0.0,0.0,0.0,3.0,180.0,5989.0,4277.0,6454.0,6077.0,2625.0,4928.0,5310.0,3200.0,6213.0,2864.0,3809.0,3986.0,3993.0,4409.0,4195.0,6809.0,5766.0,6373.0,7189.0,3996.0,5645.0,2801.0,4501.0,2300.0,3437.0,3902.0,6923.0,5615.0,5199.0,7659.0,6279.0,6463.0,2642.0,6650.0,6534.0,6737.0,5780.0,7009.0,4737.0,6268.0,6413.0,6465.0,4543.0,5663.0,4025.0,6668.0,5914.0,5918.0,4990.0,6778.0,6477.0,7122.0,5594.0,7113.0,6203.0,6823.0,4089.0,7427.0,7969.0,7625.0,7268.0,0.0,0.0
튀르키예,i20 (BC3),수출,0.0,0.0,0.0,0.0,0.0,0.0,0.0,0.0,0.0,0.0,0.0,0.0,0.0,0.0,0.0,0.0,0.0,0.0,0.0,0.0,0.0,0.0,0.0,0.0,0.0,0.0,0.0,0.0,0.0,0.0,0.0,0.0,0.0,0.0,0.0,0.0,0.0,0.0,0.0,0.0,0.0,0.0,0.0,0.0,0.0,0.0,0.0,0.0,0.0,0.0,0.0,0.0,0.0,0.0,0.0,2526.0,6478.0,6339.0,5699.0,6422.0,5511.0,6768.0,6570.0,2526.0,2132.0,4163.0,4977.0,3976.0,5997.0,4731.0,6038.0,3789.0,3399.0,5824.0,6178.0,7019.0,6809.0,8088.0,4803.0,2282.0,6537.0,5757.0,6006.0,5143.0,7252.0,7530.0,7921.0,5786.0,8105.0,6318.0,7607.0,3314.0,5089.0,5832.0,6785.0,7238.0,7505.0,7370.0,9268.0,4903.0,7849.0,4710.0,7167.0,4398.0,5561.0,7223.0,7929.0,7448.0,0.0,0.0
튀르키예,Bayon (BC3 CUV),수출,0.0,0.0,0.0,0.0,0.0,0.0,0.0,0.0,0.0,0.0,0.0,0.0,0.0,0.0,0.0,0.0,0.0,0.0,0.0,0.0,0.0,0.0,0.0,0.0,0.0,0.0,0.0,0.0,0.0,0.0,0.0,0.0,0.0,0.0,0.0,0.0,0.0,0.0,0.0,0.0,0.0,0.0,0.0,0.0,0.0,0.0,0.0,0.0,0.0,0.0,0.0,0.0,0.0,0.0,0.0,0.0,0.0,0.0,0.0,0.0,0.0,0.0,106.0,225.0,158.0,223.0,458.0,475.0,321.0,472.0,232.0,347.0,2224.0,3053.0,3364.0,3011.0,3680.0,2783.0,2270.0,1244.0,4070.0,2454.0,3531.0,1751.0,5240.0,3608.0,3981.0,3375.0,3458.0,2817.0,4051.0,2405.0,6193.0,5595.0,4312.0,4754.0,4313.0,3357.0,2476.0,2523.0,4647.0,2965.0,4554.0,3320.0,3367.0,3184.0,2010.0,1358.0,0.0,0.0
튀르키예,i20 N (BC3 N),수출,0.0,0.0,0.0,0.0,0.0,0.0,0.0,0.0,0.0,0.0,0.0,0.0,0.0,0.0,0.0,0.0,0.0,0.0,0.0,0.0,0.0,0.0,0.0,0.0,0.0,0.0,0.0,0.0,0.0,0.0,0.0,0.0,0.0,0.0,0.0,0.0,0.0,0.0,0.0,0.0,0.0,0.0,0.0,0.0,0.0,0.0,0.0,0.0,0.0,0.0,0.0,0.0,0.0,0.0,0.0,0.0,0.0,0.0,0.0,0.0,0.0,0.0,2080.0,3692.0,1737.0,2505.0,1969.0,3504.0,1981.0,1596.0,1030.0,1020.0,475.0,400.0,510.0,521.0,127.0,790.0,464.0,332.0,469.0,449.0,251.0,213.0,525.0,435.0,710.0,486.0,442.0,626.0,876.0,771.0,770.0,659.0,885.0,836.0,887.0,596.0,734.0,538.0,146.0,292.0,171.0,143.0,360.0,224.0,16.0,0.0,0.0,0.0
한국,i10 (AC3),내수,0.0,0.0,0.0,0.0,0.0,0.0,0.0,0.0,0.0,0.0,0.0,0.0,0.0,0.0,0.0,0.0,0.0,0.0,0.0,0.0,0.0,0.0,0.0,0.0,0.0,0.0,0.0,0.0,0.0,0.0,0.0,0.0,0.0,0.0,0.0,0.0,0.0,0.0,0.0,0.0,0.0,0.0,0.0,0.0,0.0,0.0,0.0,0.0,0.0,0.0,0.0,0.0,0.0,0.0,0.0,0.0,0.0,0.0,0.0,0.0,0.0,0.0,0.0,0.0,0.0,0.0,0.0,0.0,0.0,0.0,0.0,0.0,0.0,0.0,0.0,0.0,0.0,0.0,0.0,0.0,0.0,0.0,0.0,0.0,0.0,0.0,0.0,0.0,0.0,0.0,0.0,0.0,0.0,0.0,0.0,0.0,0.0,0.0,0.0,0.0,0.0,0.0,0.0,0.0,0.0,0.0,0.0,0.0,83.0,152.0
한국,i20 (BC3),내수,0.0,0.0,0.0,0.0,0.0,0.0,0.0,0.0,0.0,0.0,0.0,0.0,0.0,0.0,0.0,0.0,0.0,0.0,0.0,0.0,0.0,0.0,0.0,0.0,0.0,0.0,0.0,0.0,0.0,0.0,0.0,0.0,0.0,0.0,0.0,0.0,0.0,0.0,0.0,0.0,0.0,0.0,0.0,0.0,0.0,0.0,0.0,0.0,0.0,0.0,0.0,0.0,0.0,0.0,0.0,0.0,0.0,0.0,0.0,0.0,0.0,0.0,0.0,0.0,0.0,0.0,0.0,0.0,0.0,0.0,0.0,0.0,0.0,0.0,0.0,0.0,0.0,0.0,0.0,0.0,0.0,0.0,0.0,0.0,0.0,0.0,0.0,0.0,0.0,0.0,0.0,0.0,0.0,0.0,0.0,0.0,0.0,0.0,0.0,0.0,0.0,0.0,0.0,0.0,0.0,0.0,0.0,0.0,1690.0,1811.0
한국,Bayon (BC3 CUV),내수,0.0,0.0,0.0,0.0,0.0,0.0,0.0,0.0,0.0,0.0,0.0,0.0,0.0,0.0,0.0,0.0,0.0,0.0,0.0,0.0,0.0,0.0,0.0,0.0,0.0,0.0,0.0,0.0,0.0,0.0,0.0,0.0,0.0,0.0,0.0,0.0,0.0,0.0,0.0,0.0,0.0,0.0,0.0,0.0,0.0,0.0,0.0,0.0,0.0,0.0,0.0,0.0,0.0,0.0,0.0,0.0,0.0,0.0,0.0,0.0,0.0,0.0,0.0,0.0,0.0,0.0,0.0,0.0,0.0,0.0,0.0,0.0,0.0,0.0,0.0,0.0,0.0,0.0,0.0,0.0,0.0,0.0,0.0,0.0,0.0,0.0,0.0,0.0,0.0,0.0,0.0,0.0,0.0,0.0,0.0,0.0,0.0,0.0,0.0,0.0,0.0,0.0,0.0,0.0,0.0,0.0,0.0,0.0,1588.0,1695.0
한국,i10 (AC3),수출,0.0,0.0,0.0,0.0,0.0,0.0,0.0,0.0,0.0,0.0,0.0,0.0,0.0,0.0,0.0,0.0,0.0,0.0,0.0,0.0,0.0,0.0,0.0,0.0,0.0,0.0,0.0,0.0,0.0,0.0,0.0,0.0,0.0,0.0,0.0,0.0,0.0,0.0,0.0,0.0,0.0,0.0,0.0,0.0,0.0,0.0,0.0,0.0,0.0,0.0,0.0,0.0,0.0,0.0,0.0,0.0,0.0,0.0,0.0,0.0,0.0,0.0,0.0,0.0,0.0,0.0,0.0,0.0,0.0,0.0,0.0,0.0,0.0,0.0,0.0,0.0,0.0,0.0,0.0,0.0,0.0,0.0,0.0,0.0,0.0,0.0,0.0,0.0,0.0,0.0,0.0,0.0,0.0,0.0,0.0,0.0,0.0,0.0,0.0,0.0,0.0,0.0,0.0,0.0,0.0,0.0,0.0,0.0,6502.0,6034.0
한국,i20 (BC3),수출,0.0,0.0,0.0,0.0,0.0,0.0,0.0,0.0,0.0,0.0,0.0,0.0,0.0,0.0,0.0,0.0,0.0,0.0,0.0,0.0,0.0,0.0,0.0,0.0,0.0,0.0,0.0,0.0,0.0,0.0,0.0,0.0,0.0,0.0,0.0,0.0,0.0,0.0,0.0,0.0,0.0,0.0,0.0,0.0,0.0,0.0,0.0,0.0,0.0,0.0,0.0,0.0,0.0,0.0,0.0,0.0,0.0,0.0,0.0,0.0,0.0,0.0,0.0,0.0,0.0,0.0,0.0,0.0,0.0,0.0,0.0,0.0,0.0,0.0,0.0,0.0,0.0,0.0,0.0,0.0,0.0,0.0,0.0,0.0,0.0,0.0,0.0,0.0,0.0,0.0,0.0,0.0,0.0,0.0,0.0,0.0,0.0,0.0,0.0,0.0,0.0,0.0,0.0,0.0,0.0,0.0,0.0,0.0,9444.0,8325.0
한국,Bayon (BC3 CUV),수출,0.0,0.0,0.0,0.0,0.0,0.0,0.0,0.0,0.0,0.0,0.0,0.0,0.0,0.0,0.0,0.0,0.0,0.0,0.0,0.0,0.0,0.0,0.0,0.0,0.0,0.0,0.0,0.0,0.0,0.0,0.0,0.0,0.0,0.0,0.0,0.0,0.0,0.0,0.0,0.0,0.0,0.0,0.0,0.0,0.0,0.0,0.0,0.0,0.0,0.0,0.0,0.0,0.0,0.0,0.0,0.0,0.0,0.0,0.0,0.0,0.0,0.0,0.0,0.0,0.0,0.0,0.0,0.0,0.0,0.0,0.0,0.0,0.0,0.0,0.0,0.0,0.0,0.0,0.0,0.0,0.0,0.0,0.0,0.0,0.0,0.0,0.0,0.0,0.0,0.0,0.0,0.0,0.0,0.0,0.0,0.0,0.0,0.0,0.0,0.0,0.0,0.0,0.0,0.0,0.0,0.0,0.0,0.0,1712.0,1985.0
한국,i20 N (BC3 N),수출,0.0,0.0,0.0,0.0,0.0,0.0,0.0,0.0,0.0,0.0,0.0,0.0,0.0,0.0,0.0,0.0,0.0,0.0,0.0,0.0,0.0,0.0,0.0,0.0,0.0,0.0,0.0,0.0,0.0,0.0,0.0,0.0,0.0,0.0,0.0,0.0,0.0,0.0,0.0,0.0,0.0,0.0,0.0,0.0,0.0,0.0,0.0,0.0,0.0,0.0,0.0,0.0,0.0,0.0,0.0,0.0,0.0,0.0,0.0,0.0,0.0,0.0,0.0,0.0,0.0,0.0,0.0,0.0,0.0,0.0,0.0,0.0,0.0,0.0,0.0,0.0,0.0,0.0,0.0,0.0,0.0,0.0,0.0,0.0,0.0,0.0,0.0,0.0,0.0,0.0,0.0,0.0,0.0,0.0,0.0,0.0,0.0,0.0,0.0,0.0,0.0,0.0,0.0,0.0,0.0,0.0,0.0,0.0,242.0,256.0
중국 (베이징),Elantra (CN7),내수,0.0,0.0,0.0,0.0,0.0,0.0,0.0,0.0,0.0,0.0,0.0,0.0,0.0,0.0,0.0,0.0,0.0,0.0,0.0,0.0,0.0,0.0,0.0,0.0,0.0,0.0,0.0,0.0,0.0,0.0,0.0,0.0,0.0,0.0,0.0,0.0,0.0,0.0,0.0,0.0,0.0,0.0,0.0,0.0,0.0,0.0,0.0,0.0,0.0,0.0,0.0,0.0,0.0,0.0,0.0,0.0,2723.0,8314.0,11861.0,19433.0,16961.0,5488.0,11440.0,7614.0,10587.0,10290.0,8381.0,8816.0,7819.0,13068.0,13366.0,17009.0,7271.0,3761.0,5080.0,4014.0,3789.0,8580.0,11226.0,9403.0,13851.0,11562.0,8879.0,8129.0,5212.0,6891.0,12425.0,7340.0,9612.0,10598.0,5098.0,9823.0,10566.0,9526.0,11775.0,14579.0,7008.0,6631.0,12105.0,5301.0,7129.0,5845.0,1803.0,3054.0,3843.0,2373.0,2396.0,3149.0,5390.0,3226.0
중국 (베이징),La festa(SQ),내수,0.0,0.0,0.0,0.0,0.0,0.0,0.0,0.0,0.0,0.0,0.0,0.0,0.0,0.0,0.0,0.0,0.0,0.0,0.0,0.0,0.0,0.0,0.0,0.0,0.0,0.0,0.0,0.0,0.0,0.0,0.0,0.0,0.0,6688.0,8063.0,9220.0,0.0,0.0,0.0,0.0,0.0,0.0,0.0,0.0,0.0,0.0,0.0,0.0,3026.0,99.0,3806.0,4421.0,3434.0,3689.0,2970.0,2422.0,2905.0,3381.0,2101.0,1870.0,1448.0,1002.0,2020.0,880.0,506.0,614.0,230.0,72.0,3.0,1181.0,273.0,20.0,0.0,0.0,0.0,0.0,1.0,0.0,0.0,0.0,0.0,132.0,758.0,879.0,398.0,614.0,519.0,159.0,124.0,396.0,48.0,71.0,101.0,67.0,34.0,23.0,52.0,10.0,326.0,604.0,0.0,0.0,0.0,2.0,3.0,0.0,0.0,0.0,1.0,0.0
중국 (베이징),Sonata (DN8c),내수,0.0,0.0,0.0,0.0,0.0,0.0,0.0,0.0,0.0,0.0,0.0,0.0,0.0,0.0,0.0,0.0,0.0,0.0,0.0,0.0,0.0,0.0,0.0,0.0,0.0,0.0,0.0,0.0,0.0,0.0,0.0,0.0,0.0,0.0,0.0,0.0,0.0,0.0,0.0,0.0,0.0,0.0,0.0,0.0,0.0,0.0,0.0,0.0,0.0,0.0,0.0,0.0,0.0,896.0,3304.0,3664.0,2882.0,1916.0,436.0,1102.0,771.0,395.0,663.0,827.0,956.0,252.0,310.0,375.0,401.0,1141.0,1218.0,1014.0,69.0,129.0,141.0,55.0,30.0,388.0,292.0,490.0,653.0,469.0,543.0,478.0,165.0,224.0,212.0,170.0,293.0,298.0,145.0,306.0,188.0,144.0,155.0,174.0,22.0,273.0,1103.0,2038.0,2088.0,1913.0,821.0,770.0,767.0,756.0,985.0,1248.0,1207.0,794.0
중국 (베이징),Custo (KU),내수,0.0,0.0,0.0,0.0,0.0,0.0,0.0,0.0,0.0,0.0,0.0,0.0,0.0,0.0,0.0,0.0,0.0,0.0,0.0,0.0,0.0,0.0,0.0,0.0,0.0,0.0,0.0,0.0,0.0,0.0,0.0,0.0,0.0,0.0,0.0,0.0,0.0,0.0,0.0,0.0,0.0,0.0,0.0,0.0,0.0,0.0,0.0,0.0,0.0,0.0,0.0,0.0,0.0,0.0,0.0,0.0,0.0,0.0,0.0,0.0,0.0,0.0,0.0,0.0,0.0,0.0,0.0,0.0,0.0,0.0,0.0,0.0,2461.0,853.0,853.0,797.0,628.0,949.0,1203.0,1730.0,1623.0,1136.0,500.0,945.0,447.0,463.0,788.0,1348.0,1121.0,1279.0,1342.0,1421.0,1642.0,1156.0,680.0,1095.0,748.0,423.0,891.0,482.0,1047.0,905.0,635.0,851.0,1112.0,1273.0,800.0,1443.0,864.0,654.0
중국 (베이징),ix25(SU2),내수,0.0,0.0,0.0,0.0,0.0,0.0,0.0,0.0,0.0,0.0,0.0,0.0,0.0,0.0,0.0,0.0,0.0,0.0,0.0,0.0,0.0,0.0,0.0,0.0,0.0,0.0,0.0,0.0,0.0,0.0,0.0,0.0,0.0,0.0,0.0,0.0,0.0,0.0,0.0,0.0,0.0,0.0,0.0,0.0,1388.0,4694.0,4591.0,6706.0,3834.0,71.0,4354.0,3986.0,2752.0,2838.0,2059.0,1762.0,3192.0,4030.0,5352.0,4067.0,2549.0,1071.0,2116.0,1541.0,2798.0,1959.0,963.0,1051.0,1132.0,299.0,608.0,114.0,1.0,0.0,0.0,0.0,0.0,0.0,0.0,0.0,0.0,0.0,0.0,0.0,0.0,0.0,0.0,0.0,0.0,0.0,0.0,0.0,0.0,0.0,0.0,0.0,2595.0,2012.0,3779.0,624.0,908.0,991.0,387.0,324.0,628.0,780.0,466.0,1758.0,0.0,0.0
중국 (베이징),Tucson (NX4c),내수,0.0,0.0,0.0,0.0,0.0,0.0,0.0,0.0,0.0,0.0,0.0,0.0,0.0,0.0,0.0,0.0,0.0,0.0,0.0,0.0,0.0,0.0,0.0,0.0,0.0,0.0,0.0,0.0,0.0,0.0,0.0,0.0,0.0,0.0,0.0,0.0,0.0,0.0,0.0,0.0,0.0,0.0,0.0,0.0,0.0,0.0,0.0,0.0,0.0,0.0,0.0,0.0,0.0,0.0,0.0,0.0,0.0,0.0,0.0,0.0,0.0,0.0,4051.0,3806.0,1727.0,1329.0,1151.0,1131.0,1374.0,1474.0,3902.0,6390.0,4143.0,3376.0,3663.0,321.0,522.0,1618.0,2333.0,4981.0,4370.0,4062.0,2936.0,3845.0,3874.0,3404.0,6019.0,3372.0,5417.0,6099.0,2759.0,4588.0,5699.0,4468.0,5241.0,7540.0,3567.0,2741.0,2740.0,897.0,1791.0,1750.0,1053.0,1625.0,1837.0,866.0,2082.0,1359.0,1485.0,347.0
중국 (베이징),Tucson HEV (NX4c HEV),내수,0.0,0.0,0.0,0.0,0.0,0.0,0.0,0.0,0.0,0.0,0.0,0.0,0.0,0.0,0.0,0.0,0.0,0.0,0.0,0.0,0.0,0.0,0.0,0.0,0.0,0.0,0.0,0.0,0.0,0.0,0.0,0.0,0.0,0.0,0.0,0.0,0.0,0.0,0.0,0.0,0.0,0.0,0.0,0.0,0.0,0.0,0.0,0.0,0.0,0.0,0.0,0.0,0.0,0.0,0.0,0.0,0.0,0.0,0.0,0.0,0.0,0.0,0.0,0.0,0.0,0.0,0.0,0.0,0.0,0.0,0.0,0.0,55.0,11.0,56.0,32.0,14.0,36.0,30.0,32.0,39.0,26.0,18.0,90.0,58.0,11.0,8.0,7.0,7.0,3.0,1.0,10.0,3.0,0.0,2.0,1.0,1.0,0.0,0.0,0.0,0.0,0.0,1.0,0.0,0.0,0.0,0.0,14.0,0.0,0.0
중국 (베이징),Santa Fe (MX5c),내수,0.0,0.0,0.0,0.0,0.0,0.0,0.0,0.0,0.0,0.0,0.0,0.0,0.0,0.0,0.0,0.0,0.0,0.0,0.0,0.0,0.0,0.0,0.0,0.0,0.0,0.0,0.0,0.0,0.0,0.0,0.0,0.0,0.0,0.0,0.0,0.0,0.0,0.0,0.0,0.0,0.0,0.0,0.0,0.0,0.0,0.0,0.0,0.0,0.0,0.0,0.0,0.0,0.0,0.0,0.0,0.0,0.0,0.0,0.0,0.0,0.0,0.0,0.0,0.0,0.0,0.0,0.0,0.0,0.0,0.0,0.0,0.0,0.0,0.0,0.0,0.0,0.0,0.0,0.0,0.0,0.0,0.0,0.0,0.0,0.0,0.0,0.0,0.0,0.0,0.0,0.0,0.0,0.0,0.0,0.0,0.0,0.0,0.0,0.0,0.0,0.0,0.0,0.0,264.0,810.0,342.0,271.0,258.0,151.0,153.0
중국 (베이징),SantaFe(TM),내수,0.0,0.0,0.0,0.0,0.0,0.0,0.0,0.0,0.0,0.0,0.0,0.0,0.0,0.0,0.0,0.0,0.0,0.0,0.0,0.0,0.0,0.0,0.0,0.0,0.0,0.0,0.0,0.0,0.0,0.0,0.0,0.0,0.0,0.0,0.0,0.0,0.0,0.0,3243.0,1969.0,1109.0,848.0,858.0,1255.0,478.0,418.0,713.0,971.0,883.0,5.0,260.0,870.0,777.0,706.0,1152.0,845.0,978.0,1689.0,1423.0,1386.0,622.0,412.0,992.0,848.0,790.0,676.0,737.0,618.0,624.0,267.0,903.0,631.0,192.0,122.0,123.0,48.0,32.0,345.0,285.0,342.0,606.0,203.0,288.0,248.0,71.0,156.0,366.0,488.0,237.0,190.0,215.0,109.0,264.0,125.0,79.0,108.0,60.0,20.0,59.0,55.0,37.0,7.0,3.0,110.0,0.0,60.0,0.0,167.0,1.0,0.0
중국 (베이징),Elantra (CN7c),수출,0.0,0.0,0.0,0.0,0.0,0.0,0.0,0.0,0.0,0.0,0.0,0.0,0.0,0.0,0.0,0.0,0.0,0.0,0.0,0.0,0.0,0.0,0.0,0.0,0.0,0.0,0.0,0.0,0.0,0.0,0.0,0.0,0.0,0.0,0.0,0.0,0.0,0.0,0.0,0.0,0.0,0.0,0.0,0.0,0.0,0.0,0.0,0.0,0.0,0.0,0.0,0.0,0.0,0.0,0.0,0.0,0.0,0.0,0.0,0.0,0.0,0.0,0.0,0.0,0.0,0.0,0.0,0.0,0.0,0.0,0.0,0.0,0.0,0.0,0.0,0.0,0.0,0.0,0.0,0.0,0.0,0.0,0.0,0.0,0.0,0.0,0.0,0.0,0.0,0.0,0.0,0.0,0.0,0.0,0.0,0.0,0.0,0.0,0.0,0.0,0.0,0.0,0.0,0.0,0.0,0.0,0.0,0.0,3524.0,2845.0
중국 (베이징),Custo (KU),수출,0.0,0.0,0.0,0.0,0.0,0.0,0.0,0.0,0.0,0.0,0.0,0.0,0.0,0.0,0.0,0.0,0.0,0.0,0.0,0.0,0.0,0.0,0.0,0.0,0.0,0.0,0.0,0.0,0.0,0.0,0.0,0.0,0.0,0.0,0.0,0.0,0.0,0.0,0.0,0.0,0.0,0.0,0.0,0.0,0.0,0.0,0.0,0.0,0.0,0.0,0.0,0.0,0.0,0.0,0.0,0.0,0.0,0.0,0.0,0.0,0.0,0.0,0.0,0.0,0.0,0.0,0.0,0.0,0.0,0.0,0.0,0.0,0.0,0.0,0.0,0.0,0.0,0.0,0.0,0.0,0.0,0.0,0.0,0.0,0.0,0.0,0.0,3.0,0.0,0.0,0.0,171.0,60.0,8.0,63.0,140.0,0.0,0.0,0.0,0.0,0.0,0.0,0.0,0.0,0.0,0.0,0.0,0.0,144.0,125.0
중국 (베이징),Mufasa (NU2),수출,0.0,0.0,0.0,0.0,0.0,0.0,0.0,0.0,0.0,0.0,0.0,0.0,0.0,0.0,0.0,0.0,0.0,0.0,0.0,0.0,0.0,0.0,0.0,0.0,0.0,0.0,0.0,0.0,0.0,0.0,0.0,0.0,0.0,0.0,0.0,0.0,0.0,0.0,0.0,0.0,0.0,0.0,0.0,0.0,0.0,0.0,0.0,0.0,0.0,0.0,0.0,0.0,0.0,0.0,0.0,0.0,0.0,0.0,0.0,0.0,0.0,0.0,0.0,0.0,0.0,0.0,0.0,0.0,0.0,0.0,0.0,0.0,0.0,0.0,0.0,0.0,0.0,0.0,0.0,0.0,0.0,0.0,0.0,0.0,0.0,0.0,0.0,0.0,0.0,0.0,0.0,0.0,0.0,0.0,0.0,0.0,0.0,0.0,0.0,0.0,0.0,0.0,0.0,0.0,0.0,0.0,0.0,0.0,1922.0,312.0
중국 (베이징),Santa Fe (MX5c),수출,0.0,0.0,0.0,0.0,0.0,0.0,0.0,0.0,0.0,0.0,0.0,0.0,0.0,0.0,0.0,0.0,0.0,0.0,0.0,0.0,0.0,0.0,0.0,0.0,0.0,0.0,0.0,0.0,0.0,0.0,0.0,0.0,0.0,0.0,0.0,0.0,0.0,0.0,0.0,0.0,0.0,0.0,0.0,0.0,0.0,0.0,0.0,0.0,0.0,0.0,0.0,0.0,0.0,0.0,0.0,0.0,0.0,0.0,0.0,0.0,0.0,0.0,0.0,0.0,0.0,0.0,0.0,0.0,0.0,0.0,0.0,0.0,0.0,0.0,0.0,0.0,0.0,0.0,0.0,0.0,0.0,0.0,0.0,0.0,0.0,0.0,0.0,0.0,0.0,0.0,0.0,0.0,0.0,0.0,0.0,0.0,0.0,0.0,0.0,0.0,0.0,0.0,0.0,0.0,0.0,0.0,0.0,0.0,1.0,3.0
중국 (베이징),Sonata (DN8c),수출,0.0,0.0,0.0,0.0,0.0,0.0,0.0,0.0,0.0,0.0,0.0,0.0,0.0,0.0,0.0,0.0,0.0,0.0,0.0,0.0,0.0,0.0,0.0,0.0,0.0,0.0,0.0,0.0,0.0,0.0,0.0,0.0,0.0,0.0,0.0,0.0,0.0,0.0,0.0,0.0,0.0,0.0,0.0,0.0,0.0,0.0,0.0,0.0,0.0,0.0,0.0,0.0,0.0,0.0,0.0,0.0,0.0,0.0,0.0,0.0,0.0,0.0,0.0,0.0,0.0,0.0,0.0,0.0,0.0,0.0,0.0,0.0,0.0,0.0,0.0,0.0,0.0,0.0,0.0,0.0,0.0,0.0,0.0,0.0,0.0,0.0,0.0,0.0,0.0,0.0,0.0,0.0,0.0,0.0,0.0,0.0,0.0,0.0,0.0,0.0,0.0,0.0,0.0,0.0,0.0,0.0,0.0,0.0,2000.0,1300.0
중국 (베이징),전 차량,수출,0.0,0.0,0.0,0.0,0.0,0.0,0.0,0.0,0.0,0.0,0.0,0.0,0.0,0.0,0.0,0.0,0.0,0.0,0.0,0.0,0.0,0.0,0.0,0.0,0.0,0.0,0.0,0.0,0.0,0.0,0.0,0.0,0.0,0.0,0.0,0.0,0.0,0.0,0.0,0.0,0.0,0.0,0.0,0.0,0.0,0.0,0.0,0.0,0.0,0.0,0.0,0.0,0.0,0.0,0.0,0.0,0.0,0.0,0.0,0.0,0.0,0.0,0.0,0.0,0.0,0.0,0.0,0.0,0.0,0.0,0.0,0.0,0.0,0.0,0.0,0.0,0.0,0.0,0.0,0.0,0.0,0.0,0.0,0.0,0.0,0.0,0.0,0.0,0.0,0.0,0.0,0.0,0.0,0.0,0.0,0.0,171.0,0.0,437.0,2644.0,3617.0,3113.0,2517.0,6007.0,6394.0,4733.0,9349.0,5656.0,0.0,0.0
미국 (앨라배마),Tucson(NX4a),내수,0.0,0.0,0.0,0.0,0.0,0.0,0.0,0.0,0.0,0.0,0.0,0.0,0.0,0.0,0.0,0.0,0.0,0.0,0.0,0.0,0.0,0.0,0.0,0.0,0.0,0.0,0.0,0.0,0.0,0.0,0.0,0.0,0.0,0.0,0.0,0.0,0.0,0.0,0.0,0.0,0.0,0.0,0.0,0.0,0.0,0.0,0.0,0.0,0.0,0.0,0.0,0.0,0.0,0.0,0.0,0.0,0.0,0.0,0.0,0.0,0.0,0.0,8359.0,7779.0,7679.0,6900.0,6442.0,6291.0,5427.0,10231.0,9057.0,11169.0,8496.0,11536.0,11787.0,12031.0,11853.0,9592.0,10138.0,11968.0,14378.0,11982.0,11338.0,9095.0,10069.0,12699.0,15337.0,11864.0,13972.0,12618.0,9827.0,15138.0,13343.0,13335.0,11206.0,11472.0,15840.0,11553.0,12313.0,11016.0,6689.0,12834.0,7944.0,14515.0,11447.0,14717.0,12167.0,10065.0,8303.0,12682.0
미국 (앨라배마),Tucson(NX4a OB),내수,0.0,0.0,0.0,0.0,0.0,0.0,0.0,0.0,0.0,0.0,0.0,0.0,0.0,0.0,0.0,0.0,0.0,0.0,0.0,0.0,0.0,0.0,0.0,0.0,0.0,0.0,0.0,0.0,0.0,0.0,0.0,0.0,0.0,0.0,0.0,0.0,0.0,0.0,0.0,0.0,0.0,0.0,0.0,0.0,0.0,0.0,0.0,0.0,0.0,0.0,0.0,0.0,0.0,0.0,0.0,0.0,0.0,0.0,0.0,0.0,0.0,0.0,0.0,0.0,0.0,36.0,788.0,1939.0,1488.0,2770.0,2528.0,3019.0,2689.0,2913.0,3154.0,3474.0,3248.0,2836.0,2227.0,3630.0,3435.0,3819.0,3526.0,2588.0,3165.0,3296.0,3603.0,3509.0,3499.0,2844.0,3317.0,4286.0,3824.0,2830.0,3121.0,3099.0,4644.0,3729.0,2786.0,3196.0,3427.0,2193.0,1078.0,2262.0,2484.0,2406.0,1741.0,1693.0,1720.0,3081.0
미국 (앨라배마),Santa Fe (MX5),내수,0.0,0.0,0.0,0.0,0.0,0.0,0.0,0.0,0.0,0.0,0.0,0.0,0.0,0.0,0.0,0.0,0.0,0.0,0.0,0.0,0.0,0.0,0.0,0.0,0.0,0.0,0.0,0.0,0.0,0.0,0.0,0.0,0.0,0.0,0.0,0.0,0.0,0.0,0.0,0.0,0.0,0.0,0.0,0.0,0.0,0.0,0.0,0.0,0.0,0.0,0.0,0.0,0.0,0.0,0.0,0.0,0.0,0.0,0.0,0.0,0.0,0.0,0.0,0.0,0.0,0.0,0.0,0.0,0.0,0.0,0.0,0.0,0.0,0.0,0.0,0.0,0.0,0.0,0.0,0.0,0.0,0.0,0.0,0.0,0.0,0.0,0.0,0.0,0.0,0.0,0.0,0.0,0.0,0.0,0.0,0.0,1935.0,8882.0,11326.0,10577.0,10474.0,8263.0,6780.0,9518.0,7769.0,10053.0,8141.0,7784.0,6052.0,7476.0
미국 (앨라배마),Santa Fe HEV (MX5),내수,0.0,0.0,0.0,0.0,0.0,0.0,0.0,0.0,0.0,0.0,0.0,0.0,0.0,0.0,0.0,0.0,0.0,0.0,0.0,0.0,0.0,0.0,0.0,0.0,0.0,0.0,0.0,0.0,0.0,0.0,0.0,0.0,0.0,0.0,0.0,0.0,0.0,0.0,0.0,0.0,0.0,0.0,0.0,0.0,0.0,0.0,0.0,0.0,0.0,0.0,0.0,0.0,0.0,0.0,0.0,0.0,0.0,0.0,0.0,0.0,0.0,0.0,0.0,0.0,0.0,0.0,0.0,0.0,0.0,0.0,0.0,0.0,0.0,0.0,0.0,0.0,0.0,0.0,0.0,0.0,0.0,0.0,0.0,0.0,0.0,0.0,0.0,0.0,0.0,0.0,0.0,0.0,0.0,0.0,0.0,0.0,0.0,0.0,40.0,4044.0,4278.0,4160.0,3323.0,3979.0,4067.0,5244.0,3859.0,3487.0,2325.0,4849.0
미국 (앨라배마),GV70 (JKa),내수,0.0,0.0,0.0,0.0,0.0,0.0,0.0,0.0,0.0,0.0,0.0,0.0,0.0,0.0,0.0,0.0,0.0,0.0,0.0,0.0,0.0,0.0,0.0,0.0,0.0,0.0,0.0,0.0,0.0,0.0,0.0,0.0,0.0,0.0,0.0,0.0,0.0,0.0,0.0,0.0,0.0,0.0,0.0,0.0,0.0,0.0,0.0,0.0,0.0,0.0,0.0,0.0,0.0,0.0,0.0,0.0,0.0,0.0,0.0,0.0,0.0,0.0,0.0,0.0,0.0,0.0,0.0,0.0,0.0,0.0,0.0,0.0,0.0,0.0,0.0,0.0,0.0,0.0,0.0,0.0,0.0,0.0,0.0,0.0,0.0,0.0,0.0,0.0,0.0,0.0,1120.0,1587.0,1477.0,3119.0,2565.0,840.0,3281.0,1565.0,625.0,3120.0,2325.0,915.0,1357.0,1777.0,1739.0,1773.0,1659.0,1262.0,1930.0,827.0
미국 (앨라배마),GV70 EV (Jka EV),내수,0.0,0.0,0.0,0.0,0.0,0.0,0.0,0.0,0.0,0.0,0.0,0.0,0.0,0.0,0.0,0.0,0.0,0.0,0.0,0.0,0.0,0.0,0.0,0.0,0.0,0.0,0.0,0.0,0.0,0.0,0.0,0.0,0.0,0.0,0.0,0.0,0.0,0.0,0.0,0.0,0.0,0.0,0.0,0.0,0.0,0.0,0.0,0.0,0.0,0.0,0.0,0.0,0.0,0.0,0.0,0.0,0.0,0.0,0.0,0.0,0.0,0.0,0.0,0.0,0.0,0.0,0.0,0.0,0.0,0.0,0.0,0.0,0.0,0.0,0.0,0.0,0.0,0.0,0.0,0.0,0.0,0.0,0.0,0.0,0.0,24.0,184.0,295.0,180.0,87.0,154.0,465.0,158.0,539.0,338.0,213.0,204.0,180.0,192.0,184.0,190.0,370.0,354.0,331.0,168.0,169.0,177.0,129.0,227.0,212.0
미국 (앨라배마),Tucson(NX4a),수출,0.0,0.0,0.0,0.0,0.0,0.0,0.0,0.0,0.0,0.0,0.0,0.0,0.0,0.0,0.0,0.0,0.0,0.0,0.0,0.0,0.0,0.0,0.0,0.0,0.0,0.0,0.0,0.0,0.0,0.0,0.0,0.0,0.0,0.0,0.0,0.0,0.0,0.0,0.0,0.0,0.0,0.0,0.0,0.0,0.0,0.0,0.0,0.0,0.0,0.0,0.0,0.0,0.0,0.0,0.0,0.0,0.0,0.0,0.0,0.0,0.0,0.0,0.0,0.0,0.0,0.0,0.0,0.0,0.0,0.0,0.0,0.0,0.0,0.0,0.0,0.0,0.0,0.0,0.0,0.0,0.0,0.0,0.0,0.0,0.0,0.0,0.0,0.0,0.0,0.0,0.0,0.0,0.0,0.0,0.0,0.0,0.0,0.0,0.0,0.0,0.0,0.0,1367.0,1166.0,1068.0,1089.0,967.0,1390.0,1500.0,1634.0
미국 (앨라배마),Tucson(NX4a OB),수출,0.0,0.0,0.0,0.0,0.0,0.0,0.0,0.0,0.0,0.0,0.0,0.0,0.0,0.0,0.0,0.0,0.0,0.0,0.0,0.0,0.0,0.0,0.0,0.0,0.0,0.0,0.0,0.0,0.0,0.0,0.0,0.0,0.0,0.0,0.0,0.0,0.0,0.0,0.0,0.0,0.0,0.0,0.0,0.0,0.0,0.0,0.0,0.0,0.0,0.0,0.0,0.0,0.0,0.0,0.0,0.0,0.0,0.0,0.0,0.0,0.0,0.0,0.0,0.0,0.0,12.0,223.0,321.0,137.0,226.0,197.0,80.0,173.0,292.0,486.0,273.0,534.0,415.0,472.0,211.0,707.0,471.0,417.0,400.0,463.0,388.0,447.0,371.0,420.0,395.0,287.0,478.0,425.0,358.0,214.0,664.0,348.0,563.0,384.0,527.0,313.0,555.0,113.0,289.0,193.0,395.0,230.0,404.0,395.0,424.0
미국 (앨라배마),Santa Fe (MX5),수출,0.0,0.0,0.0,0.0,0.0,0.0,0.0,0.0,0.0,0.0,0.0,0.0,0.0,0.0,0.0,0.0,0.0,0.0,0.0,0.0,0.0,0.0,0.0,0.0,0.0,0.0,0.0,0.0,0.0,0.0,0.0,0.0,0.0,0.0,0.0,0.0,0.0,0.0,0.0,0.0,0.0,0.0,0.0,0.0,0.0,0.0,0.0,0.0,0.0,0.0,0.0,0.0,0.0,0.0,0.0,0.0,0.0,0.0,0.0,0.0,0.0,0.0,0.0,0.0,0.0,0.0,0.0,0.0,0.0,0.0,0.0,0.0,0.0,0.0,0.0,0.0,0.0,0.0,0.0,0.0,0.0,0.0,0.0,0.0,0.0,0.0,0.0,0.0,0.0,0.0,0.0,0.0,0.0,0.0,0.0,0.0,80.0,1233.0,1829.0,1205.0,965.0,987.0,859.0,883.0,933.0,682.0,646.0,597.0,797.0,665.0
미국 (앨라배마),GV70 (JKa),수출,0.0,0.0,0.0,0.0,0.0,0.0,0.0,0.0,0.0,0.0,0.0,0.0,0.0,0.0,0.0,0.0,0.0,0.0,0.0,0.0,0.0,0.0,0.0,0.0,0.0,0.0,0.0,0.0,0.0,0.0,0.0,0.0,0.0,0.0,0.0,0.0,0.0,0.0,0.0,0.0,0.0,0.0,0.0,0.0,0.0,0.0,0.0,0.0,0.0,0.0,0.0,0.0,0.0,0.0,0.0,0.0,0.0,0.0,0.0,0.0,0.0,0.0,0.0,0.0,0.0,0.0,0.0,0.0,0.0,0.0,0.0,0.0,0.0,0.0,0.0,0.0,0.0,0.0,0.0,0.0,0.0,0.0,0.0,0.0,0.0,0.0,0.0,0.0,0.0,0.0,20.0,0.0,13.0,21.0,16.0,19.0,1.0,0.0,24.0,28.0,24.0,7.0,0.0,0.0,1.0,0.0,0.0,0.0,0.0,0.0
미국 (앨라배마),GV70 EV (Jka EV),수출,0.0,0.0,0.0,0.0,0.0,0.0,0.0,0.0,0.0,0.0,0.0,0.0,0.0,0.0,0.0,0.0,0.0,0.0,0.0,0.0,0.0,0.0,0.0,0.0,0.0,0.0,0.0,0.0,0.0,0.0,0.0,0.0,0.0,0.0,0.0,0.0,0.0,0.0,0.0,0.0,0.0,0.0,0.0,0.0,0.0,0.0,0.0,0.0,0.0,0.0,0.0,0.0,0.0,0.0,0.0,0.0,0.0,0.0,0.0,0.0,0.0,0.0,0.0,0.0,0.0,0.0,0.0,0.0,0.0,0.0,0.0,0.0,0.0,0.0,0.0,0.0,0.0,0.0,0.0,0.0,0.0,0.0,0.0,0.0,0.0,0.0,2.0,6.0,0.0,0.0,5.0,1.0,3.0,3.0,3.0,3.0,0.0,0.0,1.0,3.0,1.0,1.0,0.0,0.0,1.0,0.0,4.0,0.0,2.0,0.0
미국 (조지아),Ioniq5 (NEa),내수,0.0,0.0,0.0,0.0,0.0,0.0,0.0,0.0,0.0,0.0,0.0,0.0,0.0,0.0,0.0,0.0,0.0,0.0,0.0,0.0,0.0,0.0,0.0,0.0,0.0,0.0,0.0,0.0,0.0,0.0,0.0,0.0,0.0,0.0,0.0,0.0,0.0,0.0,0.0,0.0,0.0,0.0,0.0,0.0,0.0,0.0,0.0,0.0,0.0,0.0,0.0,0.0,0.0,0.0,0.0,0.0,0.0,0.0,0.0,0.0,0.0,0.0,0.0,0.0,0.0,0.0,0.0,0.0,0.0,0.0,0.0,0.0,0.0,0.0,0.0,0.0,0.0,0.0,0.0,0.0,0.0,0.0,0.0,0.0,0.0,0.0,0.0,0.0,0.0,0.0,0.0,0.0,0.0,0.0,0.0,0.0,0.0,0.0,0.0,0.0,0.0,0.0,0.0,0.0,0.0,0.0,0.0,1006.0,1623.0,4073.0
체코,i30(PD),수출,0.0,0.0,0.0,0.0,0.0,0.0,0.0,0.0,0.0,0.0,0.0,0.0,7143.0,6177.0,7426.0,6006.0,8357.0,8164.0,3650.0,5174.0,6302.0,9126.0,8553.0,7694.0,6672.0,4861.0,5426.0,6323.0,7180.0,6755.0,3770.0,4539.0,5750.0,6782.0,5875.0,3267.0,3037.0,5687.0,5324.0,5374.0,7031.0,5581.0,6588.0,4263.0,6278.0,5168.0,5221.0,4777.0,5480.0,3952.0,3086.0,1393.0,2550.0,3003.0,1828.0,2885.0,4158.0,5594.0,3594.0,4252.0,4257.0,4779.0,6167.0,4480.0,5714.0,4491.0,3092.0,2983.0,4308.0,4623.0,5056.0,1718.0,3030.0,5458.0,6900.0,5304.0,5377.0,5163.0,3587.0,3529.0,3999.0,4789.0,3609.0,4358.0,3512.0,3678.0,4719.0,3340.0,3720.0,4140.0,2837.0,3795.0,4006.0,4218.0,4008.0,2689.0,5861.0,4863.0,5174.0,4489.0,6022.0,5711.0,5149.0,3594.0,5238.0,4410.0,1980.0,2344.0,2621.0,1931.0
체코,i30(PDN),수출,0.0,0.0,0.0,0.0,0.0,0.0,0.0,0.0,0.0,0.0,0.0,0.0,0.0,0.0,0.0,0.0,0.0,0.0,0.0,0.0,0.0,0.0,0.0,0.0,351.0,603.0,618.0,487.0,528.0,405.0,813.0,1044.0,1114.0,916.0,1709.0,1501.0,1456.0,1368.0,1308.0,1539.0,1513.0,1151.0,472.0,1741.0,1326.0,846.0,868.0,757.0,867.0,584.0,358.0,262.0,397.0,831.0,639.0,241.0,487.0,341.0,5.0,0.0,0.0,2.0,740.0,482.0,1161.0,1360.0,737.0,949.0,687.0,428.0,151.0,408.0,382.0,335.0,332.0,839.0,630.0,483.0,808.0,532.0,709.0,395.0,541.0,517.0,517.0,426.0,501.0,735.0,602.0,676.0,661.0,566.0,621.0,586.0,481.0,723.0,942.0,1000.0,1184.0,984.0,249.0,58.0,333.0,226.0,207.0,282.0,62.0,19.0,155.0,260.0
체코,Kona EV (SX2e EV),수출,0.0,0.0,0.0,0.0,0.0,0.0,0.0,0.0,0.0,0.0,0.0,0.0,0.0,0.0,0.0,0.0,0.0,0.0,0.0,0.0,0.0,0.0,0.0,0.0,0.0,0.0,0.0,0.0,0.0,0.0,0.0,0.0,0.0,0.0,0.0,0.0,0.0,0.0,0.0,0.0,0.0,0.0,0.0,0.0,0.0,0.0,0.0,0.0,0.0,0.0,0.0,0.0,0.0,0.0,0.0,0.0,0.0,0.0,0.0,0.0,0.0,0.0,0.0,0.0,0.0,0.0,0.0,0.0,0.0,0.0,0.0,0.0,0.0,0.0,0.0,0.0,0.0,0.0,0.0,0.0,0.0,0.0,0.0,0.0,0.0,0.0,6.0,0.0,1.0,2.0,5.0,2923.0,4428.0,4934.0,4596.0,2264.0,3286.0,3146.0,2868.0,2944.0,2859.0,3118.0,2740.0,2393.0,2160.0,1938.0,3283.0,2114.0,2722.0,3345.0
체코,Tucson (NX4),수출,0.0,0.0,0.0,0.0,0.0,0.0,0.0,0.0,0.0,0.0,0.0,0.0,0.0,0.0,0.0,0.0,0.0,0.0,0.0,0.0,0.0,0.0,0.0,0.0,0.0,0.0,0.0,0.0,0.0,0.0,0.0,0.0,0.0,0.0,0.0,0.0,0.0,0.0,0.0,0.0,0.0,0.0,0.0,0.0,0.0,0.0,0.0,0.0,0.0,0.0,0.0,0.0,0.0,12.0,3.0,12.0,7.0,1937.0,11731.0,12170.0,8075.0,9109.0,13522.0,11815.0,10881.0,13894.0,9657.0,10570.0,10878.0,10215.0,12459.0,9392.0,9099.0,12228.0,13036.0,11975.0,12279.0,14433.0,10940.0,10861.0,13279.0,10910.0,11487.0,11245.0,11607.0,12684.0,14305.0,11029.0,14152.0,14160.0,9268.0,11842.0,12878.0,14087.0,12969.0,10415.0,12572.0,12653.0,10559.0,12803.0,13623.0,9964.0,9855.0,7761.0,12198.0,10991.0,12071.0,11598.0,9552.0,10421.0
체코,Tucson (NX4e HEV),수출,0.0,0.0,0.0,0.0,0.0,0.0,0.0,0.0,0.0,0.0,0.0,0.0,0.0,0.0,0.0,0.0,0.0,0.0,0.0,0.0,0.0,0.0,0.0,0.0,0.0,0.0,0.0,0.0,0.0,0.0,0.0,0.0,0.0,0.0,0.0,0.0,0.0,0.0,0.0,0.0,0.0,0.0,0.0,0.0,0.0,0.0,0.0,0.0,0.0,0.0,0.0,0.0,0.0,1.0,7.0,0.0,3.0,242.0,4290.0,5389.0,4514.0,3237.0,4440.0,2844.0,3713.0,2957.0,2734.0,2588.0,3688.0,4413.0,4325.0,3167.0,4096.0,3057.0,3600.0,4174.0,5890.0,6204.0,3683.0,4339.0,5228.0,4376.0,5546.0,5069.0,4039.0,6020.0,6678.0,5531.0,5848.0,6314.0,4126.0,5386.0,6301.0,5972.0,6412.0,4635.0,5763.0,5563.0,5266.0,6871.0,6535.0,6966.0,5476.0,4884.0,7113.0,7961.0,7339.0,5391.0,5765.0,5300.0
체코,Tucson (NX4e PHEV),수출,0.0,0.0,0.0,0.0,0.0,0.0,0.0,0.0,0.0,0.0,0.0,0.0,0.0,0.0,0.0,0.0,0.0,0.0,0.0,0.0,0.0,0.0,0.0,0.0,0.0,0.0,0.0,0.0,0.0,0.0,0.0,0.0,0.0,0.0,0.0,0.0,0.0,0.0,0.0,0.0,0.0,0.0,0.0,0.0,0.0,0.0,0.0,0.0,0.0,0.0,0.0,0.0,0.0,0.0,0.0,0.0,0.0,0.0,0.0,0.0,1.0,1.0,1487.0,3384.0,2401.0,2432.0,1943.0,2546.0,2641.0,1952.0,933.0,1354.0,2378.0,2131.0,1967.0,2823.0,2901.0,2664.0,2828.0,3196.0,3483.0,3764.0,2933.0,2059.0,1570.0,2911.0,3296.0,2272.0,2531.0,2914.0,1779.0,2059.0,2415.0,2503.0,2356.0,1319.0,2209.0,1636.0,1338.0,2048.0,2107.0,2015.0,2226.0,1452.0,1860.0,2009.0,1571.0,1183.0,1878.0,2331.0
인도네시아,Stargazer (KS),내수,0.0,0.0,0.0,0.0,0.0,0.0,0.0,0.0,0.0,0.0,0.0,0.0,0.0,0.0,0.0,0.0,0.0,0.0,0.0,0.0,0.0,0.0,0.0,0.0,0.0,0.0,0.0,0.0,0.0,0.0,0.0,0.0,0.0,0.0,0.0,0.0,0.0,0.0,0.0,0.0,0.0,0.0,0.0,0.0,0.0,0.0,0.0,0.0,0.0,0.0,0.0,0.0,0.0,0.0,0.0,0.0,0.0,0.0,0.0,0.0,0.0,0.0,0.0,0.0,0.0,0.0,0.0,0.0,0.0,0.0,0.0,0.0,0.0,0.0,0.0,0.0,0.0,0.0,769.0,4471.0,3535.0,3181.0,1106.0,314.0,994.0,2009.0,1772.0,574.0,1005.0,513.0,689.0,1684.0,1473.0,1751.0,812.0,877.0,1615.0,1964.0,1063.0,755.0,589.0,1223.0,600.0,782.0,618.0,715.0,722.0,1039.0,201.0,726.0
인도네시아,Kona EV (SX2id EV),내수,0.0,0.0,0.0,0.0,0.0,0.0,0.0,0.0,0.0,0.0,0.0,0.0,0.0,0.0,0.0,0.0,0.0,0.0,0.0,0.0,0.0,0.0,0.0,0.0,0.0,0.0,0.0,0.0,0.0,0.0,0.0,0.0,0.0,0.0,0.0,0.0,0.0,0.0,0.0,0.0,0.0,0.0,0.0,0.0,0.0,0.0,0.0,0.0,0.0,0.0,0.0,0.0,0.0,0.0,0.0,0.0,0.0,0.0,0.0,0.0,0.0,0.0,0.0,0.0,0.0,0.0,0.0,0.0,0.0,0.0,0.0,0.0,0.0,0.0,0.0,0.0,0.0,0.0,0.0,0.0,0.0,0.0,0.0,0.0,0.0,0.0,0.0,0.0,0.0,0.0,0.0,0.0,0.0,0.0,0.0,0.0,0.0,0.0,0.0,0.0,0.0,0.0,304.0,165.0,170.0,176.0,434.0,124.0,61.0,63.0
인도네시아,IONIQ5 (NE),내수,0.0,0.0,0.0,0.0,0.0,0.0,0.0,0.0,0.0,0.0,0.0,0.0,0.0,0.0,0.0,0.0,0.0,0.0,0.0,0.0,0.0,0.0,0.0,0.0,0.0,0.0,0.0,0.0,0.0,0.0,0.0,0.0,0.0,0.0,0.0,0.0,0.0,0.0,0.0,0.0,0.0,0.0,0.0,0.0,0.0,0.0,0.0,0.0,0.0,0.0,0.0,0.0,0.0,0.0,0.0,0.0,0.0,0.0,0.0,0.0,0.0,0.0,0.0,0.0,0.0,0.0,0.0,0.0,0.0,0.0,0.0,0.0,0.0,0.0,0.0,150.0,215.0,94.0,189.0,277.0,333.0,250.0,305.0,46.0,242.0,201.0,649.0,950.0,974.0,1023.0,499.0,431.0,675.0,638.0,527.0,542.0,752.0,236.0,28.0,27.0,11.0,76.0,62.0,92.0,27.0,44.0,77.0,978.0,0.0,0.0
인도네시아,IONIQ5 (NEid N),내수,0.0,0.0,0.0,0.0,0.0,0.0,0.0,0.0,0.0,0.0,0.0,0.0,0.0,0.0,0.0,0.0,0.0,0.0,0.0,0.0,0.0,0.0,0.0,0.0,0.0,0.0,0.0,0.0,0.0,0.0,0.0,0.0,0.0,0.0,0.0,0.0,0.0,0.0,0.0,0.0,0.0,0.0,0.0,0.0,0.0,0.0,0.0,0.0,0.0,0.0,0.0,0.0,0.0,0.0,0.0,0.0,0.0,0.0,0.0,0.0,0.0,0.0,0.0,0.0,0.0,0.0,0.0,0.0,0.0,0.0,0.0,0.0,0.0,0.0,0.0,0.0,0.0,0.0,0.0,0.0,0.0,0.0,0.0,0.0,0.0,0.0,0.0,0.0,0.0,0.0,0.0,0.0,0.0,0.0,0.0,0.0,0.0,0.0,0.0,0.0,0.0,0.0,0.0,0.0,0.0,28.0,10.0,33.0,10.0,1.0
인도네시아,Santa Fe (TMid),내수,0.0,0.0,0.0,0.0,0.0,0.0,0.0,0.0,0.0,0.0,0.0,0.0,0.0,0.0,0.0,0.0,0.0,0.0,0.0,0.0,0.0,0.0,0.0,0.0,0.0,0.0,0.0,0.0,0.0,0.0,0.0,0.0,0.0,0.0,0.0,0.0,0.0,0.0,0.0,0.0,0.0,0.0,0.0,0.0,0.0,0.0,0.0,0.0,0.0,0.0,0.0,0.0,0.0,0.0,0.0,0.0,0.0,0.0,0.0,0.0,0.0,0.0,0.0,0.0,0.0,0.0,0.0,0.0,0.0,0.0,0.0,0.0,0.0,0.0,0.0,19.0,104.0,36.0,149.0,161.0,142.0,132.0,108.0,102.0,154.0,110.0,27.0,128.0,86.0,65.0,77.0,44.0,86.0,20.0,15.0,52.0,116.0,23.0,22.0,37.0,27.0,82.0,36.0,42.0,9.0,17.0,31.0,145.0,0.0,0.0
인도네시아,Santa Fe (MX5id),내수,0.0,0.0,0.0,0.0,0.0,0.0,0.0,0.0,0.0,0.0,0.0,0.0,0.0,0.0,0.0,0.0,0.0,0.0,0.0,0.0,0.0,0.0,0.0,0.0,0.0,0.0,0.0,0.0,0.0,0.0,0.0,0.0,0.0,0.0,0.0,0.0,0.0,0.0,0.0,0.0,0.0,0.0,0.0,0.0,0.0,0.0,0.0,0.0,0.0,0.0,0.0,0.0,0.0,0.0,0.0,0.0,0.0,0.0,0.0,0.0,0.0,0.0,0.0,0.0,0.0,0.0,0.0,0.0,0.0,0.0,0.0,0.0,0.0,0.0,0.0,0.0,0.0,0.0,0.0,0.0,0.0,0.0,0.0,0.0,0.0,0.0,0.0,0.0,0.0,0.0,0.0,0.0,0.0,0.0,0.0,0.0,0.0,0.0,0.0,0.0,0.0,0.0,0.0,0.0,0.0,13.0,3.0,3.0,73.0,27.0
인도네시아,Santa Fe HEV (MX5id),내수,0.0,0.0,0.0,0.0,0.0,0.0,0.0,0.0,0.0,0.0,0.0,0.0,0.0,0.0,0.0,0.0,0.0,0.0,0.0,0.0,0.0,0.0,0.0,0.0,0.0,0.0,0.0,0.0,0.0,0.0,0.0,0.0,0.0,0.0,0.0,0.0,0.0,0.0,0.0,0.0,0.0,0.0,0.0,0.0,0.0,0.0,0.0,0.0,0.0,0.0,0.0,0.0,0.0,0.0,0.0,0.0,0.0,0.0,0.0,0.0,0.0,0.0,0.0,0.0,0.0,0.0,0.0,0.0,0.0,0.0,0.0,0.0,0.0,0.0,0.0,0.0,0.0,0.0,0.0,0.0,0.0,0.0,0.0,0.0,0.0,0.0,0.0,0.0,0.0,0.0,0.0,0.0,0.0,0.0,0.0,0.0,0.0,0.0,0.0,0.0,0.0,0.0,0.0,0.0,0.0,177.0,115.0,171.0,121.0,298.0
인도네시아,Creta (SU2id),내수,0.0,0.0,0.0,0.0,0.0,0.0,0.0,0.0,0.0,0.0,0.0,0.0,0.0,0.0,0.0,0.0,0.0,0.0,0.0,0.0,0.0,0.0,0.0,0.0,0.0,0.0,0.0,0.0,0.0,0.0,0.0,0.0,0.0,0.0,0.0,0.0,0.0,0.0,0.0,0.0,0.0,0.0,0.0,0.0,0.0,0.0,0.0,0.0,0.0,0.0,0.0,0.0,0.0,0.0,0.0,0.0,0.0,0.0,0.0,0.0,0.0,0.0,0.0,0.0,0.0,0.0,0.0,0.0,0.0,0.0,0.0,0.0,1510.0,2438.0,2810.0,1093.0,957.0,1419.0,912.0,1701.0,1457.0,1587.0,884.0,1105.0,610.0,680.0,1052.0,429.0,999.0,559.0,262.0,212.0,72.0,493.0,630.0,447.0,1013.0,877.0,584.0,220.0,193.0,429.0,346.0,449.0,393.0,323.0,108.0,1066.0,634.0,491.0
인도네시아,Stargazer (KS),수출,0.0,0.0,0.0,0.0,0.0,0.0,0.0,0.0,0.0,0.0,0.0,0.0,0.0,0.0,0.0,0.0,0.0,0.0,0.0,0.0,0.0,0.0,0.0,0.0,0.0,0.0,0.0,0.0,0.0,0.0,0.0,0.0,0.0,0.0,0.0,0.0,0.0,0.0,0.0,0.0,0.0,0.0,0.0,0.0,0.0,0.0,0.0,0.0,0.0,0.0,0.0,0.0,0.0,0.0,0.0,0.0,0.0,0.0,0.0,0.0,0.0,0.0,0.0,0.0,0.0,0.0,0.0,0.0,0.0,0.0,0.0,0.0,0.0,0.0,0.0,0.0,0.0,0.0,6.0,0.0,1802.0,1500.0,1100.0,600.0,0.0,115.0,541.0,455.0,540.0,1054.0,619.0,654.0,1214.0,1119.0,1141.0,924.0,492.0,1318.0,1688.0,1363.0,1986.0,1529.0,2285.0,2230.0,2065.0,1151.0,1012.0,654.0,525.0,278.0
인도네시아,Kona EV (SX2id EV),수출,0.0,0.0,0.0,0.0,0.0,0.0,0.0,0.0,0.0,0.0,0.0,0.0,0.0,0.0,0.0,0.0,0.0,0.0,0.0,0.0,0.0,0.0,0.0,0.0,0.0,0.0,0.0,0.0,0.0,0.0,0.0,0.0,0.0,0.0,0.0,0.0,0.0,0.0,0.0,0.0,0.0,0.0,0.0,0.0,0.0,0.0,0.0,0.0,0.0,0.0,0.0,0.0,0.0,0.0,0.0,0.0,0.0,0.0,0.0,0.0,0.0,0.0,0.0,0.0,0.0,0.0,0.0,0.0,0.0,0.0,0.0,0.0,0.0,0.0,0.0,0.0,0.0,0.0,0.0,0.0,0.0,0.0,0.0,0.0,0.0,0.0,0.0,0.0,0.0,0.0,0.0,0.0,0.0,0.0,0.0,0.0,0.0,0.0,0.0,0.0,0.0,0.0,0.0,0.0,0.0,1.0,0.0,0.0,0.0,1.0
인도네시아,Creta (SU2id),수출,0.0,0.0,0.0,0.0,0.0,0.0,0.0,0.0,0.0,0.0,0.0,0.0,0.0,0.0,0.0,0.0,0.0,0.0,0.0,0.0,0.0,0.0,0.0,0.0,0.0,0.0,0.0,0.0,0.0,0.0,0.0,0.0,0.0,0.0,0.0,0.0,0.0,0.0,0.0,0.0,0.0,0.0,0.0,0.0,0.0,0.0,0.0,0.0,0.0,0.0,0.0,0.0,0.0,0.0,0.0,0.0,0.0,0.0,0.0,0.0,0.0,0.0,0.0,0.0,0.0,0.0,0.0,0.0,0.0,0.0,0.0,0.0,0.0,853.0,1946.0,2611.0,3099.0,4043.0,5162.0,5413.0,4854.0,3415.0,2864.0,3179.0,4084.0,3502.0,3079.0,2623.0,4045.0,4888.0,4569.0,4750.0,3530.0,2733.0,4851.0,3408.0,3012.0,3147.0,4183.0,2232.0,3459.0,4399.0,4076.0,4458.0,5205.0,2989.0,3328.0,4181.0,2423.0,4032.0
브라질 (피라시카바),HB(BR2),내수,0.0,0.0,0.0,0.0,0.0,0.0,0.0,0.0,0.0,0.0,0.0,0.0,0.0,0.0,0.0,0.0,0.0,0.0,0.0,0.0,0.0,0.0,0.0,0.0,0.0,0.0,0.0,0.0,0.0,0.0,0.0,0.0,0.0,0.0,0.0,0.0,0.0,0.0,0.0,0.0,0.0,0.0,0.0,0.0,5323.0,8194.0,11293.0,12423.0,6406.0,11213.0,6822.0,2832.0,3199.0,6907.0,9329.0,11760.0,10982.0,12493.0,11626.0,11773.0,7288.0,10049.0,9738.0,9450.0,10178.0,10865.0,6259.0,7645.0,9319.0,7552.0,10118.0,11141.0,8263.0,8269.0,11663.0,8515.0,8827.0,8792.0,11310.0,13098.0,10567.0,11953.0,10566.0,9127.0,4221.0,6910.0,10531.0,6754.0,4688.0,13613.0,12304.0,12993.0,13221.0,11993.0,11655.0,11547.0,5752.0,6756.0,10697.0,10386.0,10483.0,11871.0,10270.0,11975.0,12370.0,15261.0,14248.0,9420.0,0.0,0.0
브라질 (피라시카바),Creta,내수,0.0,0.0,0.0,0.0,0.0,0.0,0.0,0.0,0.0,0.0,0.0,0.0,3663.0,3093.0,3515.0,3500.0,3863.0,2963.0,4118.0,3768.0,3981.0,4265.0,4238.0,3867.0,2866.0,3006.0,3497.0,3885.0,3892.0,3810.0,5050.0,5044.0,4895.0,5138.0,4483.0,4364.0,3260.0,3183.0,4382.0,4216.0,4648.0,5369.0,6817.0,6906.0,4028.0,3685.0,5196.0,5768.0,2777.0,4818.0,2752.0,849.0,1609.0,2944.0,3232.0,4826.0,5399.0,4583.0,5938.0,5954.0,3429.0,6216.0,5915.0,5834.0,7099.0,6027.0,4547.0,3347.0,2001.0,3518.0,2645.0,1464.0,172.0,1501.0,10.0,2118.0,2650.0,2842.0,1198.0,1122.0,802.0,593.0,1596.0,1799.0,1019.0,973.0,1387.0,904.0,246.0,493.0,1042.0,999.0,894.0,430.0,3124.0,1104.0,534.0,877.0,362.0,1005.0,890.0,1341.0,1343.0,1192.0,568.0,341.0,13.0,16.0,0.0,0.0
브라질 (피라시카바),Creta (SU2b),내수,0.0,0.0,0.0,0.0,0.0,0.0,0.0,0.0,0.0,0.0,0.0,0.0,0.0,0.0,0.0,0.0,0.0,0.0,0.0,0.0,0.0,0.0,0.0,0.0,0.0,0.0,0.0,0.0,0.0,0.0,0.0,0.0,0.0,0.0,0.0,0.0,0.0,0.0,0.0,0.0,0.0,0.0,0.0,0.0,0.0,0.0,0.0,0.0,0.0,0.0,0.0,0.0,0.0,0.0,0.0,0.0,0.0,0.0,0.0,0.0,0.0,0.0,0.0,0.0,0.0,0.0,0.0,0.0,4060.0,2323.0,2943.0,4020.0,4149.0,4024.0,2937.0,3545.0,3778.0,3032.0,5020.0,5160.0,4342.0,4451.0,4575.0,4584.0,3886.0,3634.0,4174.0,3692.0,4371.0,3397.0,4962.0,4876.0,3828.0,5451.0,4417.0,5663.0,4139.0,3261.0,4320.0,4472.0,4485.0,5490.0,5374.0,5840.0,3880.0,7068.0,7165.0,6859.0,0.0,0.0
브라질 (피라시카바),HB(BR2),수출,0.0,0.0,0.0,0.0,0.0,0.0,0.0,0.0,0.0,0.0,0.0,0.0,0.0,0.0,0.0,0.0,0.0,0.0,0.0,0.0,0.0,0.0,0.0,0.0,0.0,0.0,0.0,0.0,0.0,0.0,0.0,0.0,0.0,0.0,0.0,0.0,0.0,0.0,0.0,0.0,0.0,0.0,0.0,0.0,2.0,1.0,0.0,278.0,190.0,200.0,150.0,0.0,0.0,0.0,535.0,100.0,411.0,388.0,682.0,460.0,856.0,928.0,768.0,700.0,917.0,642.0,592.0,915.0,530.0,803.0,831.0,1609.0,1160.0,1598.0,920.0,1888.0,1094.0,881.0,1124.0,934.0,220.0,1774.0,3262.0,190.0,1702.0,1073.0,2806.0,2145.0,837.0,1748.0,1984.0,1222.0,1471.0,839.0,1661.0,992.0,310.0,1069.0,862.0,930.0,760.0,1300.0,721.0,1197.0,716.0,1031.0,1370.0,996.0,0.0,0.0
브라질 (피라시카바),Creta,수출,0.0,0.0,0.0,0.0,0.0,0.0,0.0,0.0,0.0,0.0,0.0,0.0,0.0,0.0,0.0,0.0,0.0,0.0,48.0,42.0,96.0,112.0,112.0,136.0,88.0,104.0,104.0,120.0,80.0,88.0,96.0,88.0,72.0,65.0,40.0,80.0,140.0,242.0,413.0,97.0,0.0,252.0,331.0,157.0,139.0,169.0,116.0,332.0,85.0,67.0,317.0,0.0,0.0,0.0,92.0,8.0,241.0,264.0,58.0,64.0,40.0,262.0,344.0,296.0,456.0,334.0,238.0,373.0,236.0,291.0,340.0,58.0,27.0,4.0,288.0,128.0,72.0,0.0,72.0,6.0,0.0,0.0,33.0,66.0,33.0,0.0,33.0,66.0,12.0,54.0,33.0,0.0,48.0,2.0,6.0,0.0,0.0,0.0,48.0,89.0,56.0,64.0,64.0,56.0,56.0,40.0,48.0,0.0,0.0,0.0
브라질 (피라시카바),Creta (SU2b),수출,0.0,0.0,0.0,0.0,0.0,0.0,0.0,0.0,0.0,0.0,0.0,0.0,0.0,0.0,0.0,0.0,0.0,0.0,0.0,0.0,0.0,0.0,0.0,0.0,0.0,0.0,0.0,0.0,0.0,0.0,0.0,0.0,0.0,0.0,0.0,0.0,0.0,0.0,0.0,0.0,0.0,0.0,0.0,0.0,0.0,0.0,0.0,0.0,0.0,0.0,0.0,0.0,0.0,0.0,0.0,0.0,0.0,0.0,0.0,0.0,0.0,0.0,0.0,0.0,0.0,0.0,0.0,0.0,0.0,0.0,0.0,0.0,0.0,4.0,0.0,0.0,232.0,128.0,152.0,70.0,224.0,64.0,92.0,112.0,76.0,188.0,108.0,96.0,104.0,80.0,76.0,189.0,130.0,38.0,132.0,72.0,32.0,184.0,72.0,268.0,171.0,106.0,209.0,0.0,345.0,285.0,172.0,179.0,0.0,0.0
브라질,전 차량,내수,0.0,0.0,0.0,0.0,0.0,0.0,0.0,0.0,0.0,0.0,0.0,0.0,0.0,0.0,0.0,0.0,0.0,0.0,0.0,0.0,0.0,0.0,0.0,0.0,0.0,0.0,0.0,0.0,0.0,0.0,0.0,0.0,0.0,0.0,0.0,0.0,0.0,0.0,0.0,0.0,0.0,0.0,0.0,0.0,0.0,0.0,0.0,0.0,626.0,151.0,616.0,1502.0,1553.0,1573.0,1433.0,1366.0,1433.0,1502.0,1761.0,723.0,168.0,300.0,773.0,1334.0,965.0,907.0,865.0,442.0,410.0,214.0,452.0,137.0,143.0,219.0,301.0,247.0,98.0,64.0,80.0,63.0,50.0,101.0,57.0,77.0,60.0,80.0,52.0,40.0,49.0,61.0,65.0,50.0,31.0,24.0,60.0,111.0,50.0,50.0,91.0,94.0,83.0,62.0,80.0,93.0,106.0,162.0,120.0,76.0,10.0,10.0
브라질,전 차량,수출,0.0,0.0,0.0,0.0,0.0,0.0,0.0,0.0,0.0,0.0,0.0,0.0,0.0,0.0,0.0,0.0,0.0,0.0,0.0,0.0,0.0,0.0,0.0,0.0,0.0,0.0,0.0,0.0,0.0,0.0,0.0,0.0,0.0,0.0,0.0,0.0,0.0,0.0,0.0,0.0,0.0,0.0,0.0,0.0,0.0,0.0,0.0,0.0,41.0,0.0,0.0,1.0,40.0,41.0,61.0,17.0,29.0,43.0,70.0,63.0,23.0,75.0,50.0,46.0,134.0,44.0,34.0,24.0,111.0,50.0,146.0,21.0,80.0,120.0,44.0,40.0,40.0,35.0,77.0,48.0,62.0,91.0,63.0,91.0,80.0,0.0,81.0,65.0,74.0,37.0,145.0,231.0,250.0,60.0,61.0,233.0,60.0,90.0,68.0,86.0,90.0,121.0,120.0,122.0,101.0,220.0,47.0,11.0,28.0,41.0
멕시코,NX4m,수출,0.0,0.0,0.0,0.0,0.0,0.0,0.0,0.0,0.0,0.0,0.0,0.0,0.0,0.0,0.0,0.0,0.0,0.0,0.0,0.0,0.0,0.0,0.0,0.0,0.0,0.0,0.0,0.0,0.0,0.0,0.0,0.0,0.0,0.0,0.0,0.0,0.0,0.0,0.0,0.0,0.0,0.0,0.0,0.0,0.0,0.0,0.0,0.0,0.0,0.0,0.0,0.0,0.0,0.0,0.0,0.0,0.0,0.0,0.0,0.0,0.0,0.0,0.0,0.0,0.0,0.0,0.0,0.0,0.0,0.0,0.0,0.0,0.0,0.0,0.0,0.0,0.0,0.0,0.0,0.0,0.0,0.0,0.0,0.0,0.0,0.0,0.0,0.0,0.0,0.0,0.0,0.0,0.0,0.0,0.0,0.0,0.0,0.0,0.0,0.0,0.0,809.0,2378.0,2821.0,2637.0,3048.0,2700.0,2097.0,2000.0,2109.0
CKD (모듈형 조립 방식),PV,총합,0.0,0.0,0.0,0.0,0.0,0.0,0.0,0.0,0.0,0.0,0.0,0.0,0.0,0.0,0.0,0.0,0.0,0.0,0.0,0.0,0.0,0.0,0.0,0.0,0.0,0.0,0.0,0.0,0.0,0.0,0.0,0.0,0.0,0.0,0.0,0.0,0.0,0.0,0.0,0.0,0.0,0.0,0.0,0.0,0.0,0.0,0.0,0.0,3563.0,4112.0,4079.0,1120.0,1691.0,2894.0,2497.0,3007.0,3266.0,2893.0,4478.0,4299.0,5027.0,3829.0,4629.0,3640.0,3982.0,4016.0,4269.0,3269.0,4160.0,3754.0,4158.0,4599.0,3839.0,3535.0,3221.0,3741.0,3780.0,3821.0,3349.0,4361.0,3024.0,2972.0,2736.0,2283.0,3246.0,3261.0,3706.0,3377.0,4514.0,4581.0,4927.0,4441.0,4053.0,4572.0,4404.0,3461.0,5080.0,4010.0,4905.0,4945.0,5116.0,4534.0,5125.0,4443.0,5375.0,5567.0,5644.0,5348.0,4587.0,6443.0
CKD (모듈형 조립 방식),CV,총합,0.0,0.0,0.0,0.0,0.0,0.0,0.0,0.0,0.0,0.0,0.0,0.0,0.0,0.0,0.0,0.0,0.0,0.0,0.0,0.0,0.0,0.0,0.0,0.0,0.0,0.0,0.0,0.0,0.0,0.0,0.0,0.0,0.0,0.0,0.0,0.0,0.0,0.0,0.0,0.0,0.0,0.0,0.0,0.0,0.0,0.0,0.0,0.0,101.0,150.0,263.0,250.0,52.0,63.0,29.0,14.0,126.0,67.0,54.0,99.0,18.0,15.0,5.0,60.0,17.0,36.0,30.0,101.0,100.0,30.0,0.0,0.0,20.0,20.0,68.0,13.0,10.0,10.0,40.0,30.0,45.0,10.0,10.0,130.0,90.0,86.0,84.0,73.0,70.0,118.0,41.0,51.0,73.0,26.0,60.0,50.0,30.0,20.0,25.0,34.0,44.0,25.0,50.0,101.0,97.0,40.0,9.0,0.0,0.0,6.0
싱가포르,IONIQ5 (NE),내수,0.0,0.0,0.0,0.0,0.0,0.0,0.0,0.0,0.0,0.0,0.0,0.0,0.0,0.0,0.0,0.0,0.0,0.0,0.0,0.0,0.0,0.0,0.0,0.0,0.0,0.0,0.0,0.0,0.0,0.0,0.0,0.0,0.0,0.0,0.0,0.0,0.0,0.0,0.0,0.0,0.0,0.0,0.0,0.0,0.0,0.0,0.0,0.0,0.0,0.0,0.0,0.0,0.0,0.0,0.0,0.0,0.0,0.0,0.0,0.0,0.0,0.0,0.0,0.0,0.0,0.0,0.0,0.0,0.0,0.0,0.0,0.0,0.0,0.0,0.0,0.0,0.0,0.0,0.0,0.0,0.0,0.0,0.0,0.0,0.0,0.0,0.0,0.0,0.0,33.0,58.0,65.0,73.0,49.0,62.0,114.0,0.0,0.0,0.0,0.0,0.0,0.0,0.0,0.0,0.0,0.0,0.0,0.0,4.0,32.0
싱가포르,IONIQ6 (CE),내수,0.0,0.0,0.0,0.0,0.0,0.0,0.0,0.0,0.0,0.0,0.0,0.0,0.0,0.0,0.0,0.0,0.0,0.0,0.0,0.0,0.0,0.0,0.0,0.0,0.0,0.0,0.0,0.0,0.0,0.0,0.0,0.0,0.0,0.0,0.0,0.0,0.0,0.0,0.0,0.0,0.0,0.0,0.0,0.0,0.0,0.0,0.0,0.0,0.0,0.0,0.0,0.0,0.0,0.0,0.0,0.0,0.0,0.0,0.0,0.0,0.0,0.0,0.0,0.0,0.0,0.0,0.0,0.0,0.0,0.0,0.0,0.0,0.0,0.0,0.0,0.0,0.0,0.0,0.0,0.0,0.0,0.0,0.0,0.0,0.0,0.0,0.0,0.0,0.0,0.0,0.0,0.0,0.0,0.0,0.0,0.0,0.0,0.0,0.0,0.0,0.0,0.0,0.0,1.0,12.0,5.0,7.0,12.0,9.0,4.0
싱가포르,IONIQ5 (NE),수출,0.0,0.0,0.0,0.0,0.0,0.0,0.0,0.0,0.0,0.0,0.0,0.0,0.0,0.0,0.0,0.0,0.0,0.0,0.0,0.0,0.0,0.0,0.0,0.0,0.0,0.0,0.0,0.0,0.0,0.0,0.0,0.0,0.0,0.0,0.0,0.0,0.0,0.0,0.0,0.0,0.0,0.0,0.0,0.0,0.0,0.0,0.0,0.0,0.0,0.0,0.0,0.0,0.0,0.0,0.0,0.0,0.0,0.0,0.0,0.0,0.0,0.0,0.0,0.0,0.0,0.0,0.0,0.0,0.0,0.0,0.0,0.0,0.0,0.0,0.0,0.0,0.0,0.0,0.0,0.0,0.0,0.0,0.0,0.0,0.0,0.0,0.0,0.0,0.0,0.0,0.0,6.0,3.0,2.0,9.0,3.0,20.0,49.0,82.0,74.0,46.0,38.0,52.0,40.0,18.0,21.0,10.0,9.0,0.0,0.0
싱가포르,IONIQ5 Robotaxi (NE R),수출,0.0,0.0,0.0,0.0,0.0,0.0,0.0,0.0,0.0,0.0,0.0,0.0,0.0,0.0,0.0,0.0,0.0,0.0,0.0,0.0,0.0,0.0,0.0,0.0,0.0,0.0,0.0,0.0,0.0,0.0,0.0,0.0,0.0,0.0,0.0,0.0,0.0,0.0,0.0,0.0,0.0,0.0,0.0,0.0,0.0,0.0,0.0,0.0,0.0,0.0,0.0,0.0,0.0,0.0,0.0,0.0,0.0,0.0,0.0,0.0,0.0,0.0,0.0,0.0,0.0,0.0,0.0,0.0,0.0,0.0,0.0,0.0,0.0,0.0,0.0,0.0,0.0,0.0,0.0,0.0,0.0,0.0,0.0,0.0,0.0,0.0,0.0,0.0,0.0,0.0,0.0,0.0,0.0,0.0,0.0,0.0,0.0,24.0,0.0,0.0,3.0,0.0,13.0,6.0,0.0,0.0,1.0,0.0,0.0,0.0
베트남,i10(AI3v 4DR),내수,0.0,0.0,0.0,0.0,0.0,0.0,0.0,0.0,0.0,0.0,0.0,0.0,0.0,0.0,0.0,0.0,0.0,0.0,0.0,0.0,0.0,0.0,0.0,0.0,0.0,0.0,0.0,0.0,0.0,0.0,0.0,0.0,0.0,0.0,0.0,0.0,0.0,0.0,0.0,0.0,0.0,0.0,0.0,0.0,0.0,0.0,0.0,0.0,0.0,0.0,0.0,0.0,0.0,0.0,0.0,0.0,0.0,0.0,0.0,0.0,0.0,0.0,0.0,0.0,0.0,0.0,533.0,182.0,418.0,306.0,242.0,120.0,242.0,0.0,340.0,529.0,206.0,0.0,124.0,0.0,0.0,118.0,0.0,303.0,198.0,51.0,74.0,30.0,179.0,0.0,134.0,99.0,92.0,90.0,91.0,72.0,30.0,120.0,118.0,2.0,0.0,142.0,32.0,45.0,60.0,50.0,3.0,30.0,91.0,0.0
베트남,i10(AI3v 5DR),내수,0.0,0.0,0.0,0.0,0.0,0.0,0.0,0.0,0.0,0.0,0.0,0.0,0.0,0.0,0.0,0.0,0.0,0.0,0.0,0.0,0.0,0.0,0.0,0.0,0.0,0.0,0.0,0.0,0.0,0.0,0.0,0.0,0.0,0.0,0.0,0.0,0.0,0.0,0.0,0.0,0.0,0.0,0.0,0.0,0.0,0.0,0.0,0.0,0.0,0.0,0.0,0.0,0.0,0.0,0.0,0.0,0.0,0.0,0.0,0.0,0.0,0.0,0.0,0.0,0.0,0.0,771.0,487.0,779.0,363.0,181.0,926.0,453.0,791.0,358.0,130.0,460.0,720.0,900.0,543.0,657.0,620.0,1306.0,1107.0,361.0,653.0,640.0,562.0,150.0,428.0,447.0,393.0,471.0,409.0,588.0,628.0,387.0,359.0,301.0,28.0,5.0,270.0,490.0,621.0,560.0,907.0,389.0,301.0,275.0,330.0
베트남,Accent (BN7v),내수,0.0,0.0,0.0,0.0,0.0,0.0,0.0,0.0,0.0,0.0,0.0,0.0,0.0,0.0,0.0,0.0,0.0,0.0,0.0,0.0,0.0,0.0,0.0,0.0,0.0,0.0,0.0,0.0,0.0,0.0,0.0,0.0,0.0,0.0,0.0,0.0,0.0,0.0,0.0,0.0,0.0,0.0,0.0,0.0,0.0,0.0,0.0,0.0,0.0,0.0,0.0,0.0,0.0,0.0,0.0,0.0,0.0,0.0,0.0,0.0,0.0,0.0,0.0,0.0,0.0,0.0,0.0,0.0,0.0,0.0,0.0,0.0,0.0,0.0,0.0,0.0,0.0,0.0,0.0,0.0,0.0,0.0,0.0,0.0,0.0,0.0,0.0,0.0,0.0,0.0,0.0,0.0,0.0,0.0,0.0,0.0,0.0,0.0,0.0,0.0,623.0,828.0,1557.0,1551.0,1539.0,1592.0,1220.0,615.0,800.0,298.0
베트남,Elantra (CN7v),내수,0.0,0.0,0.0,0.0,0.0,0.0,0.0,0.0,0.0,0.0,0.0,0.0,0.0,0.0,0.0,0.0,0.0,0.0,0.0,0.0,0.0,0.0,0.0,0.0,0.0,0.0,0.0,0.0,0.0,0.0,0.0,0.0,0.0,0.0,0.0,0.0,0.0,0.0,0.0,0.0,0.0,0.0,0.0,0.0,0.0,0.0,0.0,0.0,0.0,0.0,0.0,0.0,0.0,0.0,0.0,0.0,0.0,0.0,0.0,0.0,0.0,0.0,0.0,0.0,0.0,0.0,0.0,0.0,0.0,0.0,0.0,0.0,0.0,0.0,0.0,0.0,0.0,0.0,0.0,0.0,0.0,895.0,817.0,79.0,57.0,147.0,297.0,290.0,332.0,53.0,172.0,222.0,157.0,211.0,175.0,45.0,151.0,90.0,87.0,130.0,255.0,223.0,123.0,41.0,227.0,115.0,66.0,65.0,119.0,61.0
베트남,Venue (QXv),내수,0.0,0.0,0.0,0.0,0.0,0.0,0.0,0.0,0.0,0.0,0.0,0.0,0.0,0.0,0.0,0.0,0.0,0.0,0.0,0.0,0.0,0.0,0.0,0.0,0.0,0.0,0.0,0.0,0.0,0.0,0.0,0.0,0.0,0.0,0.0,0.0,0.0,0.0,0.0,0.0,0.0,0.0,0.0,0.0,0.0,0.0,0.0,0.0,0.0,0.0,0.0,0.0,0.0,0.0,0.0,0.0,0.0,0.0,0.0,0.0,0.0,0.0,0.0,0.0,0.0,0.0,0.0,0.0,0.0,0.0,0.0,0.0,0.0,0.0,0.0,0.0,0.0,0.0,0.0,0.0,0.0,0.0,0.0,0.0,0.0,0.0,0.0,0.0,0.0,0.0,0.0,0.0,0.0,0.0,0.0,0.0,60.0,4.0,316.0,508.0,698.0,189.0,62.0,40.0,360.0,350.0,290.0,287.0,299.0,374.0
베트남,Creta (SU2v),내수,0.0,0.0,0.0,0.0,0.0,0.0,0.0,0.0,0.0,0.0,0.0,0.0,0.0,0.0,0.0,0.0,0.0,0.0,0.0,0.0,0.0,0.0,0.0,0.0,0.0,0.0,0.0,0.0,0.0,0.0,0.0,0.0,0.0,0.0,0.0,0.0,0.0,0.0,0.0,0.0,0.0,0.0,0.0,0.0,0.0,0.0,0.0,0.0,0.0,0.0,0.0,0.0,0.0,0.0,0.0,0.0,0.0,0.0,0.0,0.0,0.0,0.0,0.0,0.0,0.0,0.0,0.0,0.0,0.0,0.0,0.0,0.0,0.0,0.0,0.0,0.0,0.0,0.0,0.0,0.0,0.0,0.0,0.0,0.0,0.0,0.0,0.0,0.0,567.0,1148.0,654.0,464.0,230.0,724.0,803.0,454.0,388.0,316.0,821.0,570.0,660.0,563.0,684.0,694.0,663.0,958.0,988.0,444.0,812.0,788.0
베트남,Tuscon (NX4v),내수,0.0,0.0,0.0,0.0,0.0,0.0,0.0,0.0,0.0,0.0,0.0,0.0,0.0,0.0,0.0,0.0,0.0,0.0,0.0,0.0,0.0,0.0,0.0,0.0,0.0,0.0,0.0,0.0,0.0,0.0,0.0,0.0,0.0,0.0,0.0,0.0,0.0,0.0,0.0,0.0,0.0,0.0,0.0,0.0,0.0,0.0,0.0,0.0,0.0,0.0,0.0,0.0,0.0,0.0,0.0,0.0,0.0,0.0,0.0,0.0,0.0,0.0,0.0,0.0,0.0,0.0,0.0,0.0,0.0,0.0,0.0,1041.0,450.0,360.0,455.0,594.0,595.0,668.0,658.0,1049.0,692.0,688.0,423.0,417.0,296.0,763.0,954.0,470.0,675.0,32.0,109.0,40.0,88.0,610.0,616.0,391.0,174.0,153.0,325.0,458.0,535.0,380.0,439.0,500.0,248.0,904.0,1182.0,634.0,673.0,460.0
베트남,Santa Fe (TM),내수,0.0,0.0,0.0,0.0,0.0,0.0,0.0,0.0,0.0,0.0,0.0,0.0,0.0,0.0,0.0,0.0,0.0,0.0,0.0,0.0,0.0,0.0,0.0,0.0,0.0,0.0,0.0,0.0,0.0,0.0,0.0,141.0,383.0,713.0,906.0,843.0,369.0,243.0,443.0,779.0,927.0,724.0,900.0,764.0,892.0,779.0,805.0,862.0,1124.0,756.0,745.0,21.0,740.0,1057.0,1063.0,965.0,795.0,1026.0,1136.0,1267.0,832.0,697.0,910.0,292.0,1438.0,1591.0,1031.0,1250.0,933.0,807.0,873.0,1013.0,903.0,1019.0,930.0,675.0,466.0,743.0,1268.0,791.0,1005.0,983.0,878.0,906.0,1058.0,528.0,413.0,259.0,295.0,22.0,222.0,419.0,330.0,520.0,451.0,179.0,57.0,394.0,448.0,349.0,840.0,615.0,416.0,593.0,13.0,2.0,0.0,0.0,0.0,0.0
베트남,Santa Fe HEV (TMv HEV),내수,0.0,0.0,0.0,0.0,0.0,0.0,0.0,0.0,0.0,0.0,0.0,0.0,0.0,0.0,0.0,0.0,0.0,0.0,0.0,0.0,0.0,0.0,0.0,0.0,0.0,0.0,0.0,0.0,0.0,0.0,0.0,0.0,0.0,0.0,0.0,0.0,0.0,0.0,0.0,0.0,0.0,0.0,0.0,0.0,0.0,0.0,0.0,0.0,0.0,0.0,0.0,0.0,0.0,0.0,0.0,0.0,0.0,0.0,0.0,0.0,0.0,0.0,0.0,0.0,0.0,0.0,0.0,0.0,0.0,0.0,0.0,0.0,0.0,0.0,0.0,0.0,0.0,0.0,0.0,0.0,0.0,0.0,0.0,0.0,0.0,0.0,0.0,0.0,0.0,0.0,0.0,63.0,11.0,7.0,12.0,10.0,30.0,0.0,5.0,30.0,0.0,0.0,0.0,0.0,90.0,24.0,1.0,0.0,0.0,0.0
베트남,Palisade (LX2v),내수,0.0,0.0,0.0,0.0,0.0,0.0,0.0,0.0,0.0,0.0,0.0,0.0,0.0,0.0,0.0,0.0,0.0,0.0,0.0,0.0,0.0,0.0,0.0,0.0,0.0,0.0,0.0,0.0,0.0,0.0,0.0,0.0,0.0,0.0,0.0,0.0,0.0,0.0,0.0,0.0,0.0,0.0,0.0,0.0,0.0,0.0,0.0,0.0,0.0,0.0,0.0,0.0,0.0,0.0,0.0,0.0,0.0,0.0,0.0,0.0,0.0,0.0,0.0,0.0,0.0,0.0,0.0,0.0,0.0,0.0,0.0,0.0,0.0,0.0,0.0,0.0,0.0,0.0,0.0,0.0,0.0,0.0,0.0,0.0,0.0,0.0,0.0,0.0,0.0,0.0,0.0,0.0,30.0,147.0,139.0,245.0,186.0,208.0,96.0,120.0,270.0,93.0,91.0,51.0,150.0,284.0,76.0,74.0,88.0,59.0
베트남,Kusto (KUv),내수,0.0,0.0,0.0,0.0,0.0,0.0,0.0,0.0,0.0,0.0,0.0,0.0,0.0,0.0,0.0,0.0,0.0,0.0,0.0,0.0,0.0,0.0,0.0,0.0,0.0,0.0,0.0,0.0,0.0,0.0,0.0,0.0,0.0,0.0,0.0,0.0,0.0,0.0,0.0,0.0,0.0,0.0,0.0,0.0,0.0,0.0,0.0,0.0,0.0,0.0,0.0,0.0,0.0,0.0,0.0,0.0,0.0,0.0,0.0,0.0,0.0,0.0,0.0,0.0,0.0,0.0,0.0,0.0,0.0,0.0,0.0,0.0,0.0,0.0,0.0,0.0,0.0,0.0,0.0,0.0,0.0,0.0,0.0,0.0,0.0,0.0,0.0,0.0,0.0,0.0,0.0,0.0,163.0,368.0,604.0,666.0,422.0,207.0,89.0,152.0,410.0,147.0,121.0,126.0,411.0,246.0,88.0,7.0,187.0,103.0
베트남,IONIQ5 (NEv),내수,0.0,0.0,0.0,0.0,0.0,0.0,0.0,0.0,0.0,0.0,0.0,0.0,0.0,0.0,0.0,0.0,0.0,0.0,0.0,0.0,0.0,0.0,0.0,0.0,0.0,0.0,0.0,0.0,0.0,0.0,0.0,0.0,0.0,0.0,0.0,0.0,0.0,0.0,0.0,0.0,0.0,0.0,0.0,0.0,0.0,0.0,0.0,0.0,0.0,0.0,0.0,0.0,0.0,0.0,0.0,0.0,0.0,0.0,0.0,0.0,0.0,0.0,0.0,0.0,0.0,0.0,0.0,0.0,0.0,0.0,0.0,0.0,0.0,0.0,0.0,0.0,0.0,0.0,0.0,0.0,0.0,0.0,0.0,0.0,0.0,0.0,0.0,0.0,0.0,0.0,0.0,28.0,30.0,0.0,1.0,1.0,30.0,0.0,0.0,0.0,0.0,29.0,0.0,0.0,1.0,0.0,0.0,0.0,0.0,0.0
베트남,Porter (HR),내수,0.0,0.0,0.0,0.0,0.0,0.0,0.0,0.0,0.0,0.0,0.0,0.0,0.0,0.0,0.0,0.0,0.0,0.0,0.0,0.0,0.0,0.0,0.0,0.0,0.0,0.0,371.0,346.0,639.0,579.0,190.0,285.0,276.0,333.0,80.0,70.0,80.0,80.0,0.0,0.0,1.0,1.0,385.0,402.0,452.0,300.0,200.0,240.0,90.0,160.0,260.0,90.0,281.0,170.0,112.0,287.0,257.0,227.0,407.0,300.0,210.0,115.0,245.0,150.0,298.0,241.0,235.0,275.0,257.0,374.0,240.0,380.0,307.0,183.0,390.0,300.0,300.0,270.0,300.0,450.0,360.0,384.0,305.0,301.0,360.0,90.0,450.0,346.0,208.0,191.0,406.0,213.0,286.0,264.0,186.0,60.0,268.0,181.0,297.0,70.0,447.0,193.0,339.0,0.0,342.0,268.0,62.0,291.0,395.0,325.0
베트남,Mighty (LT),내수,0.0,0.0,0.0,0.0,0.0,0.0,0.0,0.0,0.0,0.0,0.0,0.0,0.0,0.0,0.0,0.0,0.0,0.0,0.0,0.0,0.0,0.0,0.0,0.0,0.0,0.0,0.0,89.0,330.0,576.0,43.0,340.0,207.0,31.0,90.0,3.0,1.0,0.0,0.0,0.0,39.0,9.0,101.0,301.0,330.0,300.0,295.0,215.0,179.0,0.0,1.0,0.0,0.0,0.0,0.0,0.0,0.0,82.0,163.0,175.0,144.0,95.0,151.0,209.0,179.0,267.0,93.0,179.0,239.0,94.0,150.0,210.0,180.0,270.0,152.0,330.0,233.0,125.0,150.0,186.0,264.0,239.0,181.0,300.0,80.0,130.0,209.0,121.0,60.0,60.0,60.0,90.0,90.0,121.0,120.0,31.0,157.0,113.0,150.0,240.0,90.0,153.0,71.0,198.0,93.0,119.0,210.0,1.0,129.0,261.0
베트남,Mighty (VT),내수,0.0,0.0,0.0,0.0,0.0,0.0,0.0,0.0,0.0,0.0,0.0,0.0,0.0,0.0,0.0,0.0,0.0,0.0,0.0,0.0,0.0,0.0,0.0,0.0,0.0,0.0,0.0,0.0,0.0,0.0,0.0,450.0,269.0,661.0,379.0,547.0,201.0,0.0,1.0,0.0,4.0,0.0,0.0,0.0,3.0,0.0,0.0,11.0,0.0,131.0,59.0,31.0,98.0,33.0,25.0,31.0,29.0,102.0,134.0,65.0,30.0,150.0,89.0,91.0,29.0,60.0,176.0,100.0,142.0,209.0,246.0,0.0,210.0,120.0,180.0,210.0,212.0,298.0,329.0,302.0,270.0,240.0,210.0,0.0,240.0,300.0,120.0,0.0,150.0,149.0,88.0,118.0,247.0,85.0,32.0,150.0,180.0,12.0,168.0,266.0,154.0,240.0,153.0,156.0,278.0,228.0,0.0,66.0,120.0,512.0
베트남,Mighty (QT),내수,0.0,0.0,0.0,0.0,0.0,0.0,0.0,0.0,0.0,0.0,0.0,0.0,0.0,0.0,0.0,0.0,0.0,0.0,0.0,0.0,0.0,0.0,0.0,0.0,0.0,0.0,0.0,0.0,0.0,0.0,0.0,0.0,0.0,0.0,0.0,0.0,0.0,0.0,0.0,0.0,0.0,0.0,0.0,0.0,0.0,0.0,0.0,0.0,0.0,0.0,31.0,0.0,59.0,60.0,0.0,0.0,61.0,30.0,0.0,0.0,31.0,39.0,46.0,65.0,41.0,108.0,30.0,120.0,0.0,180.0,121.0,0.0,162.0,18.0,90.0,60.0,60.0,150.0,60.0,31.0,0.0,30.0,0.0,0.0,90.0,0.0,30.0,0.0,0.0,0.0,0.0,0.0,0.0,29.0,0.0,0.0,30.0,30.0,0.0,0.0,30.0,60.0,0.0,90.0,0.0,61.0,0.0,0.0,0.0,0.0
베트남,Mighty (QTc),내수,0.0,0.0,0.0,0.0,0.0,0.0,0.0,0.0,0.0,0.0,0.0,0.0,0.0,0.0,0.0,0.0,0.0,0.0,0.0,0.0,0.0,0.0,0.0,0.0,0.0,0.0,0.0,0.0,0.0,0.0,0.0,0.0,0.0,0.0,0.0,0.0,0.0,0.0,0.0,0.0,0.0,0.0,0.0,0.0,0.0,0.0,0.0,0.0,0.0,0.0,0.0,0.0,0.0,102.0,30.0,68.0,179.0,123.0,136.0,237.0,19.0,169.0,109.0,123.0,147.0,60.0,207.0,180.0,30.0,152.0,113.0,10.0,180.0,90.0,60.0,60.0,90.0,60.0,90.0,59.0,1.0,60.0,60.0,0.0,59.0,1.0,60.0,0.0,0.0,0.0,0.0,0.0,0.0,0.0,0.0,0.0,0.0,0.0,30.0,21.0,39.0,30.0,0.0,28.0,2.0,0.0,0.0,0.0,0.0,0.0
베트남,County (CSv),내수,0.0,0.0,0.0,0.0,0.0,0.0,0.0,0.0,0.0,0.0,0.0,0.0,0.0,0.0,0.0,0.0,0.0,0.0,0.0,0.0,0.0,0.0,0.0,0.0,0.0,0.0,0.0,0.0,0.0,0.0,0.0,0.0,0.0,0.0,0.0,0.0,0.0,0.0,0.0,0.0,0.0,0.0,0.0,0.0,0.0,0.0,0.0,0.0,0.0,0.0,0.0,0.0,0.0,0.0,0.0,0.0,0.0,0.0,0.0,0.0,0.0,0.0,0.0,0.0,0.0,0.0,0.0,0.0,0.0,0.0,0.0,0.0,0.0,0.0,0.0,0.0,0.0,0.0,0.0,0.0,0.0,0.0,0.0,0.0,0.0,0.0,0.0,0.0,0.0,0.0,0.0,0.0,0.0,0.0,0.0,0.0,0.0,0.0,0.0,0.0,0.0,0.0,0.0,0.0,0.0,0.0,0.0,0.0,66.0,0.0
베트남,Solati (Euv),내수,0.0,0.0,0.0,0.0,0.0,0.0,0.0,0.0,0.0,0.0,0.0,0.0,0.0,0.0,0.0,0.0,0.0,0.0,0.0,0.0,0.0,0.0,0.0,0.0,0.0,0.0,0.0,0.0,0.0,0.0,0.0,0.0,0.0,0.0,0.0,0.0,0.0,0.0,0.0,0.0,0.0,0.0,0.0,0.0,0.0,0.0,0.0,0.0,0.0,0.0,0.0,0.0,0.0,0.0,0.0,0.0,0.0,0.0,0.0,0.0,0.0,0.0,0.0,0.0,0.0,0.0,0.0,0.0,0.0,0.0,0.0,0.0,0.0,0.0,0.0,0.0,0.0,0.0,0.0,0.0,0.0,0.0,0.0,0.0,0.0,0.0,0.0,0.0,0.0,0.0,0.0,0.0,0.0,0.0,0.0,0.0,0.0,0.0,0.0,0.0,0.0,0.0,0.0,0.0,0.0,0.0,0.0,0.0,257.0,227.0
베트남,Santa Fe (MX5v),내수,0.0,0.0,0.0,0.0,0.0,0.0,0.0,0.0,0.0,0.0,0.0,0.0,0.0,0.0,0.0,0.0,0.0,0.0,0.0,0.0,0.0,0.0,0.0,0.0,0.0,0.0,0.0,0.0,0.0,0.0,0.0,0.0,0.0,0.0,0.0,0.0,0.0,0.0,0.0,0.0,0.0,0.0,0.0,0.0,0.0,0.0,0.0,0.0,0.0,0.0,0.0,0.0,0.0,0.0,0.0,0.0,0.0,0.0,0.0,0.0,0.0,0.0,0.0,0.0,0.0,0.0,0.0,0.0,0.0,0.0,0.0,0.0,0.0,0.0,0.0,0.0,0.0,0.0,0.0,0.0,0.0,0.0,0.0,0.0,0.0,0.0,0.0,0.0,0.0,0.0,0.0,0.0,0.0,0.0,0.0,0.0,0.0,0.0,0.0,0.0,0.0,0.0,0.0,0.0,584.0,630.0,1053.0,418.0,731.0,505.0
베트남,Mighty (LTv),수출,0.0,0.0,0.0,0.0,0.0,0.0,0.0,0.0,0.0,0.0,0.0,0.0,0.0,0.0,0.0,0.0,0.0,0.0,0.0,0.0,0.0,0.0,0.0,0.0,0.0,0.0,0.0,0.0,0.0,0.0,0.0,0.0,0.0,0.0,0.0,0.0,0.0,0.0,0.0,0.0,0.0,0.0,0.0,0.0,0.0,0.0,0.0,0.0,0.0,0.0,0.0,0.0,0.0,0.0,0.0,0.0,0.0,0.0,0.0,0.0,0.0,0.0,0.0,0.0,0.0,0.0,0.0,0.0,0.0,0.0,0.0,0.0,0.0,0.0,0.0,0.0,0.0,0.0,0.0,0.0,0.0,0.0,0.0,0.0,0.0,0.0,0.0,0.0,0.0,0.0,0.0,0.0,0.0,0.0,0.0,0.0,60.0,30.0,0.0,60.0,60.0,0.0,0.0,30.0,60.0,20.0,10.0,60.0,0.0,0.0
베트남,Truck,수출,0.0,0.0,0.0,0.0,0.0,0.0,0.0,0.0,0.0,0.0,0.0,0.0,0.0,0.0,0.0,0.0,0.0,0.0,0.0,0.0,0.0,0.0,0.0,0.0,0.0,0.0,0.0,0.0,0.0,0.0,0.0,0.0,0.0,0.0,0.0,0.0,0.0,0.0,0.0,0.0,0.0,0.0,0.0,0.0,0.0,0.0,0.0,0.0,0.0,0.0,0.0,0.0,0.0,0.0,0.0,0.0,0.0,0.0,0.0,0.0,0.0,0.0,0.0,0.0,0.0,0.0,0.0,0.0,0.0,0.0,0.0,0.0,0.0,0.0,0.0,0.0,0.0,0.0,0.0,0.0,0.0,0.0,0.0,0.0,0.0,0.0,0.0,0.0,0.0,0.0,0.0,0.0,0.0,0.0,0.0,0.0,222.0,129.0,160.0,197.0,324.0,254.0,158.0,323.0,135.0,344.0,278.0,90.0,0.0,0.0
베트남,Santa Fe (MX5v),수출,0.0,0.0,0.0,0.0,0.0,0.0,0.0,0.0,0.0,0.0,0.0,0.0,0.0,0.0,0.0,0.0,0.0,0.0,0.0,0.0,0.0,0.0,0.0,0.0,0.0,0.0,0.0,0.0,0.0,0.0,0.0,0.0,0.0,0.0,0.0,0.0,0.0,0.0,0.0,0.0,0.0,0.0,0.0,0.0,0.0,0.0,0.0,0.0,0.0,0.0,0.0,0.0,0.0,0.0,0.0,0.0,0.0,0.0,0.0,0.0,0.0,0.0,0.0,0.0,0.0,0.0,0.0,0.0,0.0,0.0,0.0,0.0,0.0,0.0,0.0,0.0,0.0,0.0,0.0,0.0,0.0,0.0,0.0,0.0,0.0,0.0,0.0,0.0,0.0,0.0,0.0,0.0,0.0,0.0,0.0,0.0,0.0,0.0,0.0,0.0,0.0,0.0,0.0,0.0,0.0,0.0,0.0,0.0,1.0,0.0
베트남,Palisade (LX2v),수출,0.0,0.0,0.0,0.0,0.0,0.0,0.0,0.0,0.0,0.0,0.0,0.0,0.0,0.0,0.0,0.0,0.0,0.0,0.0,0.0,0.0,0.0,0.0,0.0,0.0,0.0,0.0,0.0,0.0,0.0,0.0,0.0,0.0,0.0,0.0,0.0,0.0,0.0,0.0,0.0,0.0,0.0,0.0,0.0,0.0,0.0,0.0,0.0,0.0,0.0,0.0,0.0,0.0,0.0,0.0,0.0,0.0,0.0,0.0,0.0,0.0,0.0,0.0,0.0,0.0,0.0,0.0,0.0,0.0,0.0,0.0,0.0,0.0,0.0,0.0,0.0,0.0,0.0,0.0,0.0,0.0,0.0,0.0,0.0,0.0,0.0,0.0,0.0,0.0,0.0,0.0,0.0,0.0,0.0,0.0,0.0,0.0,0.0,0.0,0.0,0.0,0.0,0.0,0.0,0.0,0.0,0.0,0.0,78.0,34.0
베트남,Solati (Euv),수출,0.0,0.0,0.0,0.0,0.0,0.0,0.0,0.0,0.0,0.0,0.0,0.0,0.0,0.0,0.0,0.0,0.0,0.0,0.0,0.0,0.0,0.0,0.0,0.0,0.0,0.0,0.0,0.0,0.0,0.0,0.0,0.0,0.0,0.0,0.0,0.0,0.0,0.0,0.0,0.0,0.0,0.0,0.0,0.0,0.0,0.0,0.0,0.0,0.0,0.0,0.0,0.0,0.0,0.0,0.0,0.0,0.0,0.0,0.0,0.0,0.0,0.0,0.0,0.0,0.0,0.0,0.0,0.0,0.0,0.0,0.0,0.0,0.0,0.0,0.0,0.0,0.0,0.0,0.0,0.0,0.0,0.0,0.0,0.0,0.0,0.0,0.0,0.0,0.0,0.0,0.0,0.0,0.0,0.0,0.0,0.0,0.0,0.0,0.0,0.0,0.0,0.0,0.0,0.0,0.0,0.0,0.0,0.0,24.0,20.0
